Customer_ID,Customer_Name,City,State,Country
CUST0001,Vihaan Sharma,Washington,DC,India
CUST0002,Pooja Kumar,Fort Worth,TX,United States
CUST0003,Sneha Singh,Austin,TX,United States
CUST0004,Vihaan Reddy,Charlotte,NC,India
CUST0005,Aditya Kapoor,San Antonio,TX,Canada
CUST0006,Karan Sharma,Los Angeles,CA,United States
CUST0007,Aarav Verma,Chicago,IL,Australia
CUST0008,Rohit Kumar,Denver,CO,India
CUST0009,Aman Kapoor,Washington,DC,United States
CUST0010,Aarav Reddy,Houston,TX,United States
CUST0011,Rohit Reddy,Jacksonville,FL,Australia
CUST0012,Karan Kumar,Charlotte,NC,Australia
CUST0013,Simran Kapoor,New York,NY,United States
CUST0014,Pooja Sharma,Seattle,WA,United States
CUST0015,Mohit Mehta,Indianapolis,IN,United States
CUST0016,Anjali Gupta,Jacksonville,FL,United States
CUST0017,Arjun Kumar,Philadelphia,PA,United States
CUST0018,Anjali Verma,Seattle,WA,United States
CUST0019,Aditya Mehta,Phoenix,AZ,United States
CUST0020,Vihaan Patel,San Diego,CA,United States
CUST0021,Vikas Kapoor,Fort Worth,TX,United States
CUST0022,Pooja Sharma,Chicago,IL,Australia
CUST0023,Simran Reddy,Phoenix,AZ,Canada
CUST0024,Vihaan Mehta,Dallas,TX,United States
CUST0025,Aditya Reddy,Jacksonville,FL,United States
CUST0026,Priya Kapoor,Columbus,OH,Canada
CUST0027,Vikas Kapoor,San Francisco,CA,United States
CUST0028,Rohit Verma,San Antonio,TX,United Kingdom
CUST0029,Vivaan Kumar,Denver,CO,United States
CUST0030,Priya Verma,Phoenix,AZ,United States
CUST0031,Sneha Verma,Charlotte,NC,United Kingdom
CUST0032,Sunita Gupta,Houston,TX,India
CUST0033,Simran Patel,Washington,DC,United States
CUST0034,Mohit Patel,Austin,TX,United States
CUST0035,Vikas Kumar,Fort Worth,TX,United States
CUST0036,Pooja Verma,Columbus,OH,United Kingdom
CUST0037,Kabir Singh,Phoenix,AZ,United States
CUST0038,Sahil Kumar,Fort Worth,TX,United States
CUST0039,Mohit Joshi,San Antonio,TX,United Kingdom
CUST0040,Sunita Gupta,Jacksonville,FL,United States
CUST0041,Sahil Kumar,Chicago,IL,United States
CUST0042,Anjali Sharma,San Antonio,TX,United States
CUST0043,Sneha Sharma,San Diego,CA,India
CUST0044,Anjali Mehta,San Antonio,TX,United States
CUST0045,Pooja Verma,Houston,TX,United States
CUST0046,Rohit Kapoor,New York,NY,United States
CUST0047,Anjali Kumar,Austin,TX,United States
CUST0048,Neha Mehta,San Diego,CA,Australia
CUST0049,Simran Singh,San Antonio,TX,Australia
CUST0050,Pooja Singh,San Jose,CA,India
CUST0051,Sneha Reddy,San Jose,CA,Australia
CUST0052,Sahil Gupta,Columbus,OH,United States
CUST0053,Ritika Mehta,Seattle,WA,United States
CUST0054,Ritika Mehta,Charlotte,NC,India
CUST0055,Vikas Kumar,Chicago,IL,United States
CUST0056,Arjun Reddy,Chicago,IL,United States
CUST0057,Neha Verma,San Jose,CA,United States
CUST0058,Vivaan Verma,San Diego,CA,Canada
CUST0059,Arjun Singh,Dallas,TX,United States
CUST0060,Karan Kapoor,Jacksonville,FL,India
CUST0061,Aditya Mehta,Austin,TX,India
CUST0062,Sunita Kapoor,Charlotte,NC,Canada
CUST0063,Simran Reddy,Fort Worth,TX,United States
CUST0064,Pooja Reddy,Chicago,IL,United States
CUST0065,Aarav Verma,Los Angeles,CA,India
CUST0066,Sahil Gupta,Indianapolis,IN,United States
CUST0067,Anjali Verma,Charlotte,NC,India
CUST0068,Priya Mehta,Indianapolis,IN,United States
CUST0069,Mohit Joshi,Columbus,OH,United States
CUST0070,Aarav Gupta,Denver,CO,United States
CUST0071,Aman Singh,San Jose,CA,United States
CUST0072,Aman Verma,Jacksonville,FL,United States
CUST0073,Priya Reddy,Dallas,TX,United States
CUST0074,Kabir Kumar,Indianapolis,IN,United States
CUST0075,Arjun Patel,Houston,TX,United States
CUST0076,Mohit Reddy,Philadelphia,PA,Canada
CUST0077,Aman Sharma,San Jose,CA,United States
CUST0078,Kabir Patel,Dallas,TX,United States
CUST0079,Neha Sharma,Chicago,IL,Australia
CUST0080,Vihaan Patel,San Francisco,CA,India
CUST0081,Priya Kumar,Austin,TX,India
CUST0082,Vivaan Kumar,Chicago,IL,United States
CUST0083,Ritika Verma,Austin,TX,United States
CUST0084,Aditya Joshi,Fort Worth,TX,United States
CUST0085,Aditya Reddy,Austin,TX,United States
CUST0086,Arjun Singh,Houston,TX,United States
CUST0087,Neha Reddy,Los Angeles,CA,United States
CUST0088,Mohit Gupta,Philadelphia,PA,Canada
CUST0089,Aman Kapoor,Denver,CO,United States
CUST0090,Karan Kumar,Fort Worth,TX,United States
CUST0091,Sahil Kumar,Denver,CO,United States
CUST0092,Priya Mehta,Dallas,TX,United States
CUST0093,Vikas Joshi,San Francisco,CA,United States
CUST0094,Aman Joshi,Dallas,TX,United States
CUST0095,Vihaan Kumar,Chicago,IL,United States
CUST0096,Sneha Verma,Charlotte,NC,United States
CUST0097,Anjali Sharma,Fort Worth,TX,United States
CUST0098,Ritika Reddy,San Francisco,CA,United States
CUST0099,Sneha Kapoor,Chicago,IL,United States
CUST0100,Sneha Sharma,Phoenix,AZ,India
CUST0101,Aditya Sharma,Philadelphia,PA,United States
CUST0102,Sneha Verma,New York,NY,United States
CUST0103,Vivaan Patel,San Diego,CA,United States
CUST0104,Aditya Reddy,Indianapolis,IN,United States
CUST0105,Sneha Gupta,Austin,TX,United States
CUST0106,Neha Kumar,Austin,TX,United States
CUST0107,Sahil Singh,Indianapolis,IN,United States
CUST0108,Ritika Kapoor,Los Angeles,CA,United States
CUST0109,Neha Kumar,Dallas,TX,United States
CUST0110,Neha Mehta,Phoenix,AZ,India
CUST0111,Rohit Verma,San Antonio,TX,United States
CUST0112,Vihaan Mehta,San Francisco,CA,United States
CUST0113,Vikas Mehta,Austin,TX,United States
CUST0114,Karan Joshi,San Antonio,TX,United States
CUST0115,Vivaan Verma,Los Angeles,CA,United States
CUST0116,Vivaan Mehta,Los Angeles,CA,United States
CUST0117,Anjali Verma,Fort Worth,TX,United States
CUST0118,Sneha Kumar,Denver,CO,United States
CUST0119,Rohit Reddy,Philadelphia,PA,United States
CUST0120,Simran Singh,San Francisco,CA,United States
CUST0121,Karan Singh,Columbus,OH,United States
CUST0122,Pooja Joshi,Austin,TX,Canada
CUST0123,Sneha Verma,San Francisco,CA,United States
CUST0124,Simran Reddy,San Jose,CA,United States
CUST0125,Vihaan Sharma,Houston,TX,United Kingdom
CUST0126,Sahil Sharma,Houston,TX,United States
CUST0127,Aditya Kumar,Charlotte,NC,United States
CUST0128,Mohit Mehta,Denver,CO,United States
CUST0129,Neha Joshi,Dallas,TX,United States
CUST0130,Rohit Mehta,Houston,TX,United States
CUST0131,Vivaan Singh,Los Angeles,CA,United States
CUST0132,Sunita Sharma,Charlotte,NC,Australia
CUST0133,Sunita Gupta,Seattle,WA,United States
CUST0134,Simran Gupta,San Diego,CA,United States
CUST0135,Karan Reddy,Los Angeles,CA,India
CUST0136,Neha Singh,Washington,DC,United Kingdom
CUST0137,Rohit Gupta,Philadelphia,PA,United States
CUST0138,Rohit Sharma,Jacksonville,FL,India
CUST0139,Ritika Reddy,Fort Worth,TX,United States
CUST0140,Vivaan Patel,Columbus,OH,United States
CUST0141,Vivaan Sharma,Seattle,WA,United States
CUST0142,Ritika Joshi,San Antonio,TX,United States
CUST0143,Aman Reddy,Houston,TX,United States
CUST0144,Mohit Sharma,Philadelphia,PA,United States
CUST0145,Aman Verma,New York,NY,United Kingdom
CUST0146,Mohit Verma,Washington,DC,India
CUST0147,Kabir Verma,San Francisco,CA,India
CUST0148,Sneha Mehta,Chicago,IL,United States
CUST0149,Vihaan Kapoor,Chicago,IL,United States
CUST0150,Sneha Kapoor,Columbus,OH,United States
CUST0151,Kabir Sharma,Austin,TX,United Kingdom
CUST0152,Kabir Verma,New York,NY,United Kingdom
CUST0153,Karan Kapoor,Columbus,OH,United States
CUST0154,Ritika Reddy,Phoenix,AZ,United Kingdom
CUST0155,Anjali Gupta,Philadelphia,PA,United States
CUST0156,Rohit Patel,Seattle,WA,United States
CUST0157,Sneha Gupta,Phoenix,AZ,United Kingdom
CUST0158,Sunita Singh,Houston,TX,Canada
CUST0159,Priya Joshi,Austin,TX,United States
CUST0160,Anjali Verma,Chicago,IL,United States
CUST0161,Aarav Joshi,Seattle,WA,United States
CUST0162,Kabir Kapoor,San Antonio,TX,United States
CUST0163,Vihaan Verma,San Antonio,TX,United States
CUST0164,Sahil Kumar,Dallas,TX,United States
CUST0165,Aman Gupta,Philadelphia,PA,United States
CUST0166,Arjun Patel,San Francisco,CA,United States
CUST0167,Aditya Kumar,Jacksonville,FL,United States
CUST0168,Vikas Gupta,Austin,TX,United States
CUST0169,Mohit Joshi,Dallas,TX,Canada
CUST0170,Sahil Gupta,Jacksonville,FL,Canada
CUST0171,Kabir Reddy,Denver,CO,United States
CUST0172,Aarav Reddy,Austin,TX,United States
CUST0173,Priya Verma,New York,NY,United States
CUST0174,Arjun Gupta,San Jose,CA,United States
CUST0175,Vihaan Verma,Los Angeles,CA,United States
CUST0176,Sahil Singh,Denver,CO,United Kingdom
CUST0177,Pooja Gupta,Chicago,IL,United States
CUST0178,Kabir Kumar,Charlotte,NC,India
CUST0179,Anjali Kumar,Los Angeles,CA,United States
CUST0180,Pooja Reddy,Jacksonville,FL,United States
CUST0181,Neha Gupta,Dallas,TX,United States
CUST0182,Vivaan Verma,New York,NY,United States
CUST0183,Karan Gupta,Houston,TX,Australia
CUST0184,Vivaan Sharma,Fort Worth,TX,United States
CUST0185,Anjali Singh,Chicago,IL,United States
CUST0186,Pooja Singh,Phoenix,AZ,United States
CUST0187,Simran Reddy,San Diego,CA,Canada
CUST0188,Karan Reddy,Philadelphia,PA,United States
CUST0189,Aarav Verma,Charlotte,NC,United States
CUST0190,Aditya Singh,Phoenix,AZ,United States
CUST0191,Sahil Sharma,San Diego,CA,United States
CUST0192,Vikas Kapoor,San Antonio,TX,Canada
CUST0193,Karan Singh,San Jose,CA,United States
CUST0194,Vivaan Gupta,Washington,DC,United States
CUST0195,Vikas Sharma,San Diego,CA,United States
CUST0196,Vikas Kumar,Houston,TX,United States
CUST0197,Vikas Reddy,San Jose,CA,Canada
CUST0198,Karan Kapoor,Dallas,TX,United States
CUST0199,Arjun Kumar,Dallas,TX,India
CUST0200,Mohit Singh,Dallas,TX,United States
CUST0201,Karan Sharma,Denver,CO,Canada
CUST0202,Mohit Patel,Fort Worth,TX,India
CUST0203,Karan Kumar,Columbus,OH,Australia
CUST0204,Pooja Singh,Columbus,OH,United States
CUST0205,Vihaan Mehta,Chicago,IL,India
CUST0206,Vivaan Joshi,Phoenix,AZ,India
CUST0207,Sneha Kumar,San Jose,CA,United Kingdom
CUST0208,Simran Patel,Los Angeles,CA,India
CUST0209,Priya Kumar,New York,NY,United Kingdom
CUST0210,Sneha Sharma,Washington,DC,United States
CUST0211,Rohit Mehta,Columbus,OH,India
CUST0212,Anjali Gupta,Fort Worth,TX,United States
CUST0213,Aditya Gupta,Fort Worth,TX,Canada
CUST0214,Vikas Reddy,Jacksonville,FL,United States
CUST0215,Sunita Reddy,Denver,CO,United States
CUST0216,Anjali Sharma,Houston,TX,India
CUST0217,Vihaan Gupta,San Diego,CA,India
CUST0218,Mohit Kapoor,Dallas,TX,United States
CUST0219,Pooja Sharma,Charlotte,NC,United States
CUST0220,Vihaan Kapoor,San Diego,CA,United States
CUST0221,Karan Patel,Austin,TX,United States
CUST0222,Anjali Mehta,San Antonio,TX,India
CUST0223,Kabir Reddy,Phoenix,AZ,United States
CUST0224,Ritika Kumar,Washington,DC,United States
CUST0225,Pooja Sharma,Chicago,IL,India
CUST0226,Karan Sharma,Denver,CO,United Kingdom
CUST0227,Aman Reddy,Denver,CO,United States
CUST0228,Rohit Patel,Denver,CO,United States
CUST0229,Karan Verma,Jacksonville,FL,United States
CUST0230,Anjali Kapoor,Chicago,IL,United States
CUST0231,Priya Reddy,Denver,CO,United States
CUST0232,Priya Mehta,Chicago,IL,United States
CUST0233,Anjali Mehta,Los Angeles,CA,India
CUST0234,Priya Reddy,Indianapolis,IN,United States
CUST0235,Arjun Kumar,Los Angeles,CA,United States
CUST0236,Karan Mehta,Fort Worth,TX,India
CUST0237,Mohit Kapoor,New York,NY,Australia
CUST0238,Ritika Gupta,Seattle,WA,Canada
CUST0239,Sunita Reddy,San Antonio,TX,United States
CUST0240,Aarav Gupta,Columbus,OH,United States
CUST0241,Priya Kumar,Seattle,WA,India
CUST0242,Karan Kapoor,Seattle,WA,India
CUST0243,Kabir Patel,Phoenix,AZ,United States
CUST0244,Simran Joshi,San Francisco,CA,United States
CUST0245,Simran Kumar,Charlotte,NC,United States
CUST0246,Aman Joshi,Philadelphia,PA,United States
CUST0247,Mohit Verma,Chicago,IL,United States
CUST0248,Priya Reddy,Washington,DC,United States
CUST0249,Kabir Patel,Austin,TX,Canada
CUST0250,Aditya Kumar,Chicago,IL,India
CUST0251,Priya Kumar,Dallas,TX,United States
CUST0252,Rohit Singh,Washington,DC,India
CUST0253,Aarav Sharma,Charlotte,NC,United States
CUST0254,Sneha Joshi,San Jose,CA,India
CUST0255,Kabir Verma,San Francisco,CA,United States
CUST0256,Simran Mehta,Phoenix,AZ,United States
CUST0257,Ritika Kumar,Houston,TX,United States
CUST0258,Sunita Joshi,Philadelphia,PA,United States
CUST0259,Sunita Kumar,Phoenix,AZ,India
CUST0260,Arjun Sharma,Fort Worth,TX,United States
CUST0261,Vihaan Mehta,Columbus,OH,United States
CUST0262,Sneha Singh,Seattle,WA,United States
CUST0263,Aman Joshi,Jacksonville,FL,United States
CUST0264,Vivaan Reddy,San Antonio,TX,Australia
CUST0265,Sneha Verma,Jacksonville,FL,United States
CUST0266,Simran Singh,Houston,TX,United States
CUST0267,Simran Reddy,Seattle,WA,United States
CUST0268,Sahil Kapoor,Columbus,OH,India
CUST0269,Anjali Joshi,Philadelphia,PA,United States
CUST0270,Kabir Reddy,Washington,DC,India
CUST0271,Karan Reddy,Los Angeles,CA,United States
CUST0272,Simran Singh,Phoenix,AZ,United States
CUST0273,Neha Joshi,Columbus,OH,United States
CUST0274,Pooja Kumar,Philadelphia,PA,United States
CUST0275,Pooja Reddy,Dallas,TX,India
CUST0276,Neha Kumar,Fort Worth,TX,Canada
CUST0277,Pooja Joshi,San Francisco,CA,India
CUST0278,Aditya Gupta,Indianapolis,IN,India
CUST0279,Sneha Gupta,Chicago,IL,United Kingdom
CUST0280,Anjali Patel,San Jose,CA,United States
CUST0281,Sahil Verma,San Diego,CA,Canada
CUST0282,Arjun Singh,Chicago,IL,United States
CUST0283,Sneha Mehta,Washington,DC,United States
CUST0284,Arjun Kumar,Dallas,TX,United States
CUST0285,Aditya Mehta,Jacksonville,FL,United States
CUST0286,Karan Patel,Washington,DC,United States
CUST0287,Sahil Joshi,Columbus,OH,United States
CUST0288,Karan Sharma,Columbus,OH,United States
CUST0289,Rohit Mehta,New York,NY,India
CUST0290,Sunita Kapoor,Denver,CO,India
CUST0291,Aarav Kapoor,Philadelphia,PA,Canada
CUST0292,Sunita Joshi,San Diego,CA,United States
CUST0293,Aarav Patel,San Diego,CA,United States
CUST0294,Priya Mehta,Columbus,OH,United States
CUST0295,Karan Reddy,New York,NY,India
CUST0296,Sahil Kapoor,Charlotte,NC,United States
CUST0297,Sneha Joshi,New York,NY,United States
CUST0298,Sneha Gupta,Washington,DC,United States
CUST0299,Karan Joshi,Chicago,IL,United States
CUST0300,Aarav Mehta,Chicago,IL,United States
CUST0301,Anjali Mehta,Charlotte,NC,United Kingdom
CUST0302,Mohit Joshi,New York,NY,Australia
CUST0303,Arjun Kapoor,New York,NY,United States
CUST0304,Sahil Sharma,Denver,CO,United States
CUST0305,Sunita Kapoor,Houston,TX,United States
CUST0306,Ritika Sharma,San Jose,CA,United States
CUST0307,Aditya Mehta,Denver,CO,United States
CUST0308,Arjun Joshi,Washington,DC,India
CUST0309,Mohit Sharma,Indianapolis,IN,India
CUST0310,Pooja Mehta,Los Angeles,CA,India
CUST0311,Anjali Kumar,Indianapolis,IN,United States
CUST0312,Simran Patel,Fort Worth,TX,United States
CUST0313,Anjali Mehta,Phoenix,AZ,United States
CUST0314,Pooja Mehta,Austin,TX,United States
CUST0315,Pooja Verma,Dallas,TX,United States
CUST0316,Neha Sharma,San Francisco,CA,United States
CUST0317,Sahil Sharma,Columbus,OH,United States
CUST0318,Vikas Kumar,Seattle,WA,United States
CUST0319,Aditya Sharma,Charlotte,NC,United States
CUST0320,Aarav Kumar,Columbus,OH,United States
CUST0321,Rohit Sharma,San Jose,CA,United States
CUST0322,Kabir Singh,Indianapolis,IN,United States
CUST0323,Sneha Singh,San Antonio,TX,United States
CUST0324,Neha Verma,Dallas,TX,India
CUST0325,Ritika Kumar,Chicago,IL,India
CUST0326,Simran Gupta,Columbus,OH,United States
CUST0327,Vikas Singh,Chicago,IL,United States
CUST0328,Kabir Kapoor,Philadelphia,PA,United States
CUST0329,Vihaan Singh,Indianapolis,IN,United States
CUST0330,Priya Verma,Indianapolis,IN,United States
CUST0331,Ritika Sharma,Indianapolis,IN,India
CUST0332,Priya Kapoor,San Francisco,CA,United States
CUST0333,Sunita Mehta,Houston,TX,United States
CUST0334,Rohit Verma,Fort Worth,TX,United States
CUST0335,Ritika Kumar,Denver,CO,United States
CUST0336,Vihaan Gupta,New York,NY,United States
CUST0337,Kabir Verma,Phoenix,AZ,United States
CUST0338,Ritika Sharma,Chicago,IL,United States
CUST0339,Vikas Reddy,Indianapolis,IN,United States
CUST0340,Karan Patel,Seattle,WA,United States
CUST0341,Aditya Reddy,Philadelphia,PA,Australia
CUST0342,Anjali Sharma,San Jose,CA,United States
CUST0343,Karan Joshi,Philadelphia,PA,United States
CUST0344,Vikas Joshi,Denver,CO,India
CUST0345,Arjun Mehta,Fort Worth,TX,United States
CUST0346,Mohit Reddy,Chicago,IL,United States
CUST0347,Pooja Kapoor,San Jose,CA,United Kingdom
CUST0348,Sahil Joshi,Dallas,TX,United States
CUST0349,Simran Mehta,San Francisco,CA,India
CUST0350,Ritika Gupta,Indianapolis,IN,United States
CUST0351,Anjali Kumar,New York,NY,United Kingdom
CUST0352,Aditya Gupta,New York,NY,United States
CUST0353,Simran Kumar,San Diego,CA,United States
CUST0354,Simran Kapoor,Washington,DC,United States
CUST0355,Kabir Mehta,Phoenix,AZ,United States
CUST0356,Neha Patel,San Francisco,CA,Australia
CUST0357,Mohit Joshi,San Jose,CA,Canada
CUST0358,Rohit Patel,Phoenix,AZ,United States
CUST0359,Pooja Patel,Fort Worth,TX,India
CUST0360,Pooja Kapoor,Los Angeles,CA,United Kingdom
CUST0361,Pooja Reddy,Phoenix,AZ,United States
CUST0362,Aarav Reddy,Columbus,OH,United States
CUST0363,Rohit Verma,Washington,DC,United States
CUST0364,Sneha Mehta,Dallas,TX,United States
CUST0365,Neha Reddy,Jacksonville,FL,United States
CUST0366,Sneha Joshi,Austin,TX,United States
CUST0367,Neha Joshi,Los Angeles,CA,United States
CUST0368,Aarav Verma,San Francisco,CA,India
CUST0369,Priya Kumar,Washington,DC,United States
CUST0370,Sunita Kumar,San Diego,CA,United States
CUST0371,Priya Kapoor,San Diego,CA,United States
CUST0372,Vikas Joshi,Jacksonville,FL,India
CUST0373,Sahil Reddy,San Francisco,CA,United Kingdom
CUST0374,Vikas Mehta,Houston,TX,India
CUST0375,Sahil Patel,Phoenix,AZ,United States
CUST0376,Vikas Joshi,Charlotte,NC,United States
CUST0377,Pooja Gupta,Phoenix,AZ,India
CUST0378,Pooja Kumar,Philadelphia,PA,India
CUST0379,Vihaan Kumar,Washington,DC,Australia
CUST0380,Anjali Verma,Washington,DC,India
CUST0381,Sahil Singh,Seattle,WA,Canada
CUST0382,Rohit Kumar,San Diego,CA,United States
CUST0383,Neha Gupta,Chicago,IL,United States
CUST0384,Ritika Reddy,Charlotte,NC,India
CUST0385,Kabir Gupta,Denver,CO,United States
CUST0386,Vihaan Kumar,Charlotte,NC,United Kingdom
CUST0387,Priya Kumar,Indianapolis,IN,United States
CUST0388,Vikas Singh,Philadelphia,PA,India
CUST0389,Priya Sharma,Chicago,IL,India
CUST0390,Sahil Singh,Fort Worth,TX,United States
CUST0391,Pooja Sharma,Indianapolis,IN,United States
CUST0392,Vivaan Reddy,Houston,TX,India
CUST0393,Priya Singh,Los Angeles,CA,Canada
CUST0394,Neha Verma,Philadelphia,PA,United States
CUST0395,Aarav Kapoor,Washington,DC,United States
CUST0396,Priya Joshi,San Antonio,TX,United Kingdom
CUST0397,Neha Joshi,Seattle,WA,Australia
CUST0398,Anjali Singh,Houston,TX,India
CUST0399,Vivaan Gupta,Los Angeles,CA,India
CUST0400,Neha Verma,Denver,CO,United States
CUST0401,Aditya Mehta,San Francisco,CA,United States
CUST0402,Neha Verma,Austin,TX,United States
CUST0403,Arjun Singh,Charlotte,NC,India
CUST0404,Ritika Gupta,Houston,TX,United States
CUST0405,Aditya Kumar,San Antonio,TX,United States
CUST0406,Vihaan Reddy,Jacksonville,FL,India
CUST0407,Karan Kapoor,Seattle,WA,United States
CUST0408,Kabir Kapoor,Washington,DC,India
CUST0409,Sneha Reddy,San Francisco,CA,United States
CUST0410,Simran Gupta,Washington,DC,United States
CUST0411,Ritika Mehta,San Diego,CA,United States
CUST0412,Priya Kapoor,Denver,CO,United States
CUST0413,Kabir Sharma,Dallas,TX,United States
CUST0414,Kabir Verma,San Antonio,TX,United States
CUST0415,Rohit Kumar,Austin,TX,United States
CUST0416,Pooja Verma,Los Angeles,CA,United Kingdom
CUST0417,Mohit Kumar,San Francisco,CA,India
CUST0418,Aditya Singh,Denver,CO,United States
CUST0419,Aarav Mehta,Fort Worth,TX,United States
CUST0420,Simran Kapoor,San Francisco,CA,United States
CUST0421,Neha Gupta,Washington,DC,United States
CUST0422,Vivaan Kumar,San Jose,CA,United States
CUST0423,Priya Gupta,Columbus,OH,Australia
CUST0424,Simran Verma,Los Angeles,CA,United States
CUST0425,Sneha Gupta,San Jose,CA,United States
CUST0426,Karan Verma,Austin,TX,United States
CUST0427,Sahil Kumar,Indianapolis,IN,United Kingdom
CUST0428,Arjun Gupta,Phoenix,AZ,United Kingdom
CUST0429,Arjun Verma,Phoenix,AZ,United States
CUST0430,Vivaan Singh,Phoenix,AZ,United States
CUST0431,Priya Kapoor,Columbus,OH,United States
CUST0432,Ritika Gupta,Columbus,OH,United States
CUST0433,Simran Verma,Philadelphia,PA,United States
CUST0434,Simran Gupta,San Jose,CA,United Kingdom
CUST0435,Sunita Gupta,San Diego,CA,United States
CUST0436,Aman Reddy,Chicago,IL,Canada
CUST0437,Neha Joshi,New York,NY,United States
CUST0438,Aditya Kapoor,Phoenix,AZ,United States
CUST0439,Vivaan Mehta,Houston,TX,India
CUST0440,Anjali Kapoor,Fort Worth,TX,India
CUST0441,Pooja Sharma,Fort Worth,TX,United Kingdom
CUST0442,Ritika Kapoor,Denver,CO,United States
CUST0443,Aarav Gupta,Fort Worth,TX,United States
CUST0444,Ritika Sharma,Charlotte,NC,United States
CUST0445,Mohit Joshi,Fort Worth,TX,India
CUST0446,Aman Joshi,Fort Worth,TX,Australia
CUST0447,Pooja Singh,Indianapolis,IN,United States
CUST0448,Ritika Mehta,Indianapolis,IN,United States
CUST0449,Neha Verma,San Antonio,TX,United States
CUST0450,Neha Patel,San Diego,CA,India
CUST0451,Karan Patel,San Antonio,TX,Canada
CUST0452,Anjali Verma,Columbus,OH,United States
CUST0453,Mohit Patel,Indianapolis,IN,United States
CUST0454,Karan Joshi,Seattle,WA,United States
CUST0455,Priya Mehta,Washington,DC,India
CUST0456,Sahil Sharma,Seattle,WA,India
CUST0457,Simran Verma,Fort Worth,TX,United States
CUST0458,Anjali Gupta,Chicago,IL,United States
CUST0459,Anjali Verma,Los Angeles,CA,United States
CUST0460,Sunita Reddy,Austin,TX,United States
CUST0461,Aarav Reddy,San Francisco,CA,Australia
CUST0462,Simran Mehta,Los Angeles,CA,United Kingdom
CUST0463,Vivaan Kumar,Seattle,WA,United States
CUST0464,Aman Patel,Denver,CO,India
CUST0465,Kabir Joshi,Denver,CO,United States
CUST0466,Simran Sharma,Fort Worth,TX,United Kingdom
CUST0467,Rohit Gupta,Chicago,IL,United States
CUST0468,Sahil Singh,San Antonio,TX,United States
CUST0469,Priya Joshi,Philadelphia,PA,United States
CUST0470,Neha Verma,San Francisco,CA,India
CUST0471,Aarav Kapoor,Jacksonville,FL,Canada
CUST0472,Sneha Singh,Charlotte,NC,United States
CUST0473,Priya Reddy,San Francisco,CA,United States
CUST0474,Aarav Reddy,San Francisco,CA,United States
CUST0475,Karan Verma,San Antonio,TX,United Kingdom
CUST0476,Simran Verma,Washington,DC,United States
CUST0477,Arjun Joshi,Chicago,IL,United States
CUST0478,Priya Reddy,Columbus,OH,United States
CUST0479,Pooja Mehta,Philadelphia,PA,Australia
CUST0480,Neha Joshi,Chicago,IL,United States
CUST0481,Sneha Joshi,Washington,DC,United States
CUST0482,Sahil Singh,Seattle,WA,United States
CUST0483,Sunita Kumar,Indianapolis,IN,United States
CUST0484,Kabir Reddy,Houston,TX,India
CUST0485,Arjun Verma,Denver,CO,United States
CUST0486,Pooja Mehta,Charlotte,NC,United States
CUST0487,Anjali Reddy,Jacksonville,FL,United States
CUST0488,Pooja Sharma,Washington,DC,United States
CUST0489,Priya Gupta,New York,NY,India
CUST0490,Ritika Kapoor,New York,NY,United States
CUST0491,Neha Singh,Dallas,TX,United States
CUST0492,Simran Reddy,Washington,DC,United States
CUST0493,Neha Patel,Seattle,WA,Australia
CUST0494,Anjali Reddy,Austin,TX,United States
CUST0495,Sahil Mehta,New York,NY,India
CUST0496,Simran Patel,Austin,TX,United States
CUST0497,Rohit Kumar,Houston,TX,United States
CUST0498,Ritika Mehta,San Jose,CA,United States
CUST0499,Sneha Mehta,San Antonio,TX,Australia
CUST0500,Vivaan Patel,Los Angeles,CA,United States
CUST0501,Neha Mehta,Fort Worth,TX,United States
CUST0502,Sunita Singh,Los Angeles,CA,United States
CUST0503,Neha Sharma,Columbus,OH,United States
CUST0504,Arjun Reddy,Washington,DC,United States
CUST0505,Ritika Patel,Columbus,OH,India
CUST0506,Vihaan Joshi,Philadelphia,PA,United States
CUST0507,Simran Sharma,Columbus,OH,United States
CUST0508,Arjun Mehta,Jacksonville,FL,United States
CUST0509,Arjun Verma,Chicago,IL,Canada
CUST0510,Neha Gupta,Seattle,WA,India
CUST0511,Anjali Kapoor,San Francisco,CA,United States
CUST0512,Sunita Verma,Phoenix,AZ,United States
CUST0513,Anjali Reddy,San Diego,CA,Australia
CUST0514,Sunita Patel,Fort Worth,TX,United States
CUST0515,Neha Reddy,Fort Worth,TX,United States
CUST0516,Vivaan Kapoor,Indianapolis,IN,Canada
CUST0517,Priya Kumar,San Jose,CA,United States
CUST0518,Aditya Mehta,San Antonio,TX,United States
CUST0519,Vihaan Verma,Jacksonville,FL,United States
CUST0520,Simran Singh,Jacksonville,FL,United States
CUST0521,Priya Sharma,Denver,CO,India
CUST0522,Vivaan Patel,New York,NY,United States
CUST0523,Vivaan Gupta,San Jose,CA,United States
CUST0524,Vikas Patel,Jacksonville,FL,United States
CUST0525,Karan Singh,Los Angeles,CA,Canada
CUST0526,Sneha Reddy,Chicago,IL,Canada
CUST0527,Karan Kapoor,Washington,DC,United States
CUST0528,Mohit Singh,Phoenix,AZ,United States
CUST0529,Mohit Verma,Los Angeles,CA,Canada
CUST0530,Kabir Mehta,New York,NY,United States
CUST0531,Kabir Kumar,Austin,TX,United States
CUST0532,Neha Kapoor,Chicago,IL,India
CUST0533,Arjun Kumar,Jacksonville,FL,United States
CUST0534,Simran Gupta,New York,NY,India
CUST0535,Simran Gupta,Austin,TX,United States
CUST0536,Aarav Joshi,San Francisco,CA,United States
CUST0537,Mohit Verma,Phoenix,AZ,United States
CUST0538,Simran Patel,Chicago,IL,Australia
CUST0539,Ritika Gupta,Phoenix,AZ,India
CUST0540,Karan Gupta,Columbus,OH,United States
CUST0541,Simran Gupta,Jacksonville,FL,United States
CUST0542,Rohit Mehta,Charlotte,NC,United States
CUST0543,Neha Verma,San Diego,CA,United Kingdom
CUST0544,Ritika Patel,Columbus,OH,Canada
CUST0545,Ritika Gupta,San Jose,CA,United States
CUST0546,Priya Sharma,Los Angeles,CA,India
CUST0547,Sunita Gupta,New York,NY,United States
CUST0548,Aarav Kapoor,Los Angeles,CA,United States
CUST0549,Vivaan Kapoor,Jacksonville,FL,India
CUST0550,Neha Gupta,Houston,TX,India
CUST0551,Vikas Kumar,San Antonio,TX,United States
CUST0552,Rohit Kapoor,Philadelphia,PA,United States
CUST0553,Pooja Singh,San Francisco,CA,United States
CUST0554,Vihaan Sharma,Fort Worth,TX,United States
CUST0555,Priya Joshi,New York,NY,United States
CUST0556,Vivaan Kapoor,San Jose,CA,India
CUST0557,Vikas Singh,Jacksonville,FL,United States
CUST0558,Aditya Gupta,Philadelphia,PA,United States
CUST0559,Anjali Mehta,Dallas,TX,United States
CUST0560,Mohit Kumar,Houston,TX,United States
CUST0561,Arjun Reddy,Phoenix,AZ,India
CUST0562,Vikas Reddy,San Diego,CA,United States
CUST0563,Aman Gupta,San Jose,CA,United Kingdom
CUST0564,Mohit Gupta,San Diego,CA,India
CUST0565,Neha Gupta,Phoenix,AZ,United States
CUST0566,Anjali Verma,San Diego,CA,India
CUST0567,Simran Verma,San Francisco,CA,Australia
CUST0568,Arjun Kumar,Jacksonville,FL,Canada
CUST0569,Sunita Reddy,Indianapolis,IN,United States
CUST0570,Vikas Verma,Austin,TX,United States
CUST0571,Sunita Sharma,Fort Worth,TX,United States
CUST0572,Pooja Reddy,Fort Worth,TX,United States
CUST0573,Vihaan Joshi,Denver,CO,United States
CUST0574,Vikas Gupta,Denver,CO,India
CUST0575,Ritika Mehta,Seattle,WA,India
CUST0576,Vikas Verma,San Antonio,TX,India
CUST0577,Sneha Joshi,Denver,CO,United States
CUST0578,Aarav Kapoor,Jacksonville,FL,United States
CUST0579,Sahil Patel,Denver,CO,United States
CUST0580,Kabir Kumar,San Diego,CA,United States
CUST0581,Aditya Joshi,San Jose,CA,India
CUST0582,Priya Mehta,Jacksonville,FL,United States
CUST0583,Vihaan Singh,Washington,DC,India
CUST0584,Vivaan Sharma,San Jose,CA,United States
CUST0585,Priya Joshi,Houston,TX,United Kingdom
CUST0586,Vihaan Verma,Philadelphia,PA,United States
CUST0587,Sneha Reddy,Washington,DC,United States
CUST0588,Arjun Mehta,Washington,DC,United Kingdom
CUST0589,Simran Patel,Seattle,WA,United States
CUST0590,Sahil Mehta,Washington,DC,United Kingdom
CUST0591,Ritika Singh,Denver,CO,India
CUST0592,Karan Verma,San Antonio,TX,Australia
CUST0593,Neha Kapoor,Philadelphia,PA,United States
CUST0594,Karan Gupta,Austin,TX,United States
CUST0595,Rohit Joshi,Seattle,WA,United States
CUST0596,Simran Kumar,San Jose,CA,United States
CUST0597,Vikas Verma,San Francisco,CA,United States
CUST0598,Vikas Reddy,Seattle,WA,India
CUST0599,Vikas Sharma,Denver,CO,United States
CUST0600,Sunita Gupta,San Francisco,CA,United Kingdom
CUST0601,Rohit Verma,Houston,TX,United States
CUST0602,Simran Verma,San Jose,CA,India
CUST0603,Rohit Kapoor,San Jose,CA,United States
CUST0604,Aarav Sharma,Chicago,IL,United States
CUST0605,Anjali Kumar,Columbus,OH,United States
CUST0606,Arjun Kapoor,Austin,TX,United States
CUST0607,Rohit Verma,Philadelphia,PA,United States
CUST0608,Sahil Kumar,New York,NY,United States
CUST0609,Ritika Kumar,Phoenix,AZ,United States
CUST0610,Sneha Patel,Washington,DC,India
CUST0611,Arjun Kapoor,San Antonio,TX,United States
CUST0612,Aarav Gupta,Jacksonville,FL,United States
CUST0613,Arjun Singh,San Francisco,CA,Canada
CUST0614,Sahil Gupta,Charlotte,NC,United States
CUST0615,Mohit Verma,Seattle,WA,United States
CUST0616,Aarav Singh,Phoenix,AZ,India
CUST0617,Aarav Patel,Indianapolis,IN,United States
CUST0618,Anjali Sharma,San Jose,CA,India
CUST0619,Mohit Gupta,Washington,DC,United States
CUST0620,Vivaan Singh,New York,NY,United States
CUST0621,Vihaan Verma,Columbus,OH,United States
CUST0622,Neha Joshi,San Antonio,TX,United States
CUST0623,Vikas Reddy,Columbus,OH,Australia
CUST0624,Ritika Verma,San Jose,CA,United States
CUST0625,Simran Reddy,San Diego,CA,United States
CUST0626,Sneha Kapoor,Washington,DC,India
CUST0627,Vivaan Reddy,Washington,DC,United States
CUST0628,Priya Joshi,San Jose,CA,India
CUST0629,Aarav Sharma,San Antonio,TX,Australia
CUST0630,Neha Mehta,Seattle,WA,United Kingdom
CUST0631,Karan Verma,Houston,TX,United States
CUST0632,Neha Joshi,Indianapolis,IN,India
CUST0633,Aditya Verma,San Diego,CA,India
CUST0634,Anjali Kapoor,Dallas,TX,United States
CUST0635,Arjun Verma,Columbus,OH,United States
CUST0636,Arjun Gupta,Fort Worth,TX,United States
CUST0637,Kabir Kapoor,Dallas,TX,India
CUST0638,Sahil Patel,San Antonio,TX,United States
CUST0639,Sunita Kapoor,Chicago,IL,United States
CUST0640,Aman Gupta,Chicago,IL,Australia
CUST0641,Simran Reddy,Seattle,WA,India
CUST0642,Kabir Mehta,Fort Worth,TX,Canada
CUST0643,Vihaan Verma,Phoenix,AZ,United States
CUST0644,Sahil Kumar,Philadelphia,PA,United States
CUST0645,Karan Joshi,Jacksonville,FL,United States
CUST0646,Sneha Mehta,Columbus,OH,United States
CUST0647,Anjali Joshi,Dallas,TX,India
CUST0648,Sunita Mehta,Chicago,IL,United Kingdom
CUST0649,Vihaan Patel,Houston,TX,United States
CUST0650,Karan Patel,San Diego,CA,Australia
CUST0651,Pooja Patel,Austin,TX,United States
CUST0652,Arjun Joshi,Austin,TX,United States
CUST0653,Aditya Verma,Jacksonville,FL,Canada
CUST0654,Aditya Verma,Houston,TX,Australia
CUST0655,Vikas Singh,New York,NY,United States
CUST0656,Sahil Sharma,Jacksonville,FL,India
CUST0657,Ritika Reddy,Austin,TX,United States
CUST0658,Sahil Patel,Charlotte,NC,United States
CUST0659,Vihaan Mehta,Indianapolis,IN,United Kingdom
CUST0660,Vikas Mehta,San Diego,CA,United States
CUST0661,Vivaan Gupta,New York,NY,India
CUST0662,Kabir Gupta,Philadelphia,PA,India
CUST0663,Vikas Verma,Dallas,TX,United States
CUST0664,Ritika Reddy,Chicago,IL,India
CUST0665,Rohit Singh,Denver,CO,United States
CUST0666,Vihaan Patel,San Antonio,TX,United States
CUST0667,Sahil Patel,Jacksonville,FL,India
CUST0668,Vihaan Gupta,Jacksonville,FL,United States
CUST0669,Ritika Kumar,Fort Worth,TX,United States
CUST0670,Karan Reddy,San Francisco,CA,United States
CUST0671,Sahil Sharma,Chicago,IL,United States
CUST0672,Kabir Gupta,Jacksonville,FL,United States
CUST0673,Aarav Singh,Dallas,TX,United States
CUST0674,Anjali Patel,Austin,TX,United States
CUST0675,Aarav Singh,Jacksonville,FL,Canada
CUST0676,Arjun Kapoor,Los Angeles,CA,United States
CUST0677,Sunita Verma,Columbus,OH,United States
CUST0678,Arjun Sharma,Chicago,IL,United States
CUST0679,Aditya Reddy,San Francisco,CA,United Kingdom
CUST0680,Rohit Mehta,Fort Worth,TX,United States
CUST0681,Karan Joshi,Los Angeles,CA,United States
CUST0682,Anjali Singh,Dallas,TX,United States
CUST0683,Vivaan Singh,Seattle,WA,United Kingdom
CUST0684,Mohit Kapoor,Seattle,WA,United States
CUST0685,Vivaan Verma,San Jose,CA,United States
CUST0686,Pooja Joshi,Fort Worth,TX,Australia
CUST0687,Kabir Joshi,Houston,TX,United States
CUST0688,Karan Gupta,Indianapolis,IN,United States
CUST0689,Rohit Reddy,Los Angeles,CA,United States
CUST0690,Vihaan Patel,Charlotte,NC,India
CUST0691,Karan Verma,Denver,CO,United States
CUST0692,Priya Kapoor,Dallas,TX,India
CUST0693,Neha Reddy,Washington,DC,Australia
CUST0694,Priya Sharma,Philadelphia,PA,United States
CUST0695,Sneha Mehta,San Diego,CA,United States
CUST0696,Kabir Sharma,San Francisco,CA,India
CUST0697,Aarav Kumar,Denver,CO,United States
CUST0698,Priya Kumar,Philadelphia,PA,India
CUST0699,Arjun Gupta,Phoenix,AZ,United States
CUST0700,Priya Patel,Denver,CO,United States
CUST0701,Vihaan Sharma,Indianapolis,IN,India
CUST0702,Neha Mehta,Jacksonville,FL,United Kingdom
CUST0703,Mohit Singh,Washington,DC,United States
CUST0704,Sunita Reddy,Washington,DC,United States
CUST0705,Sneha Reddy,Chicago,IL,United States
CUST0706,Aditya Mehta,Charlotte,NC,Canada
CUST0707,Vivaan Mehta,New York,NY,India
CUST0708,Aarav Joshi,Houston,TX,United States
CUST0709,Aditya Patel,Chicago,IL,Australia
CUST0710,Ritika Mehta,New York,NY,United States
CUST0711,Ritika Mehta,Houston,TX,United States
CUST0712,Vihaan Mehta,San Antonio,TX,United States
CUST0713,Aarav Patel,Houston,TX,India
CUST0714,Mohit Kapoor,Jacksonville,FL,United States
CUST0715,Simran Patel,San Francisco,CA,Canada
CUST0716,Aditya Mehta,Dallas,TX,United States
CUST0717,Vihaan Kumar,Phoenix,AZ,United Kingdom
CUST0718,Sunita Reddy,Dallas,TX,United States
CUST0719,Aditya Mehta,Washington,DC,India
CUST0720,Priya Patel,Chicago,IL,United States
CUST0721,Sneha Patel,Fort Worth,TX,United States
CUST0722,Mohit Verma,Columbus,OH,India
CUST0723,Aman Verma,Columbus,OH,United States
CUST0724,Aman Reddy,Washington,DC,United States
CUST0725,Rohit Patel,San Jose,CA,Australia
CUST0726,Vikas Singh,Washington,DC,United States
CUST0727,Sneha Verma,Chicago,IL,United States
CUST0728,Arjun Gupta,Austin,TX,United States
CUST0729,Rohit Singh,New York,NY,United States
CUST0730,Kabir Singh,Austin,TX,United States
CUST0731,Aditya Singh,Columbus,OH,United States
CUST0732,Neha Joshi,Indianapolis,IN,United States
CUST0733,Ritika Kapoor,Columbus,OH,India
CUST0734,Simran Kapoor,San Antonio,TX,United States
CUST0735,Kabir Patel,Indianapolis,IN,Canada
CUST0736,Anjali Singh,Phoenix,AZ,Australia
CUST0737,Simran Verma,San Antonio,TX,India
CUST0738,Priya Gupta,Chicago,IL,United States
CUST0739,Ritika Sharma,Fort Worth,TX,United States
CUST0740,Vikas Reddy,Dallas,TX,United Kingdom
CUST0741,Aditya Gupta,Chicago,IL,United States
CUST0742,Simran Joshi,San Antonio,TX,United States
CUST0743,Vivaan Sharma,Chicago,IL,India
CUST0744,Vikas Gupta,Chicago,IL,India
CUST0745,Aditya Verma,Dallas,TX,United States
CUST0746,Kabir Kapoor,Los Angeles,CA,India
CUST0747,Aman Mehta,Houston,TX,India
CUST0748,Simran Kapoor,Charlotte,NC,United States
CUST0749,Sahil Sharma,Jacksonville,FL,United States
CUST0750,Rohit Patel,San Antonio,TX,United States
CUST0751,Kabir Joshi,Austin,TX,Canada
CUST0752,Aman Singh,Philadelphia,PA,United States
CUST0753,Vivaan Joshi,San Diego,CA,India
CUST0754,Vihaan Patel,Jacksonville,FL,India
CUST0755,Mohit Sharma,New York,NY,United States
CUST0756,Sneha Joshi,San Diego,CA,India
CUST0757,Simran Reddy,Jacksonville,FL,United States
CUST0758,Aman Kapoor,Los Angeles,CA,United States
CUST0759,Vikas Gupta,Dallas,TX,India
CUST0760,Sunita Mehta,Chicago,IL,United States
CUST0761,Anjali Kapoor,Los Angeles,CA,United States
CUST0762,Vivaan Patel,Philadelphia,PA,India
CUST0763,Aditya Patel,Chicago,IL,India
CUST0764,Vihaan Reddy,Houston,TX,United States
CUST0765,Pooja Kapoor,Dallas,TX,India
CUST0766,Aditya Kapoor,Austin,TX,United States
CUST0767,Arjun Patel,Denver,CO,India
CUST0768,Priya Mehta,Austin,TX,United States
CUST0769,Arjun Kapoor,Seattle,WA,India
CUST0770,Aditya Gupta,Seattle,WA,India
CUST0771,Sahil Mehta,Columbus,OH,United States
CUST0772,Anjali Singh,Washington,DC,United Kingdom
CUST0773,Aman Verma,Phoenix,AZ,India
CUST0774,Karan Reddy,Columbus,OH,United Kingdom
CUST0775,Vikas Sharma,Los Angeles,CA,United States
CUST0776,Vikas Gupta,Phoenix,AZ,United States
CUST0777,Mohit Kumar,Philadelphia,PA,India
CUST0778,Anjali Joshi,San Jose,CA,United States
CUST0779,Rohit Kumar,Austin,TX,Australia
CUST0780,Arjun Singh,San Jose,CA,United States
CUST0781,Vihaan Reddy,Phoenix,AZ,India
CUST0782,Sahil Reddy,Fort Worth,TX,United States
CUST0783,Vivaan Patel,Washington,DC,United States
CUST0784,Kabir Mehta,San Jose,CA,United States
CUST0785,Arjun Singh,San Antonio,TX,United States
CUST0786,Mohit Kapoor,San Antonio,TX,United States
CUST0787,Mohit Joshi,Dallas,TX,United States
CUST0788,Vivaan Mehta,Philadelphia,PA,United States
CUST0789,Simran Kapoor,San Diego,CA,United States
CUST0790,Priya Joshi,Columbus,OH,United States
CUST0791,Sneha Reddy,Indianapolis,IN,United States
CUST0792,Neha Kumar,Houston,TX,United States
CUST0793,Vikas Kapoor,San Diego,CA,Canada
CUST0794,Simran Joshi,San Diego,CA,United States
CUST0795,Priya Mehta,San Diego,CA,United States
CUST0796,Aman Reddy,Columbus,OH,United States
CUST0797,Karan Singh,Dallas,TX,Canada
CUST0798,Rohit Kapoor,Phoenix,AZ,United States
CUST0799,Arjun Gupta,San Jose,CA,India
CUST0800,Vivaan Joshi,San Diego,CA,Canada
CUST0801,Vikas Reddy,Dallas,TX,United States
CUST0802,Vihaan Reddy,New York,NY,United States
CUST0803,Vihaan Gupta,Chicago,IL,India
CUST0804,Aditya Singh,San Francisco,CA,United States
CUST0805,Pooja Joshi,Washington,DC,India
CUST0806,Aman Singh,Washington,DC,Canada
CUST0807,Karan Verma,San Jose,CA,United States
CUST0808,Sneha Joshi,Charlotte,NC,United States
CUST0809,Vikas Sharma,Fort Worth,TX,United States
CUST0810,Karan Sharma,San Jose,CA,United States
CUST0811,Sunita Reddy,Seattle,WA,United States
CUST0812,Vikas Kumar,Philadelphia,PA,United Kingdom
CUST0813,Sunita Verma,San Diego,CA,United States
CUST0814,Aarav Patel,Washington,DC,United States
CUST0815,Vihaan Patel,San Jose,CA,United States
CUST0816,Neha Singh,Los Angeles,CA,United States
CUST0817,Neha Joshi,San Antonio,TX,Canada
CUST0818,Kabir Sharma,Dallas,TX,United Kingdom
CUST0819,Aditya Sharma,San Francisco,CA,United States
CUST0820,Pooja Kumar,Austin,TX,United Kingdom
CUST0821,Arjun Reddy,San Antonio,TX,India
CUST0822,Kabir Reddy,San Jose,CA,United States
CUST0823,Priya Kumar,Seattle,WA,Australia
CUST0824,Priya Verma,San Jose,CA,United States
CUST0825,Vivaan Kumar,Fort Worth,TX,United States
CUST0826,Vihaan Joshi,Columbus,OH,United States
CUST0827,Kabir Reddy,Jacksonville,FL,United States
CUST0828,Aarav Reddy,Chicago,IL,United States
CUST0829,Arjun Gupta,Chicago,IL,United States
CUST0830,Karan Sharma,Denver,CO,United States
CUST0831,Kabir Patel,New York,NY,India
CUST0832,Sneha Kapoor,Jacksonville,FL,Australia
CUST0833,Karan Singh,Denver,CO,India
CUST0834,Aditya Reddy,Charlotte,NC,United States
CUST0835,Vikas Verma,Houston,TX,United States
CUST0836,Aman Reddy,Columbus,OH,United Kingdom
CUST0837,Vivaan Mehta,Seattle,WA,United States
CUST0838,Aarav Patel,Denver,CO,India
CUST0839,Aditya Patel,Dallas,TX,India
CUST0840,Ritika Patel,Fort Worth,TX,United States
CUST0841,Vikas Reddy,Charlotte,NC,United Kingdom
CUST0842,Anjali Singh,Charlotte,NC,India
CUST0843,Simran Joshi,Houston,TX,United States
CUST0844,Aditya Joshi,San Jose,CA,United States
CUST0845,Vivaan Gupta,San Antonio,TX,United States
CUST0846,Rohit Sharma,New York,NY,United States
CUST0847,Rohit Sharma,Denver,CO,United States
CUST0848,Anjali Gupta,Phoenix,AZ,United States
CUST0849,Aman Mehta,Fort Worth,TX,India
CUST0850,Sahil Joshi,Houston,TX,United Kingdom
CUST0851,Pooja Sharma,Columbus,OH,India
CUST0852,Rohit Gupta,Phoenix,AZ,United States
CUST0853,Vikas Sharma,Philadelphia,PA,India
CUST0854,Vihaan Patel,San Diego,CA,Canada
CUST0855,Karan Mehta,Seattle,WA,Australia
CUST0856,Simran Mehta,Columbus,OH,United States
CUST0857,Anjali Singh,San Jose,CA,United Kingdom
CUST0858,Neha Joshi,Fort Worth,TX,United States
CUST0859,Vikas Reddy,San Jose,CA,United States
CUST0860,Pooja Verma,San Jose,CA,United States
CUST0861,Karan Verma,Columbus,OH,United States
CUST0862,Karan Kapoor,New York,NY,Canada
CUST0863,Mohit Reddy,Houston,TX,India
CUST0864,Priya Patel,Seattle,WA,United Kingdom
CUST0865,Vihaan Verma,Houston,TX,United States
CUST0866,Anjali Gupta,Columbus,OH,Canada
CUST0867,Kabir Mehta,Denver,CO,United States
CUST0868,Mohit Joshi,Austin,TX,United States
CUST0869,Vikas Joshi,Denver,CO,United States
CUST0870,Vivaan Patel,San Antonio,TX,United States
CUST0871,Kabir Mehta,Los Angeles,CA,United States
CUST0872,Pooja Sharma,Charlotte,NC,India
CUST0873,Aditya Mehta,Chicago,IL,United States
CUST0874,Vikas Reddy,Denver,CO,United States
CUST0875,Mohit Sharma,Indianapolis,IN,United States
CUST0876,Arjun Kapoor,San Jose,CA,India
CUST0877,Simran Sharma,San Francisco,CA,United States
CUST0878,Arjun Verma,Chicago,IL,United Kingdom
CUST0879,Sneha Patel,San Jose,CA,United States
CUST0880,Vikas Mehta,Chicago,IL,United States
CUST0881,Ritika Sharma,San Antonio,TX,United States
CUST0882,Kabir Singh,Denver,CO,United States
CUST0883,Simran Patel,Phoenix,AZ,India
CUST0884,Vikas Joshi,Denver,CO,United Kingdom
CUST0885,Aditya Kapoor,Phoenix,AZ,United Kingdom
CUST0886,Vikas Mehta,San Francisco,CA,United States
CUST0887,Sneha Verma,Houston,TX,Australia
CUST0888,Aarav Singh,Houston,TX,United States
CUST0889,Neha Reddy,Washington,DC,India
CUST0890,Vihaan Gupta,Denver,CO,United States
CUST0891,Pooja Joshi,Washington,DC,United States
CUST0892,Rohit Kapoor,Charlotte,NC,United States
CUST0893,Rohit Verma,San Antonio,TX,Australia
CUST0894,Arjun Verma,San Diego,CA,United States
CUST0895,Simran Singh,San Antonio,TX,United States
CUST0896,Simran Verma,New York,NY,United States
CUST0897,Anjali Patel,Chicago,IL,United States
CUST0898,Aditya Reddy,San Francisco,CA,United States
CUST0899,Sahil Gupta,New York,NY,United States
CUST0900,Priya Singh,Seattle,WA,United States
CUST0901,Aman Kumar,San Antonio,TX,United States
CUST0902,Vihaan Kumar,Columbus,OH,United States
CUST0903,Arjun Kumar,Charlotte,NC,United States
CUST0904,Neha Sharma,San Antonio,TX,United States
CUST0905,Ritika Patel,Los Angeles,CA,United States
CUST0906,Simran Reddy,Indianapolis,IN,United States
CUST0907,Arjun Kapoor,Los Angeles,CA,United Kingdom
CUST0908,Aditya Verma,Fort Worth,TX,United States
CUST0909,Priya Mehta,San Jose,CA,India
CUST0910,Neha Reddy,Phoenix,AZ,United Kingdom
CUST0911,Karan Mehta,Philadelphia,PA,United States
CUST0912,Arjun Patel,Chicago,IL,United States
CUST0913,Aditya Joshi,Fort Worth,TX,Australia
CUST0914,Vikas Singh,San Diego,CA,United States
CUST0915,Sahil Kapoor,Columbus,OH,United States
CUST0916,Mohit Singh,San Diego,CA,United Kingdom
CUST0917,Karan Reddy,Seattle,WA,Canada
CUST0918,Vivaan Verma,Houston,TX,United States
CUST0919,Aman Singh,Dallas,TX,India
CUST0920,Priya Singh,Washington,DC,United States
CUST0921,Mohit Patel,Columbus,OH,United States
CUST0922,Sneha Patel,Indianapolis,IN,United States
CUST0923,Aman Gupta,Fort Worth,TX,Australia
CUST0924,Aditya Gupta,Dallas,TX,United States
CUST0925,Rohit Reddy,San Diego,CA,Australia
CUST0926,Sahil Verma,San Diego,CA,India
CUST0927,Aman Singh,Charlotte,NC,United States
CUST0928,Ritika Kapoor,Phoenix,AZ,United States
CUST0929,Arjun Singh,Denver,CO,United States
CUST0930,Kabir Kapoor,Denver,CO,United States
CUST0931,Anjali Kapoor,Austin,TX,United States
CUST0932,Aditya Sharma,Denver,CO,United States
CUST0933,Ritika Gupta,San Diego,CA,Canada
CUST0934,Rohit Kapoor,Columbus,OH,United States
CUST0935,Karan Kapoor,San Jose,CA,Canada
CUST0936,Aarav Joshi,Austin,TX,United States
CUST0937,Sahil Gupta,San Francisco,CA,United States
CUST0938,Priya Joshi,Phoenix,AZ,United States
CUST0939,Sneha Mehta,Dallas,TX,India
CUST0940,Priya Joshi,Fort Worth,TX,United States
CUST0941,Mohit Joshi,Phoenix,AZ,United States
CUST0942,Karan Joshi,Seattle,WA,India
CUST0943,Simran Kumar,San Antonio,TX,United States
CUST0944,Anjali Kapoor,Houston,TX,India
CUST0945,Arjun Patel,Jacksonville,FL,United States
CUST0946,Anjali Patel,Jacksonville,FL,United Kingdom
CUST0947,Sunita Singh,Indianapolis,IN,India
CUST0948,Sahil Verma,San Jose,CA,United Kingdom
CUST0949,Anjali Kumar,Charlotte,NC,United States
CUST0950,Simran Verma,San Antonio,TX,United States
CUST0951,Pooja Joshi,Seattle,WA,India
CUST0952,Sneha Singh,Washington,DC,United States
CUST0953,Vihaan Sharma,Charlotte,NC,India
CUST0954,Kabir Mehta,Houston,TX,Canada
CUST0955,Sneha Singh,Houston,TX,United Kingdom
CUST0956,Anjali Kapoor,Philadelphia,PA,United States
CUST0957,Anjali Kumar,Dallas,TX,United States
CUST0958,Mohit Joshi,Houston,TX,Canada
CUST0959,Aman Joshi,Houston,TX,India
CUST0960,Neha Gupta,Houston,TX,United States
CUST0961,Neha Sharma,Philadelphia,PA,United Kingdom
CUST0962,Aditya Mehta,Indianapolis,IN,United States
CUST0963,Aman Joshi,San Antonio,TX,United States
CUST0964,Sneha Kumar,Jacksonville,FL,United States
CUST0965,Ritika Patel,San Francisco,CA,United States
CUST0966,Vivaan Sharma,Charlotte,NC,United States
CUST0967,Priya Joshi,San Antonio,TX,United States
CUST0968,Kabir Joshi,San Jose,CA,United States
CUST0969,Priya Reddy,Austin,TX,Canada
CUST0970,Aarav Verma,Philadelphia,PA,United States
CUST0971,Karan Singh,Austin,TX,United States
CUST0972,Pooja Patel,San Diego,CA,India
CUST0973,Sunita Patel,Denver,CO,Canada
CUST0974,Vivaan Mehta,Austin,TX,United States
CUST0975,Vivaan Kapoor,Chicago,IL,United States
CUST0976,Sahil Kumar,Seattle,WA,United States
CUST0977,Vikas Reddy,Denver,CO,Australia
CUST0978,Priya Verma,Austin,TX,United States
CUST0979,Sunita Reddy,Chicago,IL,United States
CUST0980,Simran Reddy,Columbus,OH,United States
CUST0981,Pooja Kapoor,Indianapolis,IN,United States
CUST0982,Kabir Verma,Dallas,TX,United States
CUST0983,Arjun Verma,Philadelphia,PA,United States
CUST0984,Sunita Patel,Jacksonville,FL,United States
CUST0985,Anjali Reddy,New York,NY,United States
CUST0986,Vikas Singh,Indianapolis,IN,United States
CUST0987,Rohit Kapoor,Austin,TX,United States
CUST0988,Aman Mehta,Phoenix,AZ,United States
CUST0989,Aman Sharma,Los Angeles,CA,Australia
CUST0990,Vivaan Sharma,Denver,CO,United States
CUST0991,Arjun Patel,San Antonio,TX,India
CUST0992,Neha Reddy,Dallas,TX,India
CUST0993,Simran Singh,Denver,CO,United States
CUST0994,Arjun Patel,New York,NY,United States
CUST0995,Kabir Patel,Los Angeles,CA,United States
CUST0996,Mohit Mehta,Phoenix,AZ,Australia
CUST0997,Kabir Gupta,San Francisco,CA,United States
CUST0998,Ritika Patel,Indianapolis,IN,India
CUST0999,Aman Reddy,San Antonio,TX,United States
CUST1000,Sahil Joshi,San Diego,CA,United States
CUST1001,Ritika Gupta,Fort Worth,TX,United States
CUST1002,Neha Sharma,Fort Worth,TX,United States
CUST1003,Vikas Patel,San Antonio,TX,United States
CUST1004,Vihaan Mehta,Seattle,WA,Australia
CUST1005,Ritika Gupta,Seattle,WA,United States
CUST1006,Aarav Kapoor,Austin,TX,United States
CUST1007,Neha Gupta,Charlotte,NC,United States
CUST1008,Sneha Sharma,Houston,TX,Canada
CUST1009,Ritika Joshi,Philadelphia,PA,India
CUST1010,Mohit Reddy,Austin,TX,United States
CUST1011,Arjun Kumar,San Diego,CA,India
CUST1012,Vivaan Kapoor,Washington,DC,United States
CUST1013,Vihaan Kumar,Los Angeles,CA,United Kingdom
CUST1014,Aarav Joshi,San Jose,CA,United States
CUST1015,Anjali Mehta,Dallas,TX,United Kingdom
CUST1016,Arjun Mehta,Philadelphia,PA,United States
CUST1017,Aman Kapoor,Dallas,TX,United States
CUST1018,Neha Sharma,Indianapolis,IN,United States
CUST1019,Arjun Reddy,Austin,TX,United States
CUST1020,Rohit Reddy,Chicago,IL,United States
CUST1021,Anjali Joshi,San Francisco,CA,United States
CUST1022,Aman Mehta,New York,NY,United Kingdom
CUST1023,Anjali Singh,Columbus,OH,United States
CUST1024,Simran Reddy,New York,NY,United States
CUST1025,Anjali Reddy,Indianapolis,IN,United States
CUST1026,Vikas Gupta,Seattle,WA,United States
CUST1027,Kabir Joshi,Seattle,WA,United States
CUST1028,Rohit Kumar,Los Angeles,CA,United Kingdom
CUST1029,Pooja Reddy,Denver,CO,India
CUST1030,Priya Kumar,Denver,CO,United States
CUST1031,Priya Gupta,Fort Worth,TX,United States
CUST1032,Rohit Joshi,San Jose,CA,India
CUST1033,Anjali Joshi,Dallas,TX,United States
CUST1034,Vikas Reddy,Austin,TX,United States
CUST1035,Pooja Gupta,Denver,CO,India
CUST1036,Vihaan Kapoor,Chicago,IL,United Kingdom
CUST1037,Sahil Mehta,Philadelphia,PA,India
CUST1038,Sunita Patel,Austin,TX,United States
CUST1039,Arjun Gupta,Seattle,WA,India
CUST1040,Vivaan Gupta,Los Angeles,CA,United States
CUST1041,Aditya Patel,Philadelphia,PA,United States
CUST1042,Simran Gupta,Dallas,TX,United States
CUST1043,Neha Kumar,Jacksonville,FL,United States
CUST1044,Rohit Reddy,New York,NY,United States
CUST1045,Pooja Reddy,San Antonio,TX,United States
CUST1046,Pooja Singh,Washington,DC,India
CUST1047,Vihaan Kapoor,Denver,CO,United States
CUST1048,Ritika Kumar,Phoenix,AZ,Australia
CUST1049,Sneha Sharma,Jacksonville,FL,United States
CUST1050,Aman Kumar,San Diego,CA,United States
CUST1051,Sneha Sharma,San Francisco,CA,Canada
CUST1052,Vihaan Mehta,Los Angeles,CA,United States
CUST1053,Anjali Joshi,Chicago,IL,United States
CUST1054,Vihaan Singh,Los Angeles,CA,United Kingdom
CUST1055,Aarav Reddy,San Diego,CA,United States
CUST1056,Mohit Mehta,Los Angeles,CA,Canada
CUST1057,Rohit Gupta,Fort Worth,TX,United States
CUST1058,Anjali Gupta,Columbus,OH,United States
CUST1059,Vivaan Verma,Chicago,IL,United States
CUST1060,Ritika Kumar,Chicago,IL,United States
CUST1061,Sahil Sharma,Seattle,WA,United States
CUST1062,Mohit Mehta,Los Angeles,CA,United States
CUST1063,Mohit Sharma,Austin,TX,United States
CUST1064,Sunita Joshi,Washington,DC,Australia
CUST1065,Mohit Gupta,Phoenix,AZ,United Kingdom
CUST1066,Vivaan Sharma,Jacksonville,FL,United Kingdom
CUST1067,Priya Kapoor,Charlotte,NC,United States
CUST1068,Kabir Verma,Indianapolis,IN,United States
CUST1069,Simran Reddy,Seattle,WA,Australia
CUST1070,Aman Joshi,Los Angeles,CA,United States
CUST1071,Arjun Reddy,Jacksonville,FL,Canada
CUST1072,Simran Gupta,San Jose,CA,India
CUST1073,Rohit Verma,Denver,CO,India
CUST1074,Anjali Singh,Jacksonville,FL,United States
CUST1075,Mohit Sharma,San Francisco,CA,United States
CUST1076,Anjali Gupta,Seattle,WA,United States
CUST1077,Sunita Mehta,Washington,DC,United States
CUST1078,Aman Patel,Chicago,IL,United States
CUST1079,Aditya Mehta,Los Angeles,CA,United Kingdom
CUST1080,Vihaan Singh,Chicago,IL,United States
CUST1081,Arjun Joshi,Fort Worth,TX,United States
CUST1082,Aarav Gupta,Seattle,WA,United States
CUST1083,Sunita Kumar,San Diego,CA,United Kingdom
CUST1084,Simran Gupta,Denver,CO,United States
CUST1085,Ritika Kapoor,Charlotte,NC,United States
CUST1086,Aarav Gupta,San Jose,CA,United States
CUST1087,Vivaan Verma,Los Angeles,CA,United Kingdom
CUST1088,Simran Gupta,Denver,CO,India
CUST1089,Mohit Mehta,Indianapolis,IN,India
CUST1090,Aman Gupta,Fort Worth,TX,United States
CUST1091,Vihaan Gupta,San Diego,CA,United States
CUST1092,Vikas Kapoor,Washington,DC,United States
CUST1093,Sneha Kumar,Charlotte,NC,United States
CUST1094,Arjun Joshi,Houston,TX,United States
CUST1095,Arjun Joshi,San Diego,CA,United States
CUST1096,Karan Reddy,Chicago,IL,India
CUST1097,Neha Reddy,New York,NY,United States
CUST1098,Rohit Kumar,Fort Worth,TX,United States
CUST1099,Aman Joshi,New York,NY,United States
CUST1100,Aman Patel,Indianapolis,IN,United States
CUST1101,Aditya Kapoor,New York,NY,India
CUST1102,Vihaan Sharma,New York,NY,India
CUST1103,Sahil Reddy,Indianapolis,IN,India
CUST1104,Sahil Singh,San Diego,CA,United Kingdom
CUST1105,Mohit Patel,Seattle,WA,United States
CUST1106,Aman Joshi,San Jose,CA,United States
CUST1107,Vihaan Kumar,Columbus,OH,India
CUST1108,Ritika Joshi,Los Angeles,CA,United States
CUST1109,Aditya Reddy,Los Angeles,CA,United States
CUST1110,Simran Sharma,New York,NY,United States
CUST1111,Simran Singh,Philadelphia,PA,United States
CUST1112,Aman Mehta,Phoenix,AZ,India
CUST1113,Simran Kapoor,Austin,TX,Canada
CUST1114,Vivaan Reddy,Charlotte,NC,United States
CUST1115,Aarav Mehta,Houston,TX,United States
CUST1116,Pooja Sharma,New York,NY,United States
CUST1117,Rohit Kapoor,San Francisco,CA,United States
CUST1118,Aditya Sharma,Phoenix,AZ,United States
CUST1119,Karan Patel,Dallas,TX,United States
CUST1120,Vivaan Verma,Jacksonville,FL,United States
CUST1121,Neha Sharma,Dallas,TX,India
CUST1122,Priya Mehta,Charlotte,NC,United States
CUST1123,Mohit Singh,Jacksonville,FL,United States
CUST1124,Karan Patel,Chicago,IL,Canada
CUST1125,Sunita Joshi,Seattle,WA,United States
CUST1126,Sunita Mehta,San Antonio,TX,India
CUST1127,Aditya Reddy,Seattle,WA,India
CUST1128,Arjun Patel,Chicago,IL,India
CUST1129,Vihaan Singh,Los Angeles,CA,United States
CUST1130,Sahil Mehta,Indianapolis,IN,United States
CUST1131,Aman Singh,Columbus,OH,United States
CUST1132,Sneha Sharma,New York,NY,United States
CUST1133,Aarav Gupta,Denver,CO,United Kingdom
CUST1134,Simran Reddy,Chicago,IL,United States
CUST1135,Karan Reddy,Dallas,TX,India
CUST1136,Sunita Kumar,Austin,TX,Canada
CUST1137,Sneha Joshi,Fort Worth,TX,United States
CUST1138,Vikas Singh,Denver,CO,United States
CUST1139,Pooja Kumar,San Jose,CA,Canada
CUST1140,Vihaan Sharma,Denver,CO,United States
CUST1141,Karan Kapoor,New York,NY,India
CUST1142,Aarav Kumar,Washington,DC,United States
CUST1143,Rohit Verma,San Diego,CA,United States
CUST1144,Vihaan Kapoor,Jacksonville,FL,United States
CUST1145,Vivaan Joshi,San Francisco,CA,India
CUST1146,Kabir Sharma,Seattle,WA,United Kingdom
CUST1147,Sneha Sharma,Fort Worth,TX,India
CUST1148,Sunita Joshi,Indianapolis,IN,United States
CUST1149,Sneha Reddy,Austin,TX,United States
CUST1150,Rohit Sharma,San Francisco,CA,United States
CUST1151,Arjun Reddy,San Diego,CA,United States
CUST1152,Priya Kumar,Fort Worth,TX,United States
CUST1153,Ritika Patel,Chicago,IL,United States
CUST1154,Ritika Kapoor,Houston,TX,United States
CUST1155,Anjali Kumar,New York,NY,United States
CUST1156,Aman Kumar,Washington,DC,United States
CUST1157,Karan Gupta,Houston,TX,United States
CUST1158,Pooja Sharma,San Francisco,CA,United States
CUST1159,Sahil Kapoor,San Jose,CA,Australia
CUST1160,Mohit Mehta,Austin,TX,United Kingdom
CUST1161,Sahil Joshi,New York,NY,United States
CUST1162,Vivaan Patel,Jacksonville,FL,United States
CUST1163,Sunita Reddy,Indianapolis,IN,India
CUST1164,Anjali Mehta,Seattle,WA,United Kingdom
CUST1165,Priya Mehta,Seattle,WA,United States
CUST1166,Mohit Reddy,Dallas,TX,United States
CUST1167,Neha Kumar,Seattle,WA,United States
CUST1168,Vivaan Reddy,Seattle,WA,India
CUST1169,Karan Mehta,San Diego,CA,United States
CUST1170,Sahil Reddy,Washington,DC,United States
CUST1171,Arjun Mehta,San Francisco,CA,United Kingdom
CUST1172,Sneha Gupta,San Jose,CA,United Kingdom
CUST1173,Rohit Patel,San Diego,CA,United States
CUST1174,Aditya Joshi,Seattle,WA,United States
CUST1175,Vikas Verma,Indianapolis,IN,United States
CUST1176,Vivaan Gupta,Houston,TX,India
CUST1177,Sunita Kapoor,San Antonio,TX,United States
CUST1178,Kabir Sharma,Jacksonville,FL,United States
CUST1179,Aditya Kumar,New York,NY,United States
CUST1180,Ritika Reddy,Philadelphia,PA,United States
CUST1181,Rohit Joshi,San Antonio,TX,United States
CUST1182,Rohit Patel,New York,NY,United Kingdom
CUST1183,Priya Sharma,San Francisco,CA,United States
CUST1184,Rohit Kumar,San Antonio,TX,United States
CUST1185,Vihaan Joshi,San Diego,CA,Australia
CUST1186,Sneha Kapoor,New York,NY,United States
CUST1187,Rohit Mehta,Columbus,OH,United States
CUST1188,Sneha Reddy,Philadelphia,PA,India
CUST1189,Anjali Gupta,Houston,TX,Canada
CUST1190,Sunita Joshi,Jacksonville,FL,United States
CUST1191,Priya Gupta,Houston,TX,United States
CUST1192,Vikas Reddy,San Diego,CA,United Kingdom
CUST1193,Neha Joshi,Philadelphia,PA,United States
CUST1194,Vihaan Joshi,Indianapolis,IN,United States
CUST1195,Anjali Kumar,San Diego,CA,United States
CUST1196,Vikas Patel,San Diego,CA,Australia
CUST1197,Karan Sharma,Dallas,TX,United States
CUST1198,Arjun Sharma,Philadelphia,PA,United States
CUST1199,Ritika Kapoor,San Jose,CA,United States
CUST1200,Karan Gupta,Dallas,TX,United States
CUST1201,Arjun Kumar,San Antonio,TX,United States
CUST1202,Sunita Kapoor,Dallas,TX,United States
CUST1203,Sneha Joshi,Dallas,TX,United States
CUST1204,Sahil Patel,Chicago,IL,United Kingdom
CUST1205,Pooja Joshi,Denver,CO,United States
CUST1206,Mohit Patel,Denver,CO,Australia
CUST1207,Mohit Singh,San Diego,CA,Canada
CUST1208,Sahil Joshi,San Francisco,CA,United States
CUST1209,Mohit Reddy,Phoenix,AZ,United States
CUST1210,Vivaan Reddy,San Antonio,TX,United States
CUST1211,Vivaan Verma,Washington,DC,United States
CUST1212,Vivaan Sharma,Washington,DC,United States
CUST1213,Arjun Sharma,Fort Worth,TX,Canada
CUST1214,Simran Patel,Denver,CO,United States
CUST1215,Vivaan Kapoor,Columbus,OH,United States
CUST1216,Kabir Joshi,Los Angeles,CA,India
CUST1217,Neha Sharma,Phoenix,AZ,United States
CUST1218,Aarav Reddy,Phoenix,AZ,United States
CUST1219,Sahil Mehta,Denver,CO,United States
CUST1220,Aarav Sharma,Jacksonville,FL,United States
CUST1221,Aman Gupta,Los Angeles,CA,India
CUST1222,Karan Singh,Dallas,TX,United States
CUST1223,Sneha Kumar,Austin,TX,United States
CUST1224,Kabir Reddy,Austin,TX,United States
CUST1225,Pooja Patel,San Jose,CA,United States
CUST1226,Pooja Mehta,San Jose,CA,United States
CUST1227,Aditya Patel,Jacksonville,FL,United States
CUST1228,Sunita Joshi,Indianapolis,IN,United Kingdom
CUST1229,Ritika Kumar,Charlotte,NC,United States
CUST1230,Sneha Gupta,Austin,TX,Australia
CUST1231,Aditya Sharma,Los Angeles,CA,United States
CUST1232,Aditya Mehta,Columbus,OH,United States
CUST1233,Sunita Mehta,Austin,TX,United States
CUST1234,Sahil Joshi,Houston,TX,United States
CUST1235,Vivaan Sharma,Indianapolis,IN,United States
CUST1236,Mohit Verma,San Jose,CA,United States
CUST1237,Neha Mehta,Charlotte,NC,United States
CUST1238,Anjali Kapoor,Dallas,TX,India
CUST1239,Vihaan Reddy,Indianapolis,IN,United States
CUST1240,Vivaan Kumar,Fort Worth,TX,United Kingdom
CUST1241,Rohit Kapoor,Dallas,TX,United States
CUST1242,Neha Gupta,San Francisco,CA,Canada
CUST1243,Vivaan Verma,Dallas,TX,India
CUST1244,Pooja Reddy,Washington,DC,United States
CUST1245,Mohit Patel,Jacksonville,FL,United States
CUST1246,Aarav Kumar,Chicago,IL,Canada
CUST1247,Ritika Singh,San Antonio,TX,India
CUST1248,Sunita Verma,Seattle,WA,India
CUST1249,Priya Singh,Denver,CO,United States
CUST1250,Ritika Kumar,Philadelphia,PA,United States
CUST1251,Ritika Mehta,Charlotte,NC,United States
CUST1252,Sahil Patel,Austin,TX,United States
CUST1253,Sunita Singh,Austin,TX,India
CUST1254,Aditya Reddy,Phoenix,AZ,India
CUST1255,Vikas Sharma,Chicago,IL,United States
CUST1256,Vihaan Mehta,Dallas,TX,Australia
CUST1257,Sneha Verma,Charlotte,NC,Australia
CUST1258,Anjali Kapoor,Jacksonville,FL,India
CUST1259,Kabir Kapoor,Phoenix,AZ,Australia
CUST1260,Sunita Patel,Los Angeles,CA,United Kingdom
CUST1261,Simran Joshi,Charlotte,NC,United States
CUST1262,Sneha Patel,Houston,TX,United States
CUST1263,Sahil Mehta,San Jose,CA,United States
CUST1264,Karan Singh,Chicago,IL,India
CUST1265,Aditya Kapoor,New York,NY,Canada
CUST1266,Priya Kumar,Philadelphia,PA,Australia
CUST1267,Aditya Verma,Houston,TX,United States
CUST1268,Sunita Singh,Philadelphia,PA,United States
CUST1269,Sunita Patel,Phoenix,AZ,United States
CUST1270,Vikas Verma,San Diego,CA,United States
CUST1271,Aditya Sharma,Austin,TX,India
CUST1272,Priya Joshi,Seattle,WA,United States
CUST1273,Vikas Gupta,Houston,TX,United States
CUST1274,Vihaan Singh,Philadelphia,PA,United States
CUST1275,Aditya Singh,San Diego,CA,United States
CUST1276,Sahil Reddy,Seattle,WA,United Kingdom
CUST1277,Aman Mehta,Austin,TX,United States
CUST1278,Vihaan Sharma,New York,NY,United States
CUST1279,Aditya Patel,Indianapolis,IN,United States
CUST1280,Sahil Verma,Washington,DC,United States
CUST1281,Kabir Kapoor,Chicago,IL,United States
CUST1282,Anjali Mehta,Philadelphia,PA,United States
CUST1283,Sneha Kapoor,Dallas,TX,United States
CUST1284,Priya Gupta,Jacksonville,FL,United States
CUST1285,Neha Singh,Los Angeles,CA,Australia
CUST1286,Karan Gupta,San Antonio,TX,India
CUST1287,Karan Gupta,Washington,DC,United States
CUST1288,Neha Verma,San Diego,CA,India
CUST1289,Sneha Joshi,Columbus,OH,United Kingdom
CUST1290,Rohit Joshi,Dallas,TX,United States
CUST1291,Vihaan Singh,Washington,DC,Canada
CUST1292,Priya Sharma,Phoenix,AZ,United States
CUST1293,Sunita Patel,Indianapolis,IN,Australia
CUST1294,Kabir Mehta,Charlotte,NC,United States
CUST1295,Kabir Singh,Los Angeles,CA,United States
CUST1296,Priya Patel,Los Angeles,CA,United States
CUST1297,Kabir Kumar,Columbus,OH,Canada
CUST1298,Neha Patel,San Jose,CA,United States
CUST1299,Mohit Mehta,San Jose,CA,United States
CUST1300,Anjali Gupta,San Jose,CA,United States
CUST1301,Neha Kapoor,Denver,CO,United States
CUST1302,Sneha Patel,Austin,TX,United States
CUST1303,Sunita Gupta,Indianapolis,IN,United States
CUST1304,Rohit Kapoor,Austin,TX,India
CUST1305,Sahil Singh,Washington,DC,United States
CUST1306,Sahil Sharma,Charlotte,NC,United States
CUST1307,Simran Kumar,Houston,TX,United Kingdom
CUST1308,Simran Gupta,Columbus,OH,Australia
CUST1309,Neha Singh,Jacksonville,FL,United States
CUST1310,Priya Kumar,New York,NY,India
CUST1311,Pooja Singh,New York,NY,United States
CUST1312,Karan Mehta,Fort Worth,TX,United States
CUST1313,Sahil Reddy,Indianapolis,IN,United States
CUST1314,Karan Reddy,Dallas,TX,United States
CUST1315,Sahil Kapoor,San Antonio,TX,United States
CUST1316,Aditya Verma,Los Angeles,CA,United States
CUST1317,Sneha Patel,San Jose,CA,United Kingdom
CUST1318,Mohit Kapoor,Indianapolis,IN,United States
CUST1319,Sunita Patel,Indianapolis,IN,United Kingdom
CUST1320,Karan Verma,Indianapolis,IN,United States
CUST1321,Aarav Verma,New York,NY,United States
CUST1322,Aman Reddy,Denver,CO,Canada
CUST1323,Sahil Kapoor,Los Angeles,CA,United States
CUST1324,Ritika Kumar,San Francisco,CA,India
CUST1325,Simran Patel,San Antonio,TX,Canada
CUST1326,Sunita Joshi,San Antonio,TX,India
CUST1327,Ritika Reddy,Charlotte,NC,Canada
CUST1328,Aarav Joshi,Phoenix,AZ,United States
CUST1329,Vihaan Gupta,Fort Worth,TX,United States
CUST1330,Karan Verma,San Diego,CA,United States
CUST1331,Vihaan Singh,San Diego,CA,India
CUST1332,Vikas Gupta,San Antonio,TX,United States
CUST1333,Anjali Joshi,San Antonio,TX,United States
CUST1334,Rohit Reddy,San Diego,CA,Canada
CUST1335,Neha Patel,Phoenix,AZ,India
CUST1336,Neha Verma,Washington,DC,India
CUST1337,Simran Joshi,Dallas,TX,United States
CUST1338,Anjali Verma,Dallas,TX,Australia
CUST1339,Vihaan Sharma,Chicago,IL,United States
CUST1340,Anjali Verma,Philadelphia,PA,Canada
CUST1341,Mohit Kumar,Austin,TX,United Kingdom
CUST1342,Sahil Singh,San Francisco,CA,India
CUST1343,Anjali Reddy,Phoenix,AZ,United States
CUST1344,Karan Joshi,Columbus,OH,United States
CUST1345,Sneha Mehta,San Francisco,CA,United Kingdom
CUST1346,Mohit Singh,Washington,DC,Australia
CUST1347,Karan Mehta,Seattle,WA,United States
CUST1348,Aarav Kapoor,San Diego,CA,United States
CUST1349,Rohit Joshi,San Diego,CA,United States
CUST1350,Ritika Mehta,Dallas,TX,United States
CUST1351,Sunita Sharma,Chicago,IL,United States
CUST1352,Rohit Kumar,Charlotte,NC,United States
CUST1353,Pooja Verma,Denver,CO,United States
CUST1354,Ritika Verma,Los Angeles,CA,United States
CUST1355,Vikas Patel,Houston,TX,United States
CUST1356,Neha Reddy,San Francisco,CA,United States
CUST1357,Sunita Kapoor,Denver,CO,United States
CUST1358,Vihaan Patel,Washington,DC,United States
CUST1359,Vikas Joshi,San Jose,CA,United States
CUST1360,Kabir Singh,San Diego,CA,United States
CUST1361,Priya Kapoor,Fort Worth,TX,United States
CUST1362,Ritika Verma,San Diego,CA,United States
CUST1363,Arjun Patel,Washington,DC,United States
CUST1364,Vihaan Kumar,Jacksonville,FL,India
CUST1365,Mohit Patel,San Diego,CA,United States
CUST1366,Sunita Mehta,Dallas,TX,United States
CUST1367,Kabir Singh,New York,NY,United States
CUST1368,Ritika Mehta,San Antonio,TX,United Kingdom
CUST1369,Karan Singh,Los Angeles,CA,United States
CUST1370,Neha Reddy,Washington,DC,United Kingdom
CUST1371,Mohit Reddy,New York,NY,United States
CUST1372,Mohit Joshi,San Diego,CA,United States
CUST1373,Priya Singh,Austin,TX,United Kingdom
CUST1374,Mohit Patel,Phoenix,AZ,United States
CUST1375,Vivaan Patel,Dallas,TX,United States
CUST1376,Arjun Kumar,Phoenix,AZ,United States
CUST1377,Sunita Reddy,Houston,TX,United States
CUST1378,Aman Joshi,Dallas,TX,Australia
CUST1379,Karan Joshi,Charlotte,NC,Canada
CUST1380,Karan Joshi,San Diego,CA,United States
CUST1381,Neha Singh,San Diego,CA,India
CUST1382,Aditya Kapoor,Indianapolis,IN,United States
CUST1383,Aarav Kumar,Charlotte,NC,United Kingdom
CUST1384,Priya Sharma,Chicago,IL,United States
CUST1385,Pooja Kumar,San Antonio,TX,Canada
CUST1386,Sahil Gupta,San Jose,CA,United States
CUST1387,Ritika Joshi,San Jose,CA,United States
CUST1388,Sahil Reddy,San Diego,CA,United States
CUST1389,Vihaan Kapoor,Chicago,IL,India
CUST1390,Vihaan Gupta,Columbus,OH,India
CUST1391,Sahil Patel,San Francisco,CA,United States
CUST1392,Sahil Sharma,San Francisco,CA,India
CUST1393,Simran Reddy,Houston,TX,United States
CUST1394,Rohit Mehta,Chicago,IL,United States
CUST1395,Vihaan Kumar,Austin,TX,United States
CUST1396,Priya Sharma,Charlotte,NC,United States
CUST1397,Simran Gupta,Fort Worth,TX,India
CUST1398,Simran Verma,Columbus,OH,United States
CUST1399,Sneha Kumar,San Diego,CA,United States
CUST1400,Ritika Patel,Charlotte,NC,India
CUST1401,Kabir Mehta,San Antonio,TX,United Kingdom
CUST1402,Rohit Sharma,Washington,DC,United States
CUST1403,Ritika Patel,New York,NY,United States
CUST1404,Mohit Patel,Denver,CO,United States
CUST1405,Priya Gupta,Los Angeles,CA,India
CUST1406,Ritika Gupta,Dallas,TX,United States
CUST1407,Aman Verma,San Antonio,TX,United States
CUST1408,Arjun Mehta,Charlotte,NC,India
CUST1409,Arjun Singh,Jacksonville,FL,United States
CUST1410,Sneha Singh,Los Angeles,CA,United Kingdom
CUST1411,Sunita Joshi,New York,NY,United States
CUST1412,Arjun Kapoor,Denver,CO,United States
CUST1413,Pooja Mehta,Washington,DC,United States
CUST1414,Aditya Verma,San Francisco,CA,United States
CUST1415,Pooja Patel,Washington,DC,United States
CUST1416,Simran Joshi,Columbus,OH,United States
CUST1417,Anjali Kapoor,Fort Worth,TX,Canada
CUST1418,Aarav Verma,Phoenix,AZ,United States
CUST1419,Simran Patel,Houston,TX,United States
CUST1420,Aditya Reddy,Chicago,IL,Canada
CUST1421,Sunita Kumar,Houston,TX,United States
CUST1422,Karan Kumar,Phoenix,AZ,United States
CUST1423,Anjali Gupta,Austin,TX,United Kingdom
CUST1424,Anjali Reddy,Charlotte,NC,United States
CUST1425,Ritika Singh,San Diego,CA,India
CUST1426,Ritika Joshi,Dallas,TX,United States
CUST1427,Vivaan Verma,Washington,DC,India
CUST1428,Simran Sharma,San Diego,CA,United States
CUST1429,Vihaan Singh,Columbus,OH,India
CUST1430,Simran Joshi,Fort Worth,TX,United States
CUST1431,Aarav Mehta,Seattle,WA,United States
CUST1432,Rohit Singh,Charlotte,NC,United States
CUST1433,Priya Singh,San Diego,CA,United States
CUST1434,Pooja Verma,New York,NY,India
CUST1435,Aditya Patel,San Diego,CA,India
CUST1436,Mohit Sharma,Chicago,IL,Australia
CUST1437,Sunita Gupta,San Francisco,CA,United States
CUST1438,Sneha Mehta,Dallas,TX,United Kingdom
CUST1439,Aditya Verma,San Antonio,TX,United States
CUST1440,Aarav Kumar,Los Angeles,CA,United States
CUST1441,Neha Verma,Los Angeles,CA,India
CUST1442,Arjun Kapoor,Phoenix,AZ,United States
CUST1443,Sneha Reddy,San Antonio,TX,United States
CUST1444,Simran Sharma,Austin,TX,Australia
CUST1445,Aarav Patel,Indianapolis,IN,India
CUST1446,Vihaan Mehta,Jacksonville,FL,India
CUST1447,Arjun Joshi,San Antonio,TX,United States
CUST1448,Aditya Kumar,Washington,DC,United States
CUST1449,Sunita Verma,Washington,DC,Canada
CUST1450,Anjali Patel,Denver,CO,United States
CUST1451,Priya Singh,San Antonio,TX,United States
CUST1452,Sunita Singh,Indianapolis,IN,Canada
CUST1453,Arjun Verma,Dallas,TX,United States
CUST1454,Aman Kapoor,Fort Worth,TX,United Kingdom
CUST1455,Aarav Kapoor,Los Angeles,CA,Canada
CUST1456,Mohit Joshi,Los Angeles,CA,United States
CUST1457,Vikas Kumar,San Francisco,CA,India
CUST1458,Arjun Mehta,New York,NY,United States
CUST1459,Kabir Joshi,Chicago,IL,India
CUST1460,Vihaan Singh,San Antonio,TX,United States
CUST1461,Vihaan Kapoor,San Francisco,CA,United States
CUST1462,Sunita Patel,Houston,TX,United States
CUST1463,Pooja Verma,Dallas,TX,India
CUST1464,Sneha Reddy,Columbus,OH,United States
CUST1465,Kabir Kapoor,Columbus,OH,United States
CUST1466,Kabir Gupta,Indianapolis,IN,United States
CUST1467,Rohit Reddy,Denver,CO,United States
CUST1468,Priya Sharma,Washington,DC,India
CUST1469,Sneha Joshi,Phoenix,AZ,United Kingdom
CUST1470,Kabir Verma,Chicago,IL,United States
CUST1471,Vikas Patel,San Francisco,CA,United States
CUST1472,Arjun Mehta,San Diego,CA,United States
CUST1473,Ritika Mehta,San Antonio,TX,India
CUST1474,Vikas Reddy,San Francisco,CA,United States
CUST1475,Mohit Joshi,Jacksonville,FL,United Kingdom
CUST1476,Aditya Sharma,Dallas,TX,United States
CUST1477,Aarav Gupta,Dallas,TX,United States
CUST1478,Rohit Sharma,Austin,TX,United States
CUST1479,Vivaan Mehta,Fort Worth,TX,United Kingdom
CUST1480,Aman Gupta,Houston,TX,Australia
CUST1481,Aman Mehta,Seattle,WA,India
CUST1482,Karan Mehta,San Francisco,CA,United States
CUST1483,Sahil Kapoor,Chicago,IL,United States
CUST1484,Aditya Gupta,Fort Worth,TX,United States
CUST1485,Aditya Reddy,Phoenix,AZ,United States
CUST1486,Rohit Singh,Austin,TX,United States
CUST1487,Sahil Patel,Chicago,IL,United States
CUST1488,Aditya Gupta,Jacksonville,FL,United States
CUST1489,Karan Kumar,Denver,CO,Canada
CUST1490,Vivaan Kumar,Dallas,TX,United States
CUST1491,Vihaan Joshi,Indianapolis,IN,India
CUST1492,Vivaan Gupta,Seattle,WA,United States
CUST1493,Mohit Verma,San Antonio,TX,United States
CUST1494,Aarav Singh,Columbus,OH,United States
CUST1495,Aarav Singh,Indianapolis,IN,United States
CUST1496,Neha Patel,Washington,DC,United States
CUST1497,Aman Reddy,Dallas,TX,United States
CUST1498,Pooja Singh,Fort Worth,TX,United States
CUST1499,Vikas Singh,Dallas,TX,United Kingdom
CUST1500,Pooja Verma,Fort Worth,TX,United States
CUST1501,Karan Gupta,Houston,TX,India
CUST1502,Aman Verma,Denver,CO,United States
CUST1503,Pooja Kapoor,New York,NY,India
CUST1504,Aditya Joshi,Austin,TX,India
CUST1505,Simran Reddy,Phoenix,AZ,United States
CUST1506,Vikas Sharma,Dallas,TX,United States
CUST1507,Neha Kapoor,Los Angeles,CA,United States
CUST1508,Mohit Patel,Los Angeles,CA,India
CUST1509,Vihaan Kapoor,Fort Worth,TX,Australia
CUST1510,Vihaan Kumar,Phoenix,AZ,United States
CUST1511,Vivaan Sharma,Dallas,TX,United States
CUST1512,Sneha Sharma,Denver,CO,United States
CUST1513,Neha Patel,Jacksonville,FL,United States
CUST1514,Sunita Singh,Charlotte,NC,United States
CUST1515,Sahil Mehta,Washington,DC,United States
CUST1516,Sneha Mehta,Columbus,OH,India
CUST1517,Anjali Gupta,Los Angeles,CA,United States
CUST1518,Aditya Kapoor,San Jose,CA,United States
CUST1519,Aman Sharma,Jacksonville,FL,United States
CUST1520,Mohit Kumar,Charlotte,NC,United States
CUST1521,Aman Sharma,Charlotte,NC,United States
CUST1522,Sunita Verma,San Jose,CA,United States
CUST1523,Simran Gupta,Philadelphia,PA,United States
CUST1524,Priya Patel,Indianapolis,IN,United States
CUST1525,Aditya Reddy,San Diego,CA,United States
CUST1526,Simran Sharma,Austin,TX,United States
CUST1527,Vikas Kumar,Denver,CO,United States
CUST1528,Priya Kapoor,Philadelphia,PA,India
CUST1529,Priya Kapoor,Columbus,OH,India
CUST1530,Sneha Joshi,Philadelphia,PA,United States
CUST1531,Vikas Kapoor,San Antonio,TX,India
CUST1532,Neha Kumar,Washington,DC,Canada
CUST1533,Sahil Kumar,San Francisco,CA,United States
CUST1534,Arjun Sharma,Dallas,TX,United States
CUST1535,Karan Sharma,Phoenix,AZ,India
CUST1536,Vikas Sharma,Seattle,WA,United Kingdom
CUST1537,Anjali Sharma,Seattle,WA,India
CUST1538,Vihaan Kumar,Austin,TX,India
CUST1539,Aman Kumar,Denver,CO,United States
CUST1540,Karan Joshi,Columbus,OH,India
CUST1541,Vivaan Singh,Los Angeles,CA,United Kingdom
CUST1542,Pooja Verma,Seattle,WA,United States
CUST1543,Vivaan Kumar,San Antonio,TX,United States
CUST1544,Vikas Joshi,Columbus,OH,India
CUST1545,Aditya Kapoor,Fort Worth,TX,India
CUST1546,Arjun Mehta,Denver,CO,United States
CUST1547,Aditya Kapoor,Philadelphia,PA,Canada
CUST1548,Ritika Sharma,Phoenix,AZ,United Kingdom
CUST1549,Karan Singh,Fort Worth,TX,United States
CUST1550,Sneha Gupta,Indianapolis,IN,United States
CUST1551,Sunita Patel,Chicago,IL,India
CUST1552,Anjali Joshi,Charlotte,NC,United States
CUST1553,Aditya Kumar,Philadelphia,PA,United States
CUST1554,Arjun Kapoor,Indianapolis,IN,United States
CUST1555,Vihaan Singh,Fort Worth,TX,United Kingdom
CUST1556,Vihaan Singh,Phoenix,AZ,United States
CUST1557,Simran Joshi,Houston,TX,Canada
CUST1558,Anjali Mehta,Fort Worth,TX,United States
CUST1559,Vihaan Reddy,Washington,DC,United States
CUST1560,Vikas Kumar,Dallas,TX,United States
CUST1561,Simran Gupta,Fort Worth,TX,United States
CUST1562,Simran Gupta,Charlotte,NC,United States
CUST1563,Vihaan Verma,Columbus,OH,India
CUST1564,Mohit Gupta,Jacksonville,FL,United States
CUST1565,Kabir Sharma,New York,NY,India
CUST1566,Rohit Patel,San Jose,CA,India
CUST1567,Sneha Patel,Charlotte,NC,United States
CUST1568,Sunita Reddy,Houston,TX,India
CUST1569,Vivaan Gupta,New York,NY,United States
CUST1570,Pooja Singh,Charlotte,NC,Canada
CUST1571,Aarav Mehta,Indianapolis,IN,United States
CUST1572,Simran Reddy,Washington,DC,Canada
CUST1573,Vihaan Joshi,Houston,TX,United States
CUST1574,Vivaan Kumar,New York,NY,United States
CUST1575,Sunita Patel,Phoenix,AZ,United Kingdom
CUST1576,Ritika Gupta,Dallas,TX,India
CUST1577,Aditya Sharma,Indianapolis,IN,India
CUST1578,Aditya Kumar,Los Angeles,CA,India
CUST1579,Simran Singh,Washington,DC,Australia
CUST1580,Aditya Patel,San Diego,CA,United States
CUST1581,Vihaan Sharma,San Francisco,CA,United States
CUST1582,Simran Sharma,Denver,CO,United Kingdom
CUST1583,Mohit Kapoor,Philadelphia,PA,United States
CUST1584,Karan Mehta,New York,NY,United States
CUST1585,Neha Sharma,San Diego,CA,India
CUST1586,Sunita Mehta,San Francisco,CA,United States
CUST1587,Rohit Singh,Chicago,IL,United Kingdom
CUST1588,Pooja Gupta,Columbus,OH,United States
CUST1589,Simran Singh,Chicago,IL,Canada
CUST1590,Vivaan Kapoor,Charlotte,NC,Australia
CUST1591,Kabir Kapoor,Charlotte,NC,India
CUST1592,Sneha Gupta,Dallas,TX,India
CUST1593,Neha Mehta,Seattle,WA,India
CUST1594,Sahil Joshi,Los Angeles,CA,United States
CUST1595,Vivaan Verma,Philadelphia,PA,United States
CUST1596,Pooja Mehta,Seattle,WA,United States
CUST1597,Rohit Reddy,San Diego,CA,United States
CUST1598,Sneha Reddy,Fort Worth,TX,India
CUST1599,Aarav Mehta,Houston,TX,Australia
CUST1600,Vikas Joshi,San Antonio,TX,United Kingdom
CUST1601,Sahil Joshi,Chicago,IL,United Kingdom
CUST1602,Vikas Kapoor,Fort Worth,TX,India
CUST1603,Aman Patel,Los Angeles,CA,United States
CUST1604,Sunita Gupta,Fort Worth,TX,Australia
CUST1605,Mohit Sharma,Columbus,OH,United States
CUST1606,Anjali Kapoor,New York,NY,India
CUST1607,Sneha Sharma,Los Angeles,CA,United States
CUST1608,Pooja Sharma,Dallas,TX,United States
CUST1609,Vikas Kapoor,Columbus,OH,Australia
CUST1610,Vihaan Kumar,Jacksonville,FL,United States
CUST1611,Sneha Gupta,New York,NY,United States
CUST1612,Sahil Sharma,Washington,DC,United Kingdom
CUST1613,Sneha Kapoor,Austin,TX,United States
CUST1614,Sunita Patel,New York,NY,United States
CUST1615,Mohit Singh,San Antonio,TX,United States
CUST1616,Sneha Kapoor,Los Angeles,CA,United States
CUST1617,Anjali Patel,San Antonio,TX,United States
CUST1618,Ritika Sharma,Charlotte,NC,Australia
CUST1619,Vikas Kapoor,San Jose,CA,United States
CUST1620,Ritika Singh,Columbus,OH,United States
CUST1621,Neha Reddy,Denver,CO,India
CUST1622,Priya Singh,Los Angeles,CA,United States
CUST1623,Neha Sharma,Indianapolis,IN,India
CUST1624,Aditya Sharma,Fort Worth,TX,India
CUST1625,Sneha Kapoor,San Antonio,TX,United States
CUST1626,Sneha Sharma,San Antonio,TX,United States
CUST1627,Aman Joshi,Phoenix,AZ,United States
CUST1628,Aarav Patel,Houston,TX,United States
CUST1629,Kabir Kumar,Dallas,TX,United States
CUST1630,Vivaan Sharma,Columbus,OH,United States
CUST1631,Arjun Kapoor,San Francisco,CA,United States
CUST1632,Arjun Verma,San Jose,CA,United States
CUST1633,Aditya Patel,Charlotte,NC,United States
CUST1634,Sunita Kapoor,New York,NY,Canada
CUST1635,Priya Patel,Columbus,OH,United States
CUST1636,Arjun Singh,Columbus,OH,United States
CUST1637,Anjali Singh,San Diego,CA,India
CUST1638,Sahil Kapoor,Austin,TX,United States
CUST1639,Vikas Kumar,Austin,TX,United States
CUST1640,Ritika Singh,Austin,TX,United States
CUST1641,Sunita Gupta,San Antonio,TX,United States
CUST1642,Priya Singh,San Francisco,CA,United States
CUST1643,Mohit Sharma,Dallas,TX,United States
CUST1644,Ritika Mehta,San Francisco,CA,United States
CUST1645,Ritika Sharma,Phoenix,AZ,United States
CUST1646,Mohit Kapoor,Fort Worth,TX,United States
CUST1647,Anjali Kapoor,Washington,DC,United States
CUST1648,Sneha Kapoor,Chicago,IL,Australia
CUST1649,Arjun Patel,Austin,TX,United States
CUST1650,Aditya Kumar,San Diego,CA,India
CUST1651,Vikas Patel,Washington,DC,United States
CUST1652,Mohit Verma,Jacksonville,FL,United States
CUST1653,Rohit Kumar,New York,NY,Canada
CUST1654,Aditya Patel,Washington,DC,United States
CUST1655,Pooja Verma,Phoenix,AZ,United Kingdom
CUST1656,Aarav Sharma,Jacksonville,FL,United Kingdom
CUST1657,Sunita Joshi,San Francisco,CA,United States
CUST1658,Karan Singh,Indianapolis,IN,India
CUST1659,Karan Joshi,Charlotte,NC,United States
CUST1660,Sahil Mehta,Seattle,WA,United States
CUST1661,Vihaan Joshi,San Jose,CA,United States
CUST1662,Ritika Kumar,Charlotte,NC,Australia
CUST1663,Aditya Sharma,Chicago,IL,United Kingdom
CUST1664,Priya Sharma,San Antonio,TX,Australia
CUST1665,Anjali Gupta,Indianapolis,IN,United States
CUST1666,Anjali Singh,Charlotte,NC,United States
CUST1667,Sunita Singh,New York,NY,United States
CUST1668,Aditya Reddy,Houston,TX,United States
CUST1669,Aditya Patel,Charlotte,NC,United Kingdom
CUST1670,Kabir Kapoor,Washington,DC,United States
CUST1671,Neha Sharma,New York,NY,United States
CUST1672,Karan Singh,Chicago,IL,Australia
CUST1673,Kabir Mehta,San Antonio,TX,United States
CUST1674,Rohit Kumar,Dallas,TX,Canada
CUST1675,Karan Reddy,Chicago,IL,United States
CUST1676,Priya Gupta,San Diego,CA,India
CUST1677,Sneha Verma,Chicago,IL,Canada
CUST1678,Vivaan Mehta,Columbus,OH,United States
CUST1679,Neha Singh,Denver,CO,United States
CUST1680,Vivaan Patel,Seattle,WA,United States
CUST1681,Aarav Mehta,Austin,TX,United States
CUST1682,Aditya Gupta,Phoenix,AZ,Canada
CUST1683,Rohit Verma,Phoenix,AZ,United States
CUST1684,Aarav Kumar,Austin,TX,United States
CUST1685,Mohit Gupta,Charlotte,NC,United States
CUST1686,Sunita Joshi,Chicago,IL,United States
CUST1687,Aditya Reddy,Washington,DC,United States
CUST1688,Sunita Singh,San Jose,CA,United States
CUST1689,Vikas Mehta,Columbus,OH,United States
CUST1690,Vikas Singh,Philadelphia,PA,United States
CUST1691,Simran Sharma,Phoenix,AZ,Canada
CUST1692,Pooja Joshi,Indianapolis,IN,United States
CUST1693,Sneha Gupta,Denver,CO,United States
CUST1694,Aditya Patel,New York,NY,United States
CUST1695,Sahil Mehta,Seattle,WA,India
CUST1696,Ritika Kumar,Dallas,TX,United States
CUST1697,Sahil Sharma,Washington,DC,United States
CUST1698,Priya Verma,San Francisco,CA,United States
CUST1699,Aman Kapoor,Dallas,TX,United Kingdom
CUST1700,Kabir Singh,San Antonio,TX,India
CUST1701,Vihaan Joshi,Los Angeles,CA,United States
CUST1702,Mohit Singh,Jacksonville,FL,United Kingdom
CUST1703,Rohit Kumar,Washington,DC,United States
CUST1704,Arjun Sharma,San Diego,CA,India
CUST1705,Karan Verma,San Diego,CA,Australia
CUST1706,Karan Kumar,San Diego,CA,United States
CUST1707,Arjun Kapoor,Dallas,TX,United States
CUST1708,Pooja Patel,Phoenix,AZ,United Kingdom
CUST1709,Aditya Verma,New York,NY,United States
CUST1710,Sunita Reddy,San Diego,CA,United States
CUST1711,Sunita Reddy,Phoenix,AZ,United States
CUST1712,Aarav Kapoor,Dallas,TX,United States
CUST1713,Ritika Reddy,Austin,TX,Canada
CUST1714,Karan Singh,San Antonio,TX,United States
CUST1715,Ritika Kapoor,Austin,TX,United States
CUST1716,Vihaan Verma,Dallas,TX,United States
CUST1717,Ritika Verma,Fort Worth,TX,United States
CUST1718,Priya Reddy,New York,NY,United States
CUST1719,Vikas Mehta,San Antonio,TX,United States
CUST1720,Neha Kapoor,Houston,TX,United States
CUST1721,Kabir Joshi,Phoenix,AZ,United States
CUST1722,Vivaan Singh,Fort Worth,TX,United States
CUST1723,Pooja Mehta,Houston,TX,Canada
CUST1724,Arjun Kapoor,Columbus,OH,United States
CUST1725,Kabir Mehta,Seattle,WA,Australia
CUST1726,Vivaan Mehta,Indianapolis,IN,United States
CUST1727,Anjali Kumar,Philadelphia,PA,United States
CUST1728,Vivaan Joshi,Austin,TX,United States
CUST1729,Pooja Patel,Jacksonville,FL,India
CUST1730,Aarav Patel,Phoenix,AZ,United States
CUST1731,Priya Gupta,Columbus,OH,United States
CUST1732,Pooja Joshi,Chicago,IL,United States
CUST1733,Vihaan Kumar,Denver,CO,United Kingdom
CUST1734,Simran Patel,Phoenix,AZ,United States
CUST1735,Pooja Mehta,Chicago,IL,India
CUST1736,Kabir Verma,San Jose,CA,United States
CUST1737,Rohit Joshi,Jacksonville,FL,United States
CUST1738,Rohit Mehta,Charlotte,NC,India
CUST1739,Neha Reddy,New York,NY,Australia
CUST1740,Vikas Sharma,Columbus,OH,India
CUST1741,Aman Singh,Washington,DC,United States
CUST1742,Aditya Gupta,Los Angeles,CA,United States
CUST1743,Arjun Reddy,San Francisco,CA,United States
CUST1744,Ritika Sharma,Jacksonville,FL,United States
CUST1745,Mohit Kumar,Chicago,IL,United States
CUST1746,Sneha Sharma,San Antonio,TX,India
CUST1747,Pooja Patel,Denver,CO,United States
CUST1748,Simran Reddy,Philadelphia,PA,United States
CUST1749,Sunita Verma,San Francisco,CA,India
CUST1750,Aarav Kumar,San Francisco,CA,United States
CUST1751,Vikas Joshi,Fort Worth,TX,India
CUST1752,Kabir Joshi,Indianapolis,IN,United States
CUST1753,Mohit Joshi,Chicago,IL,United States
CUST1754,Vikas Patel,Philadelphia,PA,United States
CUST1755,Mohit Gupta,Philadelphia,PA,India
CUST1756,Aditya Gupta,Jacksonville,FL,Australia
CUST1757,Aarav Mehta,San Diego,CA,United States
CUST1758,Vivaan Singh,Indianapolis,IN,United States
CUST1759,Ritika Kumar,San Antonio,TX,United States
CUST1760,Sneha Kumar,Denver,CO,Canada
CUST1761,Rohit Gupta,San Diego,CA,United States
CUST1762,Aarav Sharma,Los Angeles,CA,United States
CUST1763,Neha Singh,Indianapolis,IN,United Kingdom
CUST1764,Aarav Kumar,Charlotte,NC,United States
CUST1765,Pooja Kapoor,Jacksonville,FL,United States
CUST1766,Priya Gupta,San Jose,CA,United States
CUST1767,Karan Mehta,Los Angeles,CA,United States
CUST1768,Vikas Joshi,Phoenix,AZ,United States
CUST1769,Pooja Kumar,New York,NY,United States
CUST1770,Simran Gupta,Phoenix,AZ,Canada
CUST1771,Aman Kapoor,Charlotte,NC,United States
CUST1772,Vihaan Sharma,Los Angeles,CA,United States
CUST1773,Sahil Kapoor,Charlotte,NC,Canada
CUST1774,Kabir Gupta,San Diego,CA,United States
CUST1775,Priya Verma,Houston,TX,United States
CUST1776,Anjali Gupta,Denver,CO,United States
CUST1777,Anjali Gupta,Charlotte,NC,Canada
CUST1778,Pooja Gupta,Austin,TX,India
CUST1779,Aman Kumar,Phoenix,AZ,United States
CUST1780,Vivaan Kapoor,Fort Worth,TX,United States
CUST1781,Sunita Patel,Indianapolis,IN,United States
CUST1782,Arjun Sharma,San Francisco,CA,India
CUST1783,Neha Gupta,San Diego,CA,United States
CUST1784,Pooja Mehta,Los Angeles,CA,United States
CUST1785,Sunita Mehta,Philadelphia,PA,United States
CUST1786,Vivaan Kapoor,Austin,TX,India
CUST1787,Ritika Kumar,Columbus,OH,India
CUST1788,Sahil Joshi,Denver,CO,Australia
CUST1789,Priya Singh,Philadelphia,PA,United States
CUST1790,Sahil Singh,Chicago,IL,Canada
CUST1791,Priya Verma,Washington,DC,India
CUST1792,Neha Singh,Chicago,IL,United States
CUST1793,Pooja Reddy,Dallas,TX,Australia
CUST1794,Mohit Patel,San Francisco,CA,United States
CUST1795,Aditya Kumar,Houston,TX,India
CUST1796,Vikas Kumar,San Diego,CA,United States
CUST1797,Priya Mehta,San Jose,CA,United States
CUST1798,Anjali Patel,Indianapolis,IN,United States
CUST1799,Pooja Kapoor,San Jose,CA,United States
CUST1800,Vihaan Joshi,Seattle,WA,United States
CUST1801,Vivaan Kapoor,San Jose,CA,United States
CUST1802,Ritika Kapoor,Indianapolis,IN,United States
CUST1803,Rohit Reddy,Columbus,OH,India
CUST1804,Aman Gupta,Seattle,WA,India
CUST1805,Karan Sharma,San Diego,CA,India
CUST1806,Arjun Singh,Indianapolis,IN,United States
CUST1807,Rohit Patel,Columbus,OH,United States
CUST1808,Karan Kapoor,Philadelphia,PA,United States
CUST1809,Simran Singh,Austin,TX,United States
CUST1810,Anjali Singh,Chicago,IL,India
CUST1811,Aditya Joshi,Jacksonville,FL,United Kingdom
CUST1812,Anjali Singh,Los Angeles,CA,United States
CUST1813,Aarav Joshi,San Antonio,TX,United States
CUST1814,Pooja Kumar,Seattle,WA,United Kingdom
CUST1815,Mohit Kapoor,Chicago,IL,United States
CUST1816,Aditya Singh,Chicago,IL,United States
CUST1817,Kabir Mehta,Indianapolis,IN,United States
CUST1818,Karan Joshi,San Francisco,CA,United States
CUST1819,Sunita Sharma,Washington,DC,United Kingdom
CUST1820,Vivaan Reddy,Jacksonville,FL,United States
CUST1821,Rohit Patel,Dallas,TX,Canada
CUST1822,Aarav Patel,Chicago,IL,United States
CUST1823,Aman Kumar,Los Angeles,CA,United States
CUST1824,Aarav Sharma,San Francisco,CA,United States
CUST1825,Sneha Kumar,Los Angeles,CA,United States
CUST1826,Vikas Gupta,Fort Worth,TX,United States
CUST1827,Arjun Verma,Austin,TX,United States
CUST1828,Ritika Gupta,Denver,CO,India
CUST1829,Mohit Verma,Philadelphia,PA,United States
CUST1830,Vivaan Gupta,Columbus,OH,United States
CUST1831,Priya Joshi,Jacksonville,FL,United States
CUST1832,Aman Kapoor,Seattle,WA,United States
CUST1833,Aman Patel,Washington,DC,India
CUST1834,Anjali Joshi,Columbus,OH,United States
CUST1835,Vikas Kumar,San Francisco,CA,United Kingdom
CUST1836,Mohit Mehta,Charlotte,NC,United States
CUST1837,Sneha Singh,Columbus,OH,United States
CUST1838,Rohit Sharma,Columbus,OH,United States
CUST1839,Ritika Reddy,Washington,DC,United States
CUST1840,Mohit Verma,Jacksonville,FL,India
CUST1841,Vikas Sharma,Phoenix,AZ,United States
CUST1842,Sunita Gupta,San Jose,CA,United States
CUST1843,Vivaan Kapoor,Philadelphia,PA,United States
CUST1844,Vihaan Mehta,Seattle,WA,United States
CUST1845,Simran Mehta,San Jose,CA,India
CUST1846,Pooja Joshi,Houston,TX,Canada
CUST1847,Arjun Kumar,San Antonio,TX,India
CUST1848,Aarav Gupta,Los Angeles,CA,United States
CUST1849,Aman Gupta,Dallas,TX,India
CUST1850,Arjun Mehta,Columbus,OH,United States
CUST1851,Vihaan Reddy,Fort Worth,TX,United States
CUST1852,Kabir Verma,Denver,CO,United States
CUST1853,Priya Verma,Columbus,OH,United States
CUST1854,Vihaan Joshi,San Antonio,TX,United States
CUST1855,Rohit Kapoor,Chicago,IL,United States
CUST1856,Rohit Gupta,San Antonio,TX,United States
CUST1857,Aman Kumar,San Jose,CA,United States
CUST1858,Priya Singh,Austin,TX,United States
CUST1859,Vivaan Reddy,Jacksonville,FL,Canada
CUST1860,Neha Kumar,New York,NY,United Kingdom
CUST1861,Neha Patel,New York,NY,United States
CUST1862,Sneha Sharma,San Jose,CA,United States
CUST1863,Aarav Verma,San Jose,CA,United States
CUST1864,Vihaan Kapoor,Washington,DC,United Kingdom
CUST1865,Neha Singh,New York,NY,United States
CUST1866,Aditya Reddy,Chicago,IL,United States
CUST1867,Pooja Kumar,Charlotte,NC,United Kingdom
CUST1868,Simran Gupta,Houston,TX,United States
CUST1869,Priya Patel,Houston,TX,India
CUST1870,Anjali Mehta,San Jose,CA,United States
CUST1871,Vihaan Verma,Los Angeles,CA,India
CUST1872,Vivaan Sharma,San Antonio,TX,United States
CUST1873,Arjun Singh,Austin,TX,United States
CUST1874,Anjali Patel,San Diego,CA,United States
CUST1875,Simran Kapoor,Austin,TX,United States
CUST1876,Vikas Patel,Los Angeles,CA,United States
CUST1877,Sunita Mehta,New York,NY,Canada
CUST1878,Simran Gupta,Houston,TX,India
CUST1879,Sunita Joshi,Charlotte,NC,United States
CUST1880,Karan Singh,San Jose,CA,United Kingdom
CUST1881,Vihaan Singh,Austin,TX,United States
CUST1882,Vivaan Singh,Houston,TX,United States
CUST1883,Vihaan Mehta,Charlotte,NC,United States
CUST1884,Ritika Joshi,San Diego,CA,United States
CUST1885,Ritika Joshi,Seattle,WA,United States
CUST1886,Mohit Kapoor,Austin,TX,Australia
CUST1887,Sunita Patel,Chicago,IL,Australia
CUST1888,Kabir Sharma,Seattle,WA,United States
CUST1889,Arjun Joshi,San Jose,CA,United States
CUST1890,Neha Verma,Los Angeles,CA,Canada
CUST1891,Karan Joshi,Charlotte,NC,India
CUST1892,Vivaan Verma,Charlotte,NC,United States
CUST1893,Ritika Kapoor,Dallas,TX,Australia
CUST1894,Sneha Patel,Los Angeles,CA,United States
CUST1895,Aman Reddy,Columbus,OH,India
CUST1896,Kabir Verma,Jacksonville,FL,United Kingdom
CUST1897,Karan Kumar,San Antonio,TX,United States
CUST1898,Neha Patel,Columbus,OH,India
CUST1899,Sunita Singh,Washington,DC,United States
CUST1900,Vivaan Sharma,Chicago,IL,United States
CUST1901,Neha Joshi,Charlotte,NC,United States
CUST1902,Mohit Verma,Washington,DC,United States
CUST1903,Neha Patel,Phoenix,AZ,United States
CUST1904,Sneha Patel,Austin,TX,India
CUST1905,Pooja Sharma,Houston,TX,United States
CUST1906,Sahil Mehta,Fort Worth,TX,United States
CUST1907,Sunita Kumar,Denver,CO,India
CUST1908,Simran Kapoor,Columbus,OH,United States
CUST1909,Simran Verma,Houston,TX,United States
CUST1910,Anjali Verma,Dallas,TX,United States
CUST1911,Neha Sharma,Austin,TX,United States
CUST1912,Vihaan Mehta,Indianapolis,IN,India
CUST1913,Karan Sharma,Austin,TX,Australia
CUST1914,Sahil Reddy,San Antonio,TX,United States
CUST1915,Aarav Verma,Indianapolis,IN,United States
CUST1916,Kabir Kapoor,Dallas,TX,United States
CUST1917,Priya Reddy,Houston,TX,United States
CUST1918,Simran Patel,Jacksonville,FL,United States
CUST1919,Vikas Sharma,Dallas,TX,Canada
CUST1920,Sneha Joshi,Phoenix,AZ,United States
CUST1921,Anjali Reddy,Columbus,OH,United States
CUST1922,Kabir Kapoor,Seattle,WA,United States
CUST1923,Simran Verma,Denver,CO,United States
CUST1924,Sahil Reddy,Denver,CO,United States
CUST1925,Vikas Verma,Denver,CO,United States
CUST1926,Vivaan Singh,Dallas,TX,United States
CUST1927,Neha Singh,Charlotte,NC,United States
CUST1928,Karan Verma,Washington,DC,United Kingdom
CUST1929,Pooja Kapoor,New York,NY,United States
CUST1930,Rohit Kumar,Los Angeles,CA,United States
CUST1931,Vihaan Mehta,Chicago,IL,United Kingdom
CUST1932,Rohit Joshi,Houston,TX,United States
CUST1933,Vihaan Mehta,Jacksonville,FL,United States
CUST1934,Vihaan Joshi,Charlotte,NC,India
CUST1935,Simran Kapoor,Chicago,IL,United States
CUST1936,Aman Singh,San Francisco,CA,United States
CUST1937,Neha Sharma,Philadelphia,PA,United States
CUST1938,Aman Sharma,Indianapolis,IN,United States
CUST1939,Sahil Mehta,New York,NY,United States
CUST1940,Ritika Joshi,Columbus,OH,United States
CUST1941,Aman Singh,Fort Worth,TX,United States
CUST1942,Ritika Singh,Seattle,WA,United Kingdom
CUST1943,Arjun Verma,San Antonio,TX,United States
CUST1944,Sunita Kapoor,Charlotte,NC,India
CUST1945,Kabir Patel,Phoenix,AZ,India
CUST1946,Aman Mehta,Indianapolis,IN,United States
CUST1947,Karan Kapoor,San Francisco,CA,United States
CUST1948,Sneha Gupta,San Diego,CA,United Kingdom
CUST1949,Sunita Patel,Los Angeles,CA,United States
CUST1950,Priya Joshi,Chicago,IL,United States
CUST1951,Arjun Singh,San Francisco,CA,United States
CUST1952,Karan Kapoor,Jacksonville,FL,United States
CUST1953,Aman Gupta,Houston,TX,India
CUST1954,Sahil Patel,Houston,TX,United States
CUST1955,Sahil Kumar,San Jose,CA,United States
CUST1956,Rohit Kumar,San Antonio,TX,United Kingdom
CUST1957,Kabir Gupta,Austin,TX,Australia
CUST1958,Vihaan Patel,San Jose,CA,India
CUST1959,Sahil Joshi,Seattle,WA,United States
CUST1960,Ritika Kapoor,San Francisco,CA,United Kingdom
CUST1961,Karan Reddy,Indianapolis,IN,United States
CUST1962,Priya Mehta,New York,NY,United States
CUST1963,Aarav Reddy,Denver,CO,United States
CUST1964,Sunita Singh,Austin,TX,United States
CUST1965,Vivaan Sharma,Los Angeles,CA,United Kingdom
CUST1966,Rohit Gupta,Austin,TX,United States
CUST1967,Mohit Gupta,Chicago,IL,India
CUST1968,Pooja Singh,San Antonio,TX,United States
CUST1969,Vivaan Gupta,Charlotte,NC,Canada
CUST1970,Vivaan Patel,New York,NY,India
CUST1971,Simran Verma,San Francisco,CA,United States
CUST1972,Kabir Reddy,San Francisco,CA,United States
CUST1973,Sneha Reddy,San Diego,CA,Canada
CUST1974,Sunita Kumar,Washington,DC,India
CUST1975,Aman Gupta,Seattle,WA,United States
CUST1976,Sunita Mehta,Jacksonville,FL,United States
CUST1977,Vivaan Sharma,San Francisco,CA,United States
CUST1978,Sneha Patel,Austin,TX,Canada
CUST1979,Ritika Reddy,Los Angeles,CA,United States
CUST1980,Kabir Kumar,Los Angeles,CA,United States
CUST1981,Rohit Gupta,Dallas,TX,United States
CUST1982,Simran Singh,New York,NY,United States
CUST1983,Aditya Singh,Indianapolis,IN,United States
CUST1984,Mohit Reddy,Washington,DC,United States
CUST1985,Vihaan Mehta,San Jose,CA,United States
CUST1986,Vivaan Mehta,Washington,DC,United Kingdom
CUST1987,Pooja Reddy,Philadelphia,PA,United States
CUST1988,Pooja Singh,Houston,TX,United States
CUST1989,Mohit Kapoor,Denver,CO,United States
CUST1990,Pooja Sharma,San Antonio,TX,United States
CUST1991,Anjali Joshi,Houston,TX,United States
CUST1992,Kabir Sharma,San Jose,CA,United Kingdom
CUST1993,Kabir Gupta,Austin,TX,United States
CUST1994,Neha Kapoor,Jacksonville,FL,Australia
CUST1995,Sahil Patel,Phoenix,AZ,India
CUST1996,Mohit Reddy,San Antonio,TX,United States
CUST1997,Mohit Mehta,Philadelphia,PA,United States
CUST1998,Sahil Reddy,Los Angeles,CA,United States
CUST1999,Sunita Verma,Charlotte,NC,United States
CUST2000,Rohit Patel,Austin,TX,United States
CUST2001,Priya Kumar,Austin,TX,United States
CUST2002,Kabir Reddy,Columbus,OH,India
CUST2003,Neha Reddy,Denver,CO,United States
CUST2004,Aarav Verma,Denver,CO,United States
CUST2005,Vikas Joshi,San Francisco,CA,India
CUST2006,Kabir Kumar,Washington,DC,Canada
CUST2007,Sunita Verma,Austin,TX,United States
CUST2008,Sahil Gupta,San Diego,CA,United States
CUST2009,Neha Sharma,Denver,CO,Canada
CUST2010,Priya Kumar,San Jose,CA,Canada
CUST2011,Anjali Reddy,Charlotte,NC,India
CUST2012,Aditya Verma,Columbus,OH,United States
CUST2013,Aditya Kumar,Denver,CO,United States
CUST2014,Rohit Mehta,Jacksonville,FL,United States
CUST2015,Vihaan Kumar,San Jose,CA,United States
CUST2016,Sahil Mehta,Los Angeles,CA,United Kingdom
CUST2017,Anjali Sharma,Seattle,WA,United States
CUST2018,Vivaan Singh,Austin,TX,United States
CUST2019,Pooja Reddy,Columbus,OH,United States
CUST2020,Aditya Kapoor,Washington,DC,United States
CUST2021,Sneha Gupta,Fort Worth,TX,United States
CUST2022,Karan Mehta,Denver,CO,United States
CUST2023,Simran Mehta,Seattle,WA,United States
CUST2024,Karan Patel,Columbus,OH,United States
CUST2025,Aarav Mehta,San Francisco,CA,United States
CUST2026,Vihaan Reddy,Seattle,WA,United States
CUST2027,Aditya Kapoor,Columbus,OH,United States
CUST2028,Vivaan Verma,Phoenix,AZ,United States
CUST2029,Vikas Reddy,Fort Worth,TX,United States
CUST2030,Vihaan Gupta,Phoenix,AZ,United States
CUST2031,Simran Mehta,Philadelphia,PA,United States
CUST2032,Sunita Sharma,Philadelphia,PA,United States
CUST2033,Neha Singh,Philadelphia,PA,United States
CUST2034,Sahil Kumar,Columbus,OH,United Kingdom
CUST2035,Arjun Mehta,Chicago,IL,India
CUST2036,Sahil Gupta,Phoenix,AZ,India
CUST2037,Arjun Gupta,Denver,CO,United States
CUST2038,Vikas Sharma,Houston,TX,United States
CUST2039,Sahil Reddy,Los Angeles,CA,India
CUST2040,Arjun Verma,San Antonio,TX,Canada
CUST2041,Vivaan Sharma,Austin,TX,United States
CUST2042,Sahil Verma,Los Angeles,CA,United Kingdom
CUST2043,Priya Kumar,Los Angeles,CA,United States
CUST2044,Vikas Kumar,Seattle,WA,India
CUST2045,Arjun Singh,New York,NY,United States
CUST2046,Mohit Kumar,Seattle,WA,United States
CUST2047,Rohit Verma,San Francisco,CA,India
CUST2048,Mohit Kapoor,San Antonio,TX,United Kingdom
CUST2049,Vivaan Reddy,Los Angeles,CA,United States
CUST2050,Simran Reddy,Denver,CO,United States
CUST2051,Aditya Gupta,Seattle,WA,United States
CUST2052,Vihaan Kumar,Houston,TX,United States
CUST2053,Ritika Joshi,San Jose,CA,Australia
CUST2054,Anjali Patel,Houston,TX,India
CUST2055,Arjun Kumar,Fort Worth,TX,United States
CUST2056,Neha Joshi,San Francisco,CA,United States
CUST2057,Anjali Kapoor,Denver,CO,Canada
CUST2058,Priya Kapoor,San Francisco,CA,Canada
CUST2059,Ritika Patel,Washington,DC,United States
CUST2060,Anjali Mehta,Jacksonville,FL,United States
CUST2061,Mohit Sharma,San Jose,CA,India
CUST2062,Sneha Mehta,Seattle,WA,United States
CUST2063,Pooja Patel,Phoenix,AZ,United States
CUST2064,Neha Joshi,Phoenix,AZ,United States
CUST2065,Simran Patel,San Diego,CA,United States
CUST2066,Sahil Verma,San Jose,CA,United States
CUST2067,Aditya Gupta,Washington,DC,United States
CUST2068,Rohit Gupta,Philadelphia,PA,Canada
CUST2069,Aarav Reddy,Dallas,TX,United States
CUST2070,Aarav Kapoor,Philadelphia,PA,United States
CUST2071,Ritika Mehta,Washington,DC,United States
CUST2072,Ritika Kumar,Columbus,OH,United States
CUST2073,Vivaan Reddy,Seattle,WA,Canada
CUST2074,Pooja Reddy,Denver,CO,United States
CUST2075,Arjun Patel,Fort Worth,TX,United States
CUST2076,Sunita Kumar,Houston,TX,India
CUST2077,Aditya Mehta,Seattle,WA,United States
CUST2078,Aarav Kumar,Jacksonville,FL,Canada
CUST2079,Kabir Singh,Houston,TX,United States
CUST2080,Aman Singh,San Jose,CA,India
CUST2081,Simran Singh,Charlotte,NC,United States
CUST2082,Ritika Singh,Chicago,IL,United States
CUST2083,Neha Patel,Philadelphia,PA,United States
CUST2084,Vivaan Kumar,Indianapolis,IN,United States
CUST2085,Neha Kumar,Philadelphia,PA,Canada
CUST2086,Aditya Gupta,Denver,CO,United States
CUST2087,Vivaan Kumar,Jacksonville,FL,United States
CUST2088,Sunita Joshi,San Francisco,CA,India
CUST2089,Simran Sharma,Chicago,IL,United States
CUST2090,Vivaan Patel,Houston,TX,United States
CUST2091,Ritika Singh,Philadelphia,PA,India
CUST2092,Vikas Kapoor,Houston,TX,Canada
CUST2093,Aditya Reddy,Philadelphia,PA,United States
CUST2094,Pooja Mehta,Philadelphia,PA,United States
CUST2095,Sneha Reddy,Seattle,WA,United States
CUST2096,Sunita Patel,Charlotte,NC,United States
CUST2097,Vikas Joshi,Washington,DC,United Kingdom
CUST2098,Neha Kapoor,Seattle,WA,United States
CUST2099,Aarav Reddy,Philadelphia,PA,Canada
CUST2100,Mohit Kumar,Phoenix,AZ,United States
CUST2101,Arjun Singh,Dallas,TX,India
CUST2102,Mohit Patel,San Antonio,TX,India
CUST2103,Kabir Verma,Seattle,WA,United States
CUST2104,Neha Kumar,Philadelphia,PA,United States
CUST2105,Ritika Singh,San Antonio,TX,United States
CUST2106,Sneha Sharma,Philadelphia,PA,United States
CUST2107,Ritika Singh,Los Angeles,CA,United States
CUST2108,Arjun Reddy,Dallas,TX,United States
CUST2109,Vivaan Kapoor,Seattle,WA,Australia
CUST2110,Arjun Sharma,Denver,CO,United States
CUST2111,Mohit Gupta,Dallas,TX,United States
CUST2112,Mohit Reddy,Indianapolis,IN,United States
CUST2113,Sunita Kapoor,Fort Worth,TX,United States
CUST2114,Ritika Sharma,Washington,DC,United States
CUST2115,Priya Verma,Chicago,IL,India
CUST2116,Rohit Joshi,Columbus,OH,India
CUST2117,Kabir Joshi,Philadelphia,PA,United States
CUST2118,Neha Singh,Fort Worth,TX,United States
CUST2119,Sneha Mehta,Seattle,WA,India
CUST2120,Ritika Singh,San Francisco,CA,United States
CUST2121,Kabir Reddy,Los Angeles,CA,Canada
CUST2122,Anjali Joshi,Denver,CO,Canada
CUST2123,Arjun Verma,Charlotte,NC,United States
CUST2124,Aarav Kumar,Phoenix,AZ,United States
CUST2125,Aman Reddy,Washington,DC,Canada
CUST2126,Karan Singh,Jacksonville,FL,United States
CUST2127,Kabir Verma,Houston,TX,United States
CUST2128,Mohit Joshi,San Francisco,CA,Canada
CUST2129,Kabir Kapoor,Denver,CO,Australia
CUST2130,Vivaan Reddy,San Jose,CA,United States
CUST2131,Aditya Joshi,Washington,DC,United States
CUST2132,Arjun Kapoor,Jacksonville,FL,United States
CUST2133,Sahil Sharma,San Antonio,TX,United States
CUST2134,Karan Reddy,Washington,DC,United States
CUST2135,Karan Patel,Jacksonville,FL,United States
CUST2136,Vivaan Reddy,Chicago,IL,United States
CUST2137,Karan Kumar,Columbus,OH,India
CUST2138,Neha Mehta,New York,NY,United States
CUST2139,Vikas Kapoor,Columbus,OH,United States
CUST2140,Karan Singh,Washington,DC,United States
CUST2141,Priya Kapoor,Jacksonville,FL,United States
CUST2142,Sahil Mehta,Fort Worth,TX,India
CUST2143,Aarav Sharma,Washington,DC,United States
CUST2144,Ritika Reddy,Chicago,IL,Australia
CUST2145,Vihaan Reddy,San Jose,CA,United States
CUST2146,Aarav Mehta,Columbus,OH,United States
CUST2147,Karan Patel,Seattle,WA,Canada
CUST2148,Vihaan Singh,San Francisco,CA,United States
CUST2149,Sahil Mehta,Columbus,OH,India
CUST2150,Ritika Patel,Seattle,WA,United States
CUST2151,Kabir Gupta,Austin,TX,India
CUST2152,Sunita Kumar,Charlotte,NC,United States
CUST2153,Karan Reddy,Denver,CO,United States
CUST2154,Sahil Joshi,Denver,CO,United States
CUST2155,Mohit Patel,Chicago,IL,India
CUST2156,Neha Gupta,Indianapolis,IN,United States
CUST2157,Priya Kapoor,Philadelphia,PA,Canada
CUST2158,Vikas Mehta,Houston,TX,United States
CUST2159,Arjun Verma,Fort Worth,TX,India
CUST2160,Sneha Joshi,Columbus,OH,India
CUST2161,Mohit Verma,New York,NY,United Kingdom
CUST2162,Rohit Reddy,San Antonio,TX,United States
CUST2163,Sunita Patel,Philadelphia,PA,India
CUST2164,Vivaan Singh,San Jose,CA,United States
CUST2165,Sunita Sharma,San Antonio,TX,United States
CUST2166,Aditya Singh,Houston,TX,United States
CUST2167,Neha Kapoor,Washington,DC,United States
CUST2168,Sneha Patel,Dallas,TX,United States
CUST2169,Aditya Kapoor,Philadelphia,PA,India
CUST2170,Vivaan Mehta,San Diego,CA,United States
CUST2171,Aman Gupta,New York,NY,United States
CUST2172,Kabir Sharma,Columbus,OH,Canada
CUST2173,Mohit Joshi,Jacksonville,FL,United States
CUST2174,Simran Sharma,Seattle,WA,United States
CUST2175,Rohit Reddy,Los Angeles,CA,India
CUST2176,Priya Kumar,San Francisco,CA,United States
CUST2177,Vivaan Kapoor,Seattle,WA,United States
CUST2178,Sneha Kapoor,San Francisco,CA,United States
CUST2179,Vikas Kumar,New York,NY,Canada
CUST2180,Aarav Singh,San Diego,CA,India
CUST2181,Sunita Patel,Philadelphia,PA,Canada
CUST2182,Sunita Mehta,Fort Worth,TX,India
CUST2183,Aman Sharma,Houston,TX,United States
CUST2184,Sahil Gupta,Charlotte,NC,United Kingdom
CUST2185,Sahil Kapoor,San Diego,CA,India
CUST2186,Vikas Patel,Indianapolis,IN,United States
CUST2187,Pooja Kumar,San Jose,CA,United States
CUST2188,Kabir Kumar,New York,NY,United States
CUST2189,Simran Mehta,Chicago,IL,United States
CUST2190,Ritika Sharma,San Francisco,CA,United States
CUST2191,Pooja Singh,Charlotte,NC,United States
CUST2192,Karan Reddy,Denver,CO,India
CUST2193,Vihaan Reddy,Jacksonville,FL,United States
CUST2194,Aditya Reddy,New York,NY,United States
CUST2195,Priya Patel,Fort Worth,TX,United States
CUST2196,Pooja Reddy,Indianapolis,IN,United States
CUST2197,Ritika Gupta,Indianapolis,IN,India
CUST2198,Simran Mehta,Indianapolis,IN,United States
CUST2199,Ritika Joshi,Dallas,TX,Canada
CUST2200,Sneha Patel,New York,NY,Canada
CUST2201,Ritika Sharma,San Diego,CA,United States
CUST2202,Sunita Kumar,Austin,TX,India
CUST2203,Sneha Patel,Washington,DC,United States
CUST2204,Karan Patel,San Francisco,CA,India
CUST2205,Aman Reddy,Jacksonville,FL,United States
CUST2206,Aarav Gupta,Los Angeles,CA,Canada
CUST2207,Sneha Gupta,Chicago,IL,United States
CUST2208,Anjali Verma,Phoenix,AZ,Canada
CUST2209,Neha Patel,San Francisco,CA,United States
CUST2210,Vikas Kumar,Phoenix,AZ,India
CUST2211,Ritika Gupta,San Francisco,CA,Canada
CUST2212,Mohit Kumar,New York,NY,United States
CUST2213,Neha Kumar,Columbus,OH,India
CUST2214,Sneha Kumar,San Jose,CA,United States
CUST2215,Pooja Kumar,San Francisco,CA,Canada
CUST2216,Sneha Kapoor,Indianapolis,IN,United States
CUST2217,Vikas Singh,New York,NY,United Kingdom
CUST2218,Aditya Joshi,Indianapolis,IN,United States
CUST2219,Kabir Sharma,San Jose,CA,United States
CUST2220,Neha Patel,San Antonio,TX,United States
CUST2221,Kabir Patel,San Jose,CA,Australia
CUST2222,Neha Kapoor,Phoenix,AZ,United States
CUST2223,Pooja Joshi,San Diego,CA,Canada
CUST2224,Pooja Mehta,Seattle,WA,Australia
CUST2225,Arjun Sharma,New York,NY,United States
CUST2226,Aman Mehta,Philadelphia,PA,India
CUST2227,Neha Reddy,Fort Worth,TX,Canada
CUST2228,Vikas Mehta,Washington,DC,United States
CUST2229,Mohit Joshi,Seattle,WA,Canada
CUST2230,Vihaan Reddy,Dallas,TX,United States
CUST2231,Simran Patel,Dallas,TX,United States
CUST2232,Aarav Sharma,New York,NY,United States
CUST2233,Rohit Mehta,San Antonio,TX,India
CUST2234,Ritika Verma,Phoenix,AZ,United States
CUST2235,Kabir Gupta,San Antonio,TX,United Kingdom
CUST2236,Mohit Reddy,San Jose,CA,United States
CUST2237,Pooja Kumar,San Jose,CA,India
CUST2238,Pooja Joshi,San Antonio,TX,United States
CUST2239,Kabir Patel,Jacksonville,FL,Canada
CUST2240,Vikas Singh,San Antonio,TX,Australia
CUST2241,Vikas Patel,Columbus,OH,United States
CUST2242,Simran Singh,Chicago,IL,United States
CUST2243,Ritika Kumar,San Jose,CA,United States
CUST2244,Vihaan Gupta,Indianapolis,IN,India
CUST2245,Rohit Singh,Jacksonville,FL,United States
CUST2246,Aarav Singh,San Antonio,TX,Australia
CUST2247,Karan Joshi,Austin,TX,United States
CUST2248,Arjun Reddy,Charlotte,NC,United States
CUST2249,Sahil Patel,Columbus,OH,United States
CUST2250,Mohit Sharma,Phoenix,AZ,India
CUST2251,Rohit Gupta,San Francisco,CA,United States
CUST2252,Neha Verma,Jacksonville,FL,United States
CUST2253,Simran Patel,Austin,TX,India
CUST2254,Pooja Patel,Dallas,TX,United States
CUST2255,Sahil Gupta,Jacksonville,FL,United States
CUST2256,Vikas Sharma,Dallas,TX,United Kingdom
CUST2257,Karan Verma,Chicago,IL,United Kingdom
CUST2258,Vikas Kapoor,San Francisco,CA,Canada
CUST2259,Ritika Reddy,San Francisco,CA,India
CUST2260,Vikas Patel,Fort Worth,TX,Australia
CUST2261,Aman Joshi,San Diego,CA,United States
CUST2262,Simran Verma,Indianapolis,IN,India
CUST2263,Sunita Kapoor,Philadelphia,PA,United States
CUST2264,Priya Joshi,San Diego,CA,India
CUST2265,Anjali Mehta,San Francisco,CA,United States
CUST2266,Kabir Kapoor,San Diego,CA,India
CUST2267,Anjali Patel,Phoenix,AZ,India
CUST2268,Priya Gupta,New York,NY,United Kingdom
CUST2269,Kabir Mehta,Fort Worth,TX,United States
CUST2270,Pooja Joshi,Phoenix,AZ,United States
CUST2271,Vikas Kapoor,Austin,TX,United States
CUST2272,Aman Joshi,Indianapolis,IN,Australia
CUST2273,Karan Singh,Philadelphia,PA,United States
CUST2274,Mohit Sharma,Phoenix,AZ,United States
CUST2275,Pooja Verma,San Antonio,TX,United States
CUST2276,Neha Reddy,Austin,TX,Canada
CUST2277,Vivaan Sharma,San Diego,CA,United States
CUST2278,Sunita Reddy,San Francisco,CA,United States
CUST2279,Pooja Kapoor,San Diego,CA,United States
CUST2280,Sunita Gupta,Washington,DC,United States
CUST2281,Sneha Kumar,Columbus,OH,India
CUST2282,Priya Joshi,Dallas,TX,United States
CUST2283,Aman Singh,San Diego,CA,United States
CUST2284,Vikas Patel,Austin,TX,United States
CUST2285,Sahil Joshi,Austin,TX,United States
CUST2286,Arjun Reddy,Columbus,OH,Australia
CUST2287,Kabir Joshi,San Antonio,TX,Canada
CUST2288,Aman Reddy,Austin,TX,United States
CUST2289,Priya Patel,Phoenix,AZ,United States
CUST2290,Neha Reddy,San Francisco,CA,Australia
CUST2291,Sneha Verma,Dallas,TX,United States
CUST2292,Simran Gupta,Fort Worth,TX,Canada
CUST2293,Vikas Mehta,Los Angeles,CA,United States
CUST2294,Priya Sharma,San Diego,CA,United States
CUST2295,Aarav Reddy,Jacksonville,FL,United States
CUST2296,Arjun Patel,San Jose,CA,United States
CUST2297,Priya Joshi,San Jose,CA,United Kingdom
CUST2298,Sahil Sharma,Philadelphia,PA,United States
CUST2299,Priya Sharma,San Antonio,TX,United States
CUST2300,Karan Gupta,Chicago,IL,United States
CUST2301,Vikas Kumar,Fort Worth,TX,India
CUST2302,Karan Reddy,Jacksonville,FL,India
CUST2303,Karan Mehta,Austin,TX,United States
CUST2304,Sneha Singh,Dallas,TX,United States
CUST2305,Priya Reddy,Austin,TX,India
CUST2306,Pooja Mehta,Jacksonville,FL,India
CUST2307,Mohit Singh,Chicago,IL,United States
CUST2308,Priya Verma,Dallas,TX,United States
CUST2309,Simran Gupta,San Jose,CA,United States
CUST2310,Aarav Singh,Chicago,IL,Australia
CUST2311,Aarav Singh,Phoenix,AZ,United States
CUST2312,Pooja Singh,Houston,TX,India
CUST2313,Simran Sharma,Phoenix,AZ,India
CUST2314,Sneha Verma,Denver,CO,United Kingdom
CUST2315,Arjun Sharma,San Diego,CA,United States
CUST2316,Anjali Mehta,Washington,DC,United States
CUST2317,Priya Joshi,Houston,TX,India
CUST2318,Vikas Joshi,Seattle,WA,United States
CUST2319,Vivaan Patel,Fort Worth,TX,United States
CUST2320,Aditya Singh,San Antonio,TX,United States
CUST2321,Vivaan Gupta,Fort Worth,TX,United States
CUST2322,Sunita Verma,Jacksonville,FL,United States
CUST2323,Sahil Joshi,Phoenix,AZ,United States
CUST2324,Mohit Kumar,San Francisco,CA,United States
CUST2325,Pooja Mehta,Houston,TX,United States
CUST2326,Aarav Verma,Philadelphia,PA,India
CUST2327,Sneha Mehta,San Jose,CA,United States
CUST2328,Simran Kumar,Denver,CO,United States
CUST2329,Vivaan Kumar,Houston,TX,United States
CUST2330,Simran Verma,Austin,TX,United States
CUST2331,Priya Patel,Seattle,WA,United States
CUST2332,Mohit Sharma,Fort Worth,TX,United States
CUST2333,Sahil Reddy,Philadelphia,PA,United States
CUST2334,Vihaan Gupta,Washington,DC,India
CUST2335,Rohit Patel,Denver,CO,India
CUST2336,Aarav Singh,Philadelphia,PA,United States
CUST2337,Pooja Kapoor,Charlotte,NC,United States
CUST2338,Vihaan Mehta,Los Angeles,CA,India
CUST2339,Sneha Sharma,San Diego,CA,United States
CUST2340,Vivaan Kapoor,San Antonio,TX,United States
CUST2341,Neha Kapoor,San Francisco,CA,Australia
CUST2342,Aditya Kumar,Dallas,TX,Canada
CUST2343,Mohit Joshi,San Francisco,CA,United States
CUST2344,Aditya Kapoor,New York,NY,United States
CUST2345,Anjali Sharma,Jacksonville,FL,United States
CUST2346,Arjun Reddy,Los Angeles,CA,India
CUST2347,Vihaan Singh,Charlotte,NC,United States
CUST2348,Neha Kumar,New York,NY,United States
CUST2349,Anjali Reddy,Philadelphia,PA,India
CUST2350,Vikas Joshi,Washington,DC,United States
CUST2351,Rohit Sharma,Jacksonville,FL,United States
CUST2352,Sunita Patel,San Diego,CA,India
CUST2353,Arjun Gupta,San Diego,CA,United States
CUST2354,Vivaan Joshi,San Diego,CA,Australia
CUST2355,Simran Reddy,Denver,CO,India
CUST2356,Ritika Singh,Washington,DC,United States
CUST2357,Sahil Patel,Jacksonville,FL,United States
CUST2358,Anjali Joshi,Indianapolis,IN,United States
CUST2359,Pooja Kapoor,Houston,TX,United States
CUST2360,Sahil Singh,New York,NY,India
CUST2361,Aditya Reddy,Houston,TX,India
CUST2362,Arjun Joshi,Denver,CO,United States
CUST2363,Priya Gupta,Philadelphia,PA,United States
CUST2364,Sahil Patel,Los Angeles,CA,India
CUST2365,Simran Sharma,Seattle,WA,Australia
CUST2366,Aman Mehta,Dallas,TX,United States
CUST2367,Mohit Sharma,Seattle,WA,United States
CUST2368,Kabir Kumar,Fort Worth,TX,India
CUST2369,Anjali Verma,Philadelphia,PA,United States
CUST2370,Sahil Mehta,San Francisco,CA,United States
CUST2371,Rohit Reddy,Phoenix,AZ,Canada
CUST2372,Neha Reddy,San Antonio,TX,India
CUST2373,Arjun Kapoor,San Diego,CA,United States
CUST2374,Aman Verma,Philadelphia,PA,India
CUST2375,Vivaan Singh,Seattle,WA,United States
CUST2376,Rohit Verma,Denver,CO,United States
CUST2377,Kabir Kapoor,Indianapolis,IN,United States
CUST2378,Vikas Kumar,San Francisco,CA,United States
CUST2379,Kabir Verma,New York,NY,Canada
CUST2380,Neha Verma,Los Angeles,CA,United States
CUST2381,Simran Sharma,Denver,CO,United States
CUST2382,Vikas Reddy,San Antonio,TX,United States
CUST2383,Karan Patel,Dallas,TX,United Kingdom
CUST2384,Vivaan Kapoor,Charlotte,NC,United States
CUST2385,Pooja Reddy,Charlotte,NC,United States
CUST2386,Vivaan Verma,Columbus,OH,India
CUST2387,Priya Verma,Dallas,TX,India
CUST2388,Rohit Reddy,Columbus,OH,United States
CUST2389,Vihaan Verma,Washington,DC,United States
CUST2390,Rohit Reddy,Seattle,WA,United States
CUST2391,Sneha Kapoor,Chicago,IL,India
CUST2392,Mohit Reddy,San Francisco,CA,United States
CUST2393,Vihaan Kapoor,New York,NY,United States
CUST2394,Vikas Joshi,Indianapolis,IN,United States
CUST2395,Karan Verma,New York,NY,India
CUST2396,Sahil Mehta,San Diego,CA,United States
CUST2397,Aman Patel,Phoenix,AZ,United States
CUST2398,Kabir Joshi,Dallas,TX,United States
CUST2399,Vikas Patel,Chicago,IL,United States
CUST2400,Sahil Patel,Dallas,TX,United States
CUST2401,Karan Patel,San Diego,CA,India
CUST2402,Ritika Reddy,Seattle,WA,Canada
CUST2403,Rohit Mehta,Jacksonville,FL,Australia
CUST2404,Vikas Joshi,Houston,TX,Australia
CUST2405,Simran Mehta,Phoenix,AZ,India
CUST2406,Arjun Gupta,Los Angeles,CA,United States
CUST2407,Aarav Gupta,Los Angeles,CA,India
CUST2408,Sneha Kumar,Phoenix,AZ,United Kingdom
CUST2409,Anjali Sharma,Jacksonville,FL,Canada
CUST2410,Aman Reddy,Charlotte,NC,Canada
CUST2411,Ritika Kapoor,Charlotte,NC,India
CUST2412,Vivaan Joshi,San Francisco,CA,United States
CUST2413,Vikas Singh,Charlotte,NC,United States
CUST2414,Vikas Kapoor,Charlotte,NC,United States
CUST2415,Sneha Kumar,Seattle,WA,United States
CUST2416,Aditya Kapoor,Los Angeles,CA,United States
CUST2417,Anjali Joshi,San Diego,CA,United States
CUST2418,Mohit Joshi,Charlotte,NC,United States
CUST2419,Ritika Verma,Columbus,OH,United Kingdom
CUST2420,Kabir Gupta,Columbus,OH,United States
CUST2421,Vivaan Kapoor,New York,NY,India
CUST2422,Sunita Verma,Denver,CO,Australia
CUST2423,Vivaan Patel,Chicago,IL,United States
CUST2424,Vikas Mehta,Columbus,OH,India
CUST2425,Karan Verma,Charlotte,NC,United States
CUST2426,Aarav Mehta,San Antonio,TX,India
CUST2427,Vivaan Gupta,Seattle,WA,India
CUST2428,Aman Sharma,Los Angeles,CA,United States
CUST2429,Anjali Reddy,Denver,CO,United States
CUST2430,Ritika Singh,Houston,TX,United States
CUST2431,Anjali Reddy,Los Angeles,CA,India
CUST2432,Sneha Singh,Los Angeles,CA,India
CUST2433,Vivaan Mehta,Chicago,IL,United States
CUST2434,Simran Kapoor,San Jose,CA,India
CUST2435,Ritika Reddy,Dallas,TX,United States
CUST2436,Aditya Kumar,Columbus,OH,United States
CUST2437,Karan Gupta,Los Angeles,CA,United States
CUST2438,Sunita Singh,Jacksonville,FL,United States
CUST2439,Aditya Joshi,Chicago,IL,Australia
CUST2440,Ritika Sharma,Charlotte,NC,Canada
CUST2441,Sahil Mehta,Houston,TX,United States
CUST2442,Pooja Verma,Columbus,OH,India
CUST2443,Sunita Reddy,San Diego,CA,United Kingdom
CUST2444,Arjun Joshi,Los Angeles,CA,United States
CUST2445,Sahil Kumar,San Jose,CA,India
CUST2446,Neha Mehta,Dallas,TX,United States
CUST2447,Aman Kumar,Indianapolis,IN,Canada
CUST2448,Sneha Verma,Austin,TX,United States
CUST2449,Pooja Mehta,Indianapolis,IN,United States
CUST2450,Anjali Kapoor,Jacksonville,FL,United States
CUST2451,Karan Mehta,Houston,TX,United States
CUST2452,Rohit Patel,Fort Worth,TX,United States
CUST2453,Vikas Kapoor,Columbus,OH,United Kingdom
CUST2454,Aarav Gupta,Washington,DC,Canada
CUST2455,Kabir Singh,Phoenix,AZ,Canada
CUST2456,Sneha Kumar,Houston,TX,United States
CUST2457,Vikas Singh,Washington,DC,India
CUST2458,Aditya Verma,Philadelphia,PA,United States
CUST2459,Kabir Singh,Dallas,TX,United States
CUST2460,Priya Sharma,San Jose,CA,United States
CUST2461,Anjali Verma,San Jose,CA,United States
CUST2462,Neha Sharma,San Jose,CA,United States
CUST2463,Anjali Kumar,San Antonio,TX,India
CUST2464,Sahil Kumar,San Diego,CA,United States
CUST2465,Rohit Reddy,Dallas,TX,United States
CUST2466,Aman Gupta,Phoenix,AZ,United States
CUST2467,Kabir Singh,San Jose,CA,United States
CUST2468,Aarav Mehta,Jacksonville,FL,United States
CUST2469,Ritika Reddy,Chicago,IL,United States
CUST2470,Vivaan Gupta,Dallas,TX,United States
CUST2471,Mohit Sharma,San Diego,CA,United States
CUST2472,Kabir Gupta,Phoenix,AZ,India
CUST2473,Vivaan Joshi,Indianapolis,IN,United States
CUST2474,Aarav Verma,San Antonio,TX,Australia
CUST2475,Sunita Gupta,Philadelphia,PA,United States
CUST2476,Vikas Verma,Philadelphia,PA,United States
CUST2477,Aarav Gupta,San Antonio,TX,United States
CUST2478,Sunita Kumar,Austin,TX,United States
CUST2479,Sunita Reddy,Los Angeles,CA,India
CUST2480,Vihaan Patel,Philadelphia,PA,United States
CUST2481,Neha Kapoor,Austin,TX,United States
CUST2482,Sahil Verma,Fort Worth,TX,United States
CUST2483,Mohit Kumar,Washington,DC,India
CUST2484,Anjali Joshi,New York,NY,United States
CUST2485,Sunita Singh,San Antonio,TX,United States
CUST2486,Vikas Patel,Seattle,WA,United States
CUST2487,Priya Kumar,Phoenix,AZ,Australia
CUST2488,Aman Gupta,San Jose,CA,United States
CUST2489,Vivaan Gupta,Austin,TX,United States
CUST2490,Sunita Sharma,Washington,DC,United States
CUST2491,Sneha Singh,Phoenix,AZ,United States
CUST2492,Anjali Mehta,New York,NY,United States
CUST2493,Sunita Reddy,Fort Worth,TX,United States
CUST2494,Kabir Kumar,Charlotte,NC,United States
CUST2495,Karan Kumar,Jacksonville,FL,United States
CUST2496,Ritika Singh,San Diego,CA,United States
CUST2497,Karan Gupta,San Jose,CA,United States
CUST2498,Kabir Patel,Chicago,IL,United States
CUST2499,Arjun Kumar,Denver,CO,India
CUST2500,Sahil Kumar,Austin,TX,United States
CUST2501,Arjun Gupta,Jacksonville,FL,Australia
CUST2502,Anjali Verma,Washington,DC,United States
CUST2503,Sahil Reddy,San Antonio,TX,Canada
CUST2504,Vihaan Singh,Washington,DC,United States
CUST2505,Anjali Singh,Jacksonville,FL,India
CUST2506,Aarav Patel,Seattle,WA,India
CUST2507,Karan Mehta,Columbus,OH,India
CUST2508,Pooja Singh,Washington,DC,United States
CUST2509,Arjun Singh,Phoenix,AZ,Canada
CUST2510,Kabir Kapoor,San Francisco,CA,United States
CUST2511,Kabir Kumar,New York,NY,Canada
CUST2512,Kabir Kumar,Denver,CO,United States
CUST2513,Sneha Sharma,Fort Worth,TX,United States
CUST2514,Vikas Verma,San Francisco,CA,Australia
CUST2515,Neha Singh,Houston,TX,India
CUST2516,Aman Kapoor,Houston,TX,United States
CUST2517,Neha Patel,Fort Worth,TX,India
CUST2518,Mohit Mehta,Houston,TX,United States
CUST2519,Neha Joshi,Denver,CO,United States
CUST2520,Rohit Kumar,Dallas,TX,United States
CUST2521,Karan Kumar,Philadelphia,PA,United States
CUST2522,Simran Kapoor,Phoenix,AZ,India
CUST2523,Simran Kumar,Houston,TX,Canada
CUST2524,Vivaan Kapoor,San Francisco,CA,United States
CUST2525,Sunita Kapoor,New York,NY,India
CUST2526,Vihaan Joshi,Dallas,TX,United States
CUST2527,Sneha Reddy,Denver,CO,United States
CUST2528,Vivaan Reddy,New York,NY,United States
CUST2529,Sunita Reddy,Los Angeles,CA,United States
CUST2530,Vivaan Kumar,Charlotte,NC,United States
CUST2531,Sunita Gupta,Houston,TX,United States
CUST2532,Priya Kapoor,Seattle,WA,United States
CUST2533,Vivaan Reddy,Philadelphia,PA,United States
CUST2534,Arjun Joshi,Washington,DC,United States
CUST2535,Aman Verma,Dallas,TX,United States
CUST2536,Mohit Kapoor,San Diego,CA,United States
CUST2537,Sahil Singh,Los Angeles,CA,Canada
CUST2538,Sunita Mehta,New York,NY,United States
CUST2539,Anjali Joshi,Austin,TX,India
CUST2540,Aarav Singh,Indianapolis,IN,Australia
CUST2541,Simran Kapoor,Houston,TX,United States
CUST2542,Aditya Gupta,San Antonio,TX,United States
CUST2543,Vihaan Verma,New York,NY,United States
CUST2544,Vihaan Joshi,San Diego,CA,United States
CUST2545,Vikas Verma,San Jose,CA,United States
CUST2546,Aman Mehta,Austin,TX,India
CUST2547,Aman Kapoor,Phoenix,AZ,United States
CUST2548,Mohit Mehta,New York,NY,United States
CUST2549,Vivaan Singh,Austin,TX,India
CUST2550,Anjali Kapoor,Seattle,WA,United States
CUST2551,Arjun Singh,Phoenix,AZ,United States
CUST2552,Arjun Singh,Fort Worth,TX,India
CUST2553,Mohit Verma,Charlotte,NC,United States
CUST2554,Arjun Kumar,Denver,CO,Canada
CUST2555,Aarav Kapoor,Phoenix,AZ,United States
CUST2556,Pooja Sharma,Columbus,OH,United States
CUST2557,Simran Joshi,Washington,DC,United States
CUST2558,Neha Reddy,Chicago,IL,United States
CUST2559,Aarav Kapoor,San Jose,CA,United States
CUST2560,Neha Kumar,Charlotte,NC,United States
CUST2561,Karan Joshi,New York,NY,United States
CUST2562,Aditya Kapoor,San Jose,CA,India
CUST2563,Kabir Sharma,Phoenix,AZ,United States
CUST2564,Sneha Reddy,Charlotte,NC,Canada
CUST2565,Pooja Kapoor,San Francisco,CA,United States
CUST2566,Sahil Kumar,San Diego,CA,Australia
CUST2567,Vivaan Singh,Fort Worth,TX,India
CUST2568,Arjun Sharma,Jacksonville,FL,United States
CUST2569,Vikas Sharma,San Diego,CA,United Kingdom
CUST2570,Arjun Sharma,Phoenix,AZ,United States
CUST2571,Ritika Kapoor,New York,NY,India
CUST2572,Priya Patel,San Diego,CA,United States
CUST2573,Aditya Sharma,Phoenix,AZ,Canada
CUST2574,Mohit Singh,Charlotte,NC,India
CUST2575,Kabir Kapoor,San Diego,CA,United States
CUST2576,Sahil Singh,Jacksonville,FL,United States
CUST2577,Vikas Sharma,Jacksonville,FL,Australia
CUST2578,Aditya Gupta,Austin,TX,United States
CUST2579,Anjali Patel,New York,NY,United States
CUST2580,Aditya Gupta,Phoenix,AZ,India
CUST2581,Neha Singh,New York,NY,India
CUST2582,Vihaan Gupta,Washington,DC,United Kingdom
CUST2583,Anjali Reddy,Los Angeles,CA,United States
CUST2584,Karan Reddy,San Diego,CA,United States
CUST2585,Rohit Kumar,Indianapolis,IN,United States
CUST2586,Kabir Sharma,New York,NY,United States
CUST2587,Vihaan Kapoor,Philadelphia,PA,United States
CUST2588,Aman Verma,Dallas,TX,United Kingdom
CUST2589,Neha Kapoor,Jacksonville,FL,United States
CUST2590,Kabir Patel,Washington,DC,United States
CUST2591,Pooja Reddy,Houston,TX,United States
CUST2592,Kabir Kapoor,Fort Worth,TX,United States
CUST2593,Neha Reddy,Dallas,TX,United States
CUST2594,Sneha Gupta,Columbus,OH,United States
CUST2595,Rohit Sharma,Seattle,WA,United States
CUST2596,Vivaan Patel,San Jose,CA,United States
CUST2597,Vikas Reddy,Phoenix,AZ,Australia
CUST2598,Rohit Gupta,Houston,TX,India
CUST2599,Pooja Verma,Washington,DC,United States
CUST2600,Priya Gupta,New York,NY,United States
CUST2601,Aman Reddy,San Francisco,CA,United States
CUST2602,Anjali Mehta,Indianapolis,IN,United States
CUST2603,Ritika Kapoor,Dallas,TX,United States
CUST2604,Rohit Patel,Dallas,TX,United States
CUST2605,Neha Sharma,Washington,DC,Australia
CUST2606,Arjun Joshi,Phoenix,AZ,United States
CUST2607,Simran Mehta,Chicago,IL,United Kingdom
CUST2608,Vivaan Reddy,San Diego,CA,United States
CUST2609,Priya Kapoor,San Antonio,TX,India
CUST2610,Sahil Sharma,Fort Worth,TX,India
CUST2611,Rohit Kapoor,Jacksonville,FL,United States
CUST2612,Anjali Patel,Charlotte,NC,United States
CUST2613,Aditya Singh,New York,NY,United States
CUST2614,Anjali Mehta,Houston,TX,United Kingdom
CUST2615,Sahil Singh,Seattle,WA,India
CUST2616,Kabir Verma,Seattle,WA,United Kingdom
CUST2617,Priya Patel,New York,NY,United States
CUST2618,Neha Kumar,Los Angeles,CA,United States
CUST2619,Priya Kumar,Chicago,IL,United States
CUST2620,Mohit Verma,San Francisco,CA,India
CUST2621,Rohit Verma,San Jose,CA,Canada
CUST2622,Aarav Joshi,Los Angeles,CA,United Kingdom
CUST2623,Rohit Patel,Chicago,IL,India
CUST2624,Arjun Verma,Fort Worth,TX,United Kingdom
CUST2625,Aman Singh,Dallas,TX,Canada
CUST2626,Rohit Sharma,Indianapolis,IN,United States
CUST2627,Simran Mehta,San Antonio,TX,United States
CUST2628,Aarav Gupta,Philadelphia,PA,United States
CUST2629,Vivaan Kapoor,Philadelphia,PA,United Kingdom
CUST2630,Simran Sharma,Indianapolis,IN,United States
CUST2631,Rohit Patel,New York,NY,United States
CUST2632,Rohit Kumar,San Francisco,CA,Australia
CUST2633,Priya Gupta,Washington,DC,United States
CUST2634,Sahil Patel,Indianapolis,IN,United States
CUST2635,Simran Verma,Chicago,IL,India
CUST2636,Pooja Singh,Philadelphia,PA,United States
CUST2637,Vihaan Sharma,Austin,TX,United Kingdom
CUST2638,Kabir Reddy,Dallas,TX,United States
CUST2639,Aman Verma,Houston,TX,India
CUST2640,Rohit Reddy,San Francisco,CA,United States
CUST2641,Vikas Reddy,Seattle,WA,United States
CUST2642,Arjun Gupta,Fort Worth,TX,Canada
CUST2643,Ritika Kumar,San Diego,CA,India
CUST2644,Anjali Reddy,San Francisco,CA,India
CUST2645,Simran Sharma,San Jose,CA,United States
CUST2646,Neha Sharma,Washington,DC,United Kingdom
CUST2647,Vivaan Verma,Seattle,WA,United States
CUST2648,Karan Mehta,Charlotte,NC,United States
CUST2649,Mohit Kapoor,Los Angeles,CA,United States
CUST2650,Ritika Joshi,Denver,CO,United States
CUST2651,Kabir Patel,Indianapolis,IN,United States
CUST2652,Rohit Reddy,Denver,CO,United Kingdom
CUST2653,Aditya Joshi,Denver,CO,United States
CUST2654,Ritika Singh,Indianapolis,IN,India
CUST2655,Aditya Joshi,Columbus,OH,United States
CUST2656,Priya Joshi,San Jose,CA,United States
CUST2657,Neha Kumar,San Francisco,CA,India
CUST2658,Sneha Singh,Charlotte,NC,India
CUST2659,Kabir Gupta,Washington,DC,United States
CUST2660,Mohit Patel,Jacksonville,FL,India
CUST2661,Aditya Joshi,San Francisco,CA,United States
CUST2662,Vihaan Patel,San Diego,CA,India
CUST2663,Neha Joshi,Columbus,OH,India
CUST2664,Mohit Gupta,San Antonio,TX,United States
CUST2665,Ritika Singh,San Jose,CA,India
CUST2666,Aman Verma,San Jose,CA,United States
CUST2667,Sunita Verma,Los Angeles,CA,United States
CUST2668,Anjali Reddy,San Antonio,TX,India
CUST2669,Sahil Joshi,Charlotte,NC,United States
CUST2670,Sunita Kapoor,San Jose,CA,United States
CUST2671,Karan Kumar,Denver,CO,India
CUST2672,Kabir Kumar,Seattle,WA,United Kingdom
CUST2673,Sahil Singh,San Diego,CA,United States
CUST2674,Aditya Patel,Denver,CO,Australia
CUST2675,Rohit Kapoor,Washington,DC,United States
CUST2676,Karan Mehta,Indianapolis,IN,India
CUST2677,Sahil Kumar,San Antonio,TX,United States
CUST2678,Vihaan Kapoor,Columbus,OH,United States
CUST2679,Kabir Joshi,Seattle,WA,India
CUST2680,Mohit Gupta,Columbus,OH,United States
CUST2681,Sunita Verma,Seattle,WA,United States
CUST2682,Kabir Mehta,Jacksonville,FL,United States
CUST2683,Vivaan Verma,Fort Worth,TX,United States
CUST2684,Rohit Singh,Indianapolis,IN,United States
CUST2685,Ritika Sharma,Denver,CO,United States
CUST2686,Simran Reddy,Dallas,TX,India
CUST2687,Priya Mehta,San Antonio,TX,United States
CUST2688,Kabir Kapoor,Jacksonville,FL,United States
CUST2689,Rohit Patel,Columbus,OH,India
CUST2690,Priya Kapoor,Houston,TX,United States
CUST2691,Priya Mehta,Phoenix,AZ,India
CUST2692,Kabir Reddy,San Francisco,CA,India
CUST2693,Sunita Singh,Dallas,TX,United States
CUST2694,Priya Sharma,New York,NY,United States
CUST2695,Vivaan Sharma,Los Angeles,CA,United States
CUST2696,Sahil Patel,San Diego,CA,India
CUST2697,Vihaan Gupta,Los Angeles,CA,United States
CUST2698,Aarav Kumar,Charlotte,NC,India
CUST2699,Karan Kapoor,Los Angeles,CA,United States
CUST2700,Sunita Patel,Denver,CO,United States
CUST2701,Sunita Mehta,Denver,CO,United States
CUST2702,Sahil Kumar,Columbus,OH,United States
CUST2703,Arjun Kumar,San Antonio,TX,United Kingdom
CUST2704,Sahil Mehta,Chicago,IL,Canada
CUST2705,Vikas Mehta,Jacksonville,FL,Canada
CUST2706,Aarav Singh,Seattle,WA,United States
CUST2707,Neha Mehta,Phoenix,AZ,United States
CUST2708,Arjun Mehta,Dallas,TX,United States
CUST2709,Simran Kapoor,Jacksonville,FL,India
CUST2710,Mohit Joshi,Columbus,OH,Canada
CUST2711,Aman Mehta,Denver,CO,United States
CUST2712,Sunita Patel,San Francisco,CA,India
CUST2713,Sneha Singh,Austin,TX,India
CUST2714,Karan Kapoor,Fort Worth,TX,United States
CUST2715,Neha Kumar,Chicago,IL,United States
CUST2716,Karan Reddy,Seattle,WA,United States
CUST2717,Ritika Joshi,Indianapolis,IN,India
CUST2718,Aman Gupta,Phoenix,AZ,India
CUST2719,Aditya Reddy,Los Angeles,CA,India
CUST2720,Aditya Reddy,Denver,CO,United States
CUST2721,Ritika Gupta,Phoenix,AZ,United States
CUST2722,Anjali Reddy,San Antonio,TX,United States
CUST2723,Aarav Joshi,Fort Worth,TX,United States
CUST2724,Neha Kapoor,Fort Worth,TX,Australia
CUST2725,Anjali Mehta,Fort Worth,TX,India
CUST2726,Vikas Gupta,Chicago,IL,United States
CUST2727,Vivaan Kapoor,Dallas,TX,Canada
CUST2728,Neha Kapoor,Columbus,OH,India
CUST2729,Mohit Kapoor,Houston,TX,United States
CUST2730,Aditya Singh,Los Angeles,CA,United States
CUST2731,Aman Verma,Charlotte,NC,United States
CUST2732,Pooja Gupta,San Jose,CA,United States
CUST2733,Arjun Kapoor,Columbus,OH,India
CUST2734,Pooja Gupta,San Diego,CA,India
CUST2735,Pooja Sharma,Houston,TX,India
CUST2736,Vihaan Kapoor,Jacksonville,FL,United Kingdom
CUST2737,Mohit Kapoor,Phoenix,AZ,Australia
CUST2738,Arjun Joshi,San Francisco,CA,United Kingdom
CUST2739,Pooja Kumar,San Francisco,CA,India
CUST2740,Aman Sharma,Washington,DC,United States
CUST2741,Anjali Verma,San Diego,CA,United States
CUST2742,Arjun Kapoor,Seattle,WA,United States
CUST2743,Arjun Joshi,Dallas,TX,United States
CUST2744,Karan Mehta,Washington,DC,United States
CUST2745,Sneha Joshi,San Jose,CA,United States
CUST2746,Mohit Kumar,Austin,TX,India
CUST2747,Ritika Patel,Columbus,OH,United States
CUST2748,Vivaan Gupta,Indianapolis,IN,United States
CUST2749,Sunita Joshi,San Jose,CA,United States
CUST2750,Sahil Kumar,Los Angeles,CA,United States
CUST2751,Sunita Mehta,Houston,TX,India
CUST2752,Neha Gupta,Denver,CO,United States
CUST2753,Arjun Reddy,Indianapolis,IN,United States
CUST2754,Karan Sharma,Washington,DC,United States
CUST2755,Priya Joshi,Los Angeles,CA,United States
CUST2756,Sunita Patel,San Jose,CA,Australia
CUST2757,Aman Sharma,Dallas,TX,United States
CUST2758,Vihaan Reddy,Charlotte,NC,United States
CUST2759,Kabir Gupta,New York,NY,United States
CUST2760,Anjali Gupta,Seattle,WA,United Kingdom
CUST2761,Pooja Kapoor,Seattle,WA,United States
CUST2762,Sneha Kapoor,Philadelphia,PA,United States
CUST2763,Anjali Reddy,Fort Worth,TX,United States
CUST2764,Aarav Sharma,Indianapolis,IN,United States
CUST2765,Aditya Sharma,San Antonio,TX,Canada
CUST2766,Karan Verma,Dallas,TX,United States
CUST2767,Aman Verma,New York,NY,India
CUST2768,Simran Patel,Denver,CO,Australia
CUST2769,Sneha Gupta,Jacksonville,FL,United States
CUST2770,Rohit Kapoor,New York,NY,Canada
CUST2771,Arjun Mehta,Indianapolis,IN,United States
CUST2772,Ritika Singh,San Antonio,TX,Australia
CUST2773,Vihaan Singh,Denver,CO,United States
CUST2774,Pooja Gupta,Seattle,WA,United States
CUST2775,Simran Verma,Austin,TX,Canada
CUST2776,Simran Gupta,Indianapolis,IN,United States
CUST2777,Karan Patel,Denver,CO,United States
CUST2778,Pooja Singh,Seattle,WA,United States
CUST2779,Vivaan Mehta,Jacksonville,FL,United States
CUST2780,Sunita Patel,Seattle,WA,United States
CUST2781,Pooja Singh,Dallas,TX,United States
CUST2782,Simran Verma,Dallas,TX,United States
CUST2783,Neha Kumar,San Jose,CA,United States
CUST2784,Kabir Mehta,Seattle,WA,India
CUST2785,Mohit Joshi,San Jose,CA,United States
CUST2786,Sahil Mehta,Columbus,OH,Australia
CUST2787,Vihaan Joshi,Chicago,IL,United States
CUST2788,Vivaan Verma,Denver,CO,United States
CUST2789,Pooja Joshi,Austin,TX,United Kingdom
CUST2790,Aarav Joshi,New York,NY,United States
CUST2791,Arjun Sharma,Philadelphia,PA,Australia
CUST2792,Vivaan Mehta,Philadelphia,PA,Canada
CUST2793,Anjali Mehta,Charlotte,NC,United States
CUST2794,Ritika Sharma,Columbus,OH,United States
CUST2795,Aarav Mehta,Dallas,TX,India
CUST2796,Neha Verma,Washington,DC,United States
CUST2797,Ritika Reddy,Phoenix,AZ,United States
CUST2798,Vikas Patel,San Antonio,TX,India
CUST2799,Priya Mehta,Chicago,IL,United Kingdom
CUST2800,Anjali Verma,San Diego,CA,United Kingdom
CUST2801,Neha Verma,Seattle,WA,United States
CUST2802,Simran Kumar,Austin,TX,Canada
CUST2803,Arjun Sharma,Houston,TX,United States
CUST2804,Rohit Sharma,Phoenix,AZ,India
CUST2805,Ritika Kumar,Los Angeles,CA,United States
CUST2806,Neha Mehta,San Francisco,CA,United States
CUST2807,Aditya Reddy,Dallas,TX,United States
CUST2808,Aarav Sharma,Seattle,WA,United States
CUST2809,Anjali Sharma,Fort Worth,TX,India
CUST2810,Rohit Reddy,San Jose,CA,United States
CUST2811,Simran Reddy,Chicago,IL,Canada
CUST2812,Arjun Kapoor,San Jose,CA,Australia
CUST2813,Sneha Verma,Fort Worth,TX,United States
CUST2814,Vivaan Kumar,San Jose,CA,India
CUST2815,Priya Verma,New York,NY,India
CUST2816,Aditya Verma,Charlotte,NC,United States
CUST2817,Vihaan Joshi,Charlotte,NC,United States
CUST2818,Kabir Kapoor,Indianapolis,IN,India
CUST2819,Rohit Mehta,San Diego,CA,Australia
CUST2820,Anjali Verma,Austin,TX,United States
CUST2821,Arjun Patel,Seattle,WA,Australia
CUST2822,Rohit Sharma,Phoenix,AZ,United States
CUST2823,Vihaan Gupta,Houston,TX,United States
CUST2824,Arjun Mehta,Philadelphia,PA,India
CUST2825,Sahil Singh,Austin,TX,United States
CUST2826,Arjun Verma,Los Angeles,CA,United States
CUST2827,Mohit Sharma,San Jose,CA,United States
CUST2828,Neha Verma,New York,NY,United States
CUST2829,Aarav Sharma,Denver,CO,United States
CUST2830,Mohit Verma,Phoenix,AZ,India
CUST2831,Karan Joshi,Houston,TX,United States
CUST2832,Arjun Gupta,New York,NY,Australia
CUST2833,Aman Joshi,Chicago,IL,United States
CUST2834,Karan Kumar,San Jose,CA,United States
CUST2835,Vivaan Kapoor,Phoenix,AZ,United States
CUST2836,Kabir Verma,Washington,DC,Canada
CUST2837,Karan Sharma,New York,NY,United States
CUST2838,Sahil Kumar,Houston,TX,United States
CUST2839,Rohit Verma,Phoenix,AZ,India
CUST2840,Aman Verma,Charlotte,NC,United Kingdom
CUST2841,Sneha Joshi,San Francisco,CA,United States
CUST2842,Rohit Gupta,Charlotte,NC,India
CUST2843,Vivaan Kumar,Indianapolis,IN,India
CUST2844,Vikas Gupta,San Antonio,TX,India
CUST2845,Rohit Mehta,Denver,CO,United Kingdom
CUST2846,Pooja Patel,Charlotte,NC,India
CUST2847,Vivaan Reddy,San Diego,CA,India
CUST2848,Mohit Singh,Dallas,TX,India
CUST2849,Aditya Kumar,San Jose,CA,United States
CUST2850,Simran Kapoor,Columbus,OH,India
CUST2851,Karan Kumar,Washington,DC,United States
CUST2852,Anjali Kumar,Charlotte,NC,Canada
CUST2853,Rohit Mehta,Houston,TX,United Kingdom
CUST2854,Neha Kapoor,San Francisco,CA,United States
CUST2855,Neha Sharma,Houston,TX,Canada
CUST2856,Karan Singh,Columbus,OH,India
CUST2857,Rohit Kapoor,Dallas,TX,India
CUST2858,Simran Singh,Columbus,OH,India
CUST2859,Arjun Joshi,Charlotte,NC,United States
CUST2860,Rohit Patel,San Jose,CA,United States
CUST2861,Pooja Kumar,Columbus,OH,India
CUST2862,Anjali Singh,Seattle,WA,United States
CUST2863,Vivaan Kapoor,Houston,TX,United States
CUST2864,Karan Singh,Columbus,OH,United Kingdom
CUST2865,Priya Kapoor,San Antonio,TX,United States
CUST2866,Mohit Kapoor,Columbus,OH,United States
CUST2867,Aditya Mehta,Charlotte,NC,Australia
CUST2868,Aman Joshi,San Antonio,TX,India
CUST2869,Karan Kapoor,Chicago,IL,United Kingdom
CUST2870,Sneha Kapoor,Charlotte,NC,United States
CUST2871,Arjun Kapoor,Seattle,WA,United Kingdom
CUST2872,Neha Reddy,Houston,TX,India
CUST2873,Aman Mehta,San Francisco,CA,United States
CUST2874,Simran Joshi,Seattle,WA,United States
CUST2875,Sneha Verma,San Jose,CA,India
CUST2876,Sahil Sharma,San Jose,CA,United States
CUST2877,Arjun Patel,Seattle,WA,United States
CUST2878,Aditya Sharma,Chicago,IL,United States
CUST2879,Neha Gupta,Dallas,TX,United Kingdom
CUST2880,Ritika Kapoor,Seattle,WA,Canada
CUST2881,Aarav Joshi,Dallas,TX,United States
CUST2882,Sunita Singh,Seattle,WA,Canada
CUST2883,Vikas Joshi,New York,NY,United States
CUST2884,Aarav Verma,Dallas,TX,United States
CUST2885,Sunita Patel,Chicago,IL,United States
CUST2886,Aman Sharma,Columbus,OH,United States
CUST2887,Priya Mehta,Los Angeles,CA,United States
CUST2888,Pooja Kapoor,San Jose,CA,India
CUST2889,Sahil Kapoor,Seattle,WA,United States
CUST2890,Kabir Patel,New York,NY,United States
CUST2891,Vivaan Reddy,Denver,CO,United States
CUST2892,Vihaan Mehta,Phoenix,AZ,United States
CUST2893,Vikas Patel,San Diego,CA,India
CUST2894,Mohit Reddy,Columbus,OH,United States
CUST2895,Aditya Reddy,Fort Worth,TX,United States
CUST2896,Rohit Singh,San Jose,CA,United States
CUST2897,Neha Kapoor,San Diego,CA,United States
CUST2898,Anjali Patel,San Antonio,TX,United Kingdom
CUST2899,Pooja Reddy,Seattle,WA,United States
CUST2900,Karan Gupta,Charlotte,NC,United States
CUST2901,Vikas Patel,Austin,TX,India
CUST2902,Simran Joshi,Denver,CO,India
CUST2903,Aman Reddy,Philadelphia,PA,India
CUST2904,Vihaan Joshi,Austin,TX,Canada
CUST2905,Sahil Reddy,Austin,TX,United States
CUST2906,Kabir Patel,Seattle,WA,United States
CUST2907,Aditya Kumar,Indianapolis,IN,India
CUST2908,Aditya Verma,Chicago,IL,United States
CUST2909,Mohit Gupta,Houston,TX,United States
CUST2910,Vihaan Singh,Columbus,OH,United States
CUST2911,Neha Singh,Phoenix,AZ,United States
CUST2912,Arjun Joshi,San Francisco,CA,India
CUST2913,Vikas Mehta,Indianapolis,IN,United States
CUST2914,Anjali Mehta,Chicago,IL,India
CUST2915,Ritika Patel,Dallas,TX,United States
CUST2916,Ritika Reddy,Denver,CO,United States
CUST2917,Sahil Joshi,Indianapolis,IN,United States
CUST2918,Ritika Singh,Charlotte,NC,United States
CUST2919,Pooja Kumar,Austin,TX,United States
CUST2920,Neha Patel,Dallas,TX,United States
CUST2921,Mohit Reddy,Fort Worth,TX,United States
CUST2922,Priya Singh,Chicago,IL,Australia
CUST2923,Mohit Singh,Jacksonville,FL,India
CUST2924,Mohit Kumar,Fort Worth,TX,United States
CUST2925,Vihaan Sharma,Philadelphia,PA,United States
CUST2926,Anjali Kapoor,Phoenix,AZ,United States
CUST2927,Arjun Joshi,Philadelphia,PA,United States
CUST2928,Pooja Patel,Los Angeles,CA,United States
CUST2929,Mohit Kumar,Jacksonville,FL,United States
CUST2930,Sahil Sharma,Phoenix,AZ,United Kingdom
CUST2931,Arjun Patel,San Diego,CA,United States
CUST2932,Simran Reddy,San Francisco,CA,Canada
CUST2933,Mohit Reddy,Jacksonville,FL,India
CUST2934,Priya Verma,Charlotte,NC,United States
CUST2935,Aarav Mehta,Phoenix,AZ,United States
CUST2936,Neha Singh,San Antonio,TX,United States
CUST2937,Anjali Gupta,Charlotte,NC,Australia
CUST2938,Neha Gupta,Chicago,IL,Australia
CUST2939,Ritika Singh,Philadelphia,PA,United States
CUST2940,Ritika Joshi,Charlotte,NC,Canada
CUST2941,Arjun Reddy,Philadelphia,PA,Australia
CUST2942,Vihaan Gupta,Washington,DC,United States
CUST2943,Aarav Mehta,San Antonio,TX,United States
CUST2944,Kabir Kumar,Washington,DC,Australia
CUST2945,Aditya Patel,Columbus,OH,India
CUST2946,Aman Kumar,Jacksonville,FL,United States
CUST2947,Pooja Kumar,Dallas,TX,United States
CUST2948,Sunita Kumar,Dallas,TX,United States
CUST2949,Neha Patel,Dallas,TX,Australia
CUST2950,Aman Sharma,Dallas,TX,Canada
CUST2951,Vikas Mehta,Philadelphia,PA,India
CUST2952,Arjun Mehta,San Jose,CA,United States
CUST2953,Vikas Mehta,Seattle,WA,United States
CUST2954,Priya Patel,Dallas,TX,United Kingdom
CUST2955,Vikas Gupta,New York,NY,United States
CUST2956,Aditya Kumar,San Diego,CA,Canada
CUST2957,Simran Mehta,Jacksonville,FL,United States
CUST2958,Aditya Singh,Fort Worth,TX,India
CUST2959,Rohit Gupta,New York,NY,United States
CUST2960,Neha Reddy,Seattle,WA,United States
CUST2961,Anjali Verma,Indianapolis,IN,India
CUST2962,Ritika Mehta,Phoenix,AZ,India
CUST2963,Aditya Sharma,Phoenix,AZ,India
CUST2964,Karan Singh,Denver,CO,Canada
CUST2965,Ritika Singh,San Francisco,CA,United Kingdom
CUST2966,Rohit Singh,Columbus,OH,United States
CUST2967,Sunita Gupta,Dallas,TX,United States
CUST2968,Vivaan Gupta,Washington,DC,Canada
CUST2969,Ritika Gupta,San Diego,CA,United States
CUST2970,Neha Reddy,New York,NY,India
CUST2971,Simran Kumar,San Francisco,CA,United States
CUST2972,Aarav Sharma,Denver,CO,Australia
CUST2973,Arjun Gupta,Houston,TX,India
CUST2974,Priya Joshi,San Antonio,TX,India
CUST2975,Neha Kumar,Chicago,IL,India
CUST2976,Pooja Joshi,San Francisco,CA,United States
CUST2977,Aditya Kapoor,Chicago,IL,United States
CUST2978,Karan Gupta,Denver,CO,United States
CUST2979,Neha Verma,San Diego,CA,United States
CUST2980,Pooja Singh,Austin,TX,United States
CUST2981,Ritika Sharma,New York,NY,United States
CUST2982,Arjun Patel,San Antonio,TX,United States
CUST2983,Simran Singh,New York,NY,India
CUST2984,Vikas Singh,Jacksonville,FL,India
CUST2985,Vikas Mehta,Charlotte,NC,United States
CUST2986,Priya Gupta,Denver,CO,United States
CUST2987,Aman Verma,Fort Worth,TX,United States
CUST2988,Aman Kumar,Dallas,TX,India
CUST2989,Mohit Verma,Austin,TX,United States
CUST2990,Sahil Patel,San Jose,CA,United States
CUST2991,Anjali Gupta,San Diego,CA,United States
CUST2992,Ritika Patel,Phoenix,AZ,United States
CUST2993,Arjun Sharma,Columbus,OH,United Kingdom
CUST2994,Arjun Reddy,Seattle,WA,United States
CUST2995,Anjali Singh,San Antonio,TX,United States
CUST2996,Vihaan Kumar,Philadelphia,PA,United States
CUST2997,Arjun Reddy,San Jose,CA,India
CUST2998,Sneha Kumar,Chicago,IL,United States
CUST2999,Sahil Kapoor,Fort Worth,TX,United States
CUST3000,Sahil Verma,Charlotte,NC,United States
CUST3001,Aditya Verma,San Jose,CA,United States
CUST3002,Arjun Sharma,Columbus,OH,Australia
CUST3003,Neha Patel,San Diego,CA,United States
CUST3004,Priya Patel,Charlotte,NC,United States
CUST3005,Arjun Joshi,New York,NY,United States
CUST3006,Anjali Singh,Los Angeles,CA,Canada
CUST3007,Priya Sharma,Austin,TX,India
CUST3008,Vihaan Kumar,Indianapolis,IN,United States
CUST3009,Arjun Kumar,San Jose,CA,United States
CUST3010,Karan Verma,Los Angeles,CA,India
CUST3011,Neha Mehta,San Antonio,TX,United States
CUST3012,Vivaan Kumar,Austin,TX,United States
CUST3013,Vihaan Sharma,Houston,TX,Canada
CUST3014,Aman Kapoor,Chicago,IL,India
CUST3015,Vivaan Joshi,Dallas,TX,United States
CUST3016,Priya Sharma,Los Angeles,CA,United States
CUST3017,Kabir Kumar,Jacksonville,FL,United States
CUST3018,Ritika Kumar,Phoenix,AZ,India
CUST3019,Mohit Patel,Dallas,TX,United States
CUST3020,Aarav Verma,Washington,DC,United States
CUST3021,Arjun Gupta,Dallas,TX,United States
CUST3022,Ritika Patel,Austin,TX,United States
CUST3023,Vikas Singh,Columbus,OH,India
CUST3024,Aman Kapoor,Jacksonville,FL,United States
CUST3025,Sneha Reddy,Jacksonville,FL,United States
CUST3026,Ritika Verma,Houston,TX,United Kingdom
CUST3027,Vihaan Kapoor,Washington,DC,Australia
CUST3028,Aarav Reddy,Charlotte,NC,United Kingdom
CUST3029,Rohit Kumar,San Francisco,CA,India
CUST3030,Priya Singh,San Jose,CA,United States
CUST3031,Vihaan Kumar,Fort Worth,TX,United States
CUST3032,Aman Joshi,San Francisco,CA,United States
CUST3033,Vihaan Singh,San Diego,CA,United States
CUST3034,Vikas Mehta,Denver,CO,India
CUST3035,Karan Kumar,Jacksonville,FL,Canada
CUST3036,Aman Kumar,Jacksonville,FL,Canada
CUST3037,Karan Verma,Dallas,TX,India
CUST3038,Anjali Verma,Indianapolis,IN,Australia
CUST3039,Simran Verma,Chicago,IL,Australia
CUST3040,Aman Singh,New York,NY,United Kingdom
CUST3041,Neha Patel,Seattle,WA,India
CUST3042,Priya Reddy,New York,NY,Canada
CUST3043,Vivaan Verma,Dallas,TX,United States
CUST3044,Anjali Joshi,Columbus,OH,Canada
CUST3045,Vihaan Mehta,Houston,TX,Canada
CUST3046,Simran Kumar,San Diego,CA,United Kingdom
CUST3047,Sahil Mehta,Phoenix,AZ,United States
CUST3048,Priya Mehta,Philadelphia,PA,Canada
CUST3049,Rohit Verma,Chicago,IL,India
CUST3050,Neha Patel,Chicago,IL,United States
CUST3051,Mohit Sharma,Los Angeles,CA,United States
CUST3052,Neha Verma,Chicago,IL,United States
CUST3053,Sunita Joshi,Phoenix,AZ,United States
CUST3054,Aman Verma,Los Angeles,CA,United States
CUST3055,Vihaan Singh,Houston,TX,United States
CUST3056,Sunita Mehta,Indianapolis,IN,United States
CUST3057,Ritika Verma,Denver,CO,India
CUST3058,Mohit Verma,Columbus,OH,Canada
CUST3059,Anjali Kumar,Washington,DC,United Kingdom
CUST3060,Kabir Mehta,Charlotte,NC,Australia
CUST3061,Vihaan Kumar,Los Angeles,CA,Australia
CUST3062,Pooja Kapoor,Washington,DC,United States
CUST3063,Sunita Joshi,Fort Worth,TX,United States
CUST3064,Vihaan Verma,New York,NY,United Kingdom
CUST3065,Pooja Joshi,Chicago,IL,India
CUST3066,Neha Kumar,Washington,DC,United States
CUST3067,Arjun Sharma,Indianapolis,IN,United States
CUST3068,Vihaan Sharma,Fort Worth,TX,Australia
CUST3069,Aditya Joshi,Chicago,IL,United Kingdom
CUST3070,Sunita Kapoor,Dallas,TX,United Kingdom
CUST3071,Anjali Singh,San Antonio,TX,India
CUST3072,Priya Kapoor,Columbus,OH,Australia
CUST3073,Aditya Reddy,Denver,CO,United Kingdom
CUST3074,Neha Joshi,Jacksonville,FL,United States
CUST3075,Rohit Gupta,San Diego,CA,Australia
CUST3076,Neha Joshi,Austin,TX,United States
CUST3077,Sahil Patel,Los Angeles,CA,Canada
CUST3078,Sahil Reddy,Jacksonville,FL,India
CUST3079,Karan Verma,Philadelphia,PA,Australia
CUST3080,Neha Mehta,Columbus,OH,United States
CUST3081,Sunita Joshi,Dallas,TX,United States
CUST3082,Vihaan Kapoor,Denver,CO,India
CUST3083,Neha Reddy,San Jose,CA,Australia
CUST3084,Sahil Singh,Charlotte,NC,United States
CUST3085,Aman Sharma,New York,NY,India
CUST3086,Vikas Gupta,San Francisco,CA,United States
CUST3087,Anjali Sharma,Chicago,IL,United States
CUST3088,Vihaan Mehta,San Diego,CA,United States
CUST3089,Vikas Patel,Phoenix,AZ,United States
CUST3090,Vivaan Kumar,Philadelphia,PA,United States
CUST3091,Aditya Verma,Philadelphia,PA,India
CUST3092,Priya Verma,San Diego,CA,India
CUST3093,Ritika Reddy,Houston,TX,United States
CUST3094,Karan Gupta,San Francisco,CA,United Kingdom
CUST3095,Aarav Joshi,San Diego,CA,India
CUST3096,Ritika Sharma,San Francisco,CA,India
CUST3097,Ritika Mehta,Denver,CO,United Kingdom
CUST3098,Anjali Kapoor,Denver,CO,United States
CUST3099,Vihaan Joshi,Philadelphia,PA,India
CUST3100,Vihaan Kumar,Charlotte,NC,India
CUST3101,Aman Patel,Columbus,OH,United States
CUST3102,Mohit Kapoor,Phoenix,AZ,United States
CUST3103,Priya Patel,San Francisco,CA,United States
CUST3104,Neha Verma,Fort Worth,TX,United States
CUST3105,Sahil Kumar,Houston,TX,India
CUST3106,Sneha Kapoor,San Jose,CA,United States
CUST3107,Vihaan Kapoor,San Antonio,TX,United States
CUST3108,Karan Kumar,Austin,TX,United States
CUST3109,Vikas Verma,Phoenix,AZ,India
CUST3110,Priya Reddy,San Diego,CA,United States
CUST3111,Priya Mehta,Indianapolis,IN,Canada
CUST3112,Rohit Mehta,Philadelphia,PA,United States
CUST3113,Sunita Gupta,Charlotte,NC,Canada
CUST3114,Mohit Sharma,Denver,CO,United States
CUST3115,Ritika Joshi,New York,NY,India
CUST3116,Rohit Joshi,Jacksonville,FL,Canada
CUST3117,Pooja Reddy,San Diego,CA,Canada
CUST3118,Kabir Mehta,Philadelphia,PA,United States
CUST3119,Ritika Sharma,Houston,TX,United States
CUST3120,Arjun Kumar,Houston,TX,United States
CUST3121,Rohit Mehta,San Francisco,CA,India
CUST3122,Pooja Gupta,Philadelphia,PA,United States
CUST3123,Mohit Gupta,San Diego,CA,United States
CUST3124,Kabir Kumar,Fort Worth,TX,United States
CUST3125,Sunita Kumar,San Antonio,TX,United States
CUST3126,Sneha Gupta,Houston,TX,India
CUST3127,Simran Joshi,Phoenix,AZ,India
CUST3128,Karan Sharma,Jacksonville,FL,United States
CUST3129,Rohit Singh,San Antonio,TX,India
CUST3130,Aarav Gupta,New York,NY,United States
CUST3131,Pooja Reddy,New York,NY,United States
CUST3132,Neha Sharma,Chicago,IL,United States
CUST3133,Anjali Kapoor,Indianapolis,IN,Australia
CUST3134,Priya Verma,Los Angeles,CA,United Kingdom
CUST3135,Karan Patel,Jacksonville,FL,India
CUST3136,Arjun Kumar,Denver,CO,United States
CUST3137,Vihaan Kapoor,New York,NY,United Kingdom
CUST3138,Aman Verma,Philadelphia,PA,United States
CUST3139,Aman Kapoor,Austin,TX,United States
CUST3140,Aman Gupta,Washington,DC,United States
CUST3141,Neha Verma,Indianapolis,IN,United States
CUST3142,Vihaan Patel,Seattle,WA,United States
CUST3143,Anjali Kapoor,San Jose,CA,India
CUST3144,Sunita Kumar,Denver,CO,United States
CUST3145,Arjun Verma,San Francisco,CA,United States
CUST3146,Mohit Kumar,Jacksonville,FL,Canada
CUST3147,Ritika Sharma,Dallas,TX,United States
CUST3148,Anjali Reddy,San Jose,CA,India
CUST3149,Karan Joshi,Fort Worth,TX,United States
CUST3150,Sneha Gupta,Philadelphia,PA,United States
CUST3151,Arjun Patel,San Francisco,CA,Australia
CUST3152,Priya Sharma,Seattle,WA,United States
CUST3153,Kabir Sharma,Philadelphia,PA,United States
CUST3154,Vivaan Kumar,Phoenix,AZ,United States
CUST3155,Vikas Verma,Charlotte,NC,United States
CUST3156,Simran Mehta,Chicago,IL,Canada
CUST3157,Pooja Gupta,San Francisco,CA,India
CUST3158,Mohit Joshi,New York,NY,United States
CUST3159,Vivaan Gupta,Philadelphia,PA,United Kingdom
CUST3160,Aditya Joshi,Jacksonville,FL,United States
CUST3161,Anjali Mehta,Houston,TX,United States
CUST3162,Aditya Patel,Houston,TX,United Kingdom
CUST3163,Sahil Patel,Seattle,WA,Canada
CUST3164,Rohit Gupta,Houston,TX,United States
CUST3165,Aditya Verma,New York,NY,India
CUST3166,Mohit Kumar,San Diego,CA,United States
CUST3167,Aman Singh,San Antonio,TX,United States
CUST3168,Kabir Mehta,Houston,TX,United States
CUST3169,Anjali Joshi,Los Angeles,CA,United States
CUST3170,Ritika Patel,Charlotte,NC,United States
CUST3171,Priya Kumar,San Jose,CA,United Kingdom
CUST3172,Aditya Mehta,San Antonio,TX,Canada
CUST3173,Vikas Singh,San Francisco,CA,United States
CUST3174,Sunita Mehta,Seattle,WA,United States
CUST3175,Sahil Kapoor,New York,NY,India
CUST3176,Sneha Verma,San Diego,CA,United States
CUST3177,Simran Kumar,New York,NY,India
CUST3178,Pooja Singh,Austin,TX,Canada
CUST3179,Vikas Singh,Los Angeles,CA,United Kingdom
CUST3180,Ritika Verma,San Antonio,TX,United States
CUST3181,Aarav Reddy,New York,NY,United States
CUST3182,Rohit Gupta,Dallas,TX,India
CUST3183,Sunita Singh,Phoenix,AZ,Australia
CUST3184,Kabir Kumar,San Francisco,CA,United States
CUST3185,Priya Kumar,Columbus,OH,Australia
CUST3186,Karan Singh,Philadelphia,PA,Australia
CUST3187,Aarav Gupta,San Francisco,CA,United States
CUST3188,Pooja Kumar,Phoenix,AZ,India
CUST3189,Ritika Joshi,Indianapolis,IN,Canada
CUST3190,Aditya Sharma,Houston,TX,India
CUST3191,Rohit Mehta,Phoenix,AZ,United States
CUST3192,Karan Kapoor,Denver,CO,United States
CUST3193,Vihaan Reddy,San Diego,CA,Australia
CUST3194,Anjali Kumar,Indianapolis,IN,India
CUST3195,Neha Patel,Columbus,OH,United States
CUST3196,Kabir Kapoor,Houston,TX,United States
CUST3197,Vivaan Sharma,Seattle,WA,India
CUST3198,Priya Mehta,San Francisco,CA,India
CUST3199,Vikas Singh,Phoenix,AZ,United States
CUST3200,Sahil Sharma,San Diego,CA,United Kingdom
CUST3201,Ritika Singh,Jacksonville,FL,United States
CUST3202,Pooja Singh,Los Angeles,CA,United States
CUST3203,Aman Joshi,Washington,DC,United States
CUST3204,Anjali Joshi,San Jose,CA,India
CUST3205,Arjun Verma,Indianapolis,IN,United States
CUST3206,Anjali Reddy,New York,NY,India
CUST3207,Karan Singh,New York,NY,United States
CUST3208,Pooja Verma,Chicago,IL,United States
CUST3209,Anjali Sharma,Dallas,TX,United States
CUST3210,Pooja Patel,Indianapolis,IN,United States
CUST3211,Karan Gupta,Columbus,OH,Canada
CUST3212,Pooja Kapoor,Phoenix,AZ,United States
CUST3213,Anjali Mehta,San Jose,CA,India
CUST3214,Neha Singh,San Diego,CA,Canada
CUST3215,Arjun Sharma,Charlotte,NC,United States
CUST3216,Sneha Singh,Jacksonville,FL,United States
CUST3217,Vivaan Joshi,Seattle,WA,United States
CUST3218,Simran Mehta,Los Angeles,CA,United States
CUST3219,Vihaan Joshi,Seattle,WA,Australia
CUST3220,Vivaan Joshi,Los Angeles,CA,United States
CUST3221,Vikas Reddy,Washington,DC,United States
CUST3222,Neha Joshi,Austin,TX,Canada
CUST3223,Neha Verma,Houston,TX,India
CUST3224,Arjun Verma,Chicago,IL,India
CUST3225,Vikas Verma,Fort Worth,TX,United States
CUST3226,Ritika Kapoor,Washington,DC,United States
CUST3227,Ritika Singh,Phoenix,AZ,United States
CUST3228,Karan Verma,Jacksonville,FL,Canada
CUST3229,Aarav Gupta,San Antonio,TX,Canada
CUST3230,Vikas Kapoor,Chicago,IL,United States
CUST3231,Vihaan Patel,Austin,TX,United States
CUST3232,Aditya Joshi,New York,NY,Canada
CUST3233,Pooja Kapoor,Austin,TX,United States
CUST3234,Vivaan Kapoor,San Francisco,CA,India
CUST3235,Simran Patel,Indianapolis,IN,United States
CUST3236,Ritika Singh,Jacksonville,FL,India
CUST3237,Vivaan Verma,Houston,TX,India
CUST3238,Sahil Kapoor,Jacksonville,FL,United States
CUST3239,Mohit Kumar,Indianapolis,IN,United States
CUST3240,Mohit Mehta,San Antonio,TX,United States
CUST3241,Sunita Gupta,Chicago,IL,United States
CUST3242,Arjun Verma,Houston,TX,United States
CUST3243,Priya Joshi,New York,NY,United Kingdom
CUST3244,Vikas Verma,Phoenix,AZ,United States
CUST3245,Rohit Joshi,Los Angeles,CA,United States
CUST3246,Simran Mehta,San Diego,CA,India
CUST3247,Neha Gupta,New York,NY,India
CUST3248,Karan Patel,Los Angeles,CA,United Kingdom
CUST3249,Karan Mehta,Dallas,TX,India
CUST3250,Aditya Sharma,San Francisco,CA,United Kingdom
CUST3251,Aman Patel,San Jose,CA,United States
CUST3252,Aman Reddy,Washington,DC,India
CUST3253,Aditya Gupta,San Francisco,CA,United States
CUST3254,Simran Mehta,Austin,TX,United States
CUST3255,Arjun Gupta,Denver,CO,India
CUST3256,Sneha Reddy,Jacksonville,FL,India
CUST3257,Ritika Sharma,Seattle,WA,United States
CUST3258,Vivaan Reddy,Indianapolis,IN,Australia
CUST3259,Vihaan Reddy,Chicago,IL,United States
CUST3260,Karan Mehta,Washington,DC,Australia
CUST3261,Vikas Gupta,Phoenix,AZ,India
CUST3262,Ritika Verma,Denver,CO,United States
CUST3263,Aman Sharma,San Francisco,CA,United States
CUST3264,Vihaan Joshi,San Francisco,CA,United States
CUST3265,Sunita Sharma,Houston,TX,United States
CUST3266,Aditya Mehta,Austin,TX,United States
CUST3267,Ritika Joshi,Fort Worth,TX,United States
CUST3268,Simran Kapoor,Phoenix,AZ,United States
CUST3269,Mohit Kumar,San Jose,CA,United States
CUST3270,Mohit Verma,New York,NY,India
CUST3271,Vihaan Mehta,Fort Worth,TX,United States
CUST3272,Vihaan Sharma,Dallas,TX,United States
CUST3273,Mohit Joshi,Phoenix,AZ,India
CUST3274,Simran Mehta,New York,NY,India
CUST3275,Kabir Patel,Los Angeles,CA,India
CUST3276,Aditya Singh,Seattle,WA,United States
CUST3277,Rohit Verma,New York,NY,Canada
CUST3278,Aarav Kumar,San Jose,CA,United States
CUST3279,Aarav Kumar,Los Angeles,CA,India
CUST3280,Neha Singh,Columbus,OH,United Kingdom
CUST3281,Sneha Mehta,San Jose,CA,India
CUST3282,Aditya Gupta,Houston,TX,Canada
CUST3283,Simran Singh,Jacksonville,FL,India
CUST3284,Neha Mehta,Philadelphia,PA,United States
CUST3285,Aarav Verma,Houston,TX,United States
CUST3286,Neha Sharma,Phoenix,AZ,Australia
CUST3287,Sneha Kumar,Jacksonville,FL,Canada
CUST3288,Priya Kapoor,Los Angeles,CA,United States
CUST3289,Sunita Sharma,Dallas,TX,United States
CUST3290,Vihaan Mehta,Indianapolis,IN,United States
CUST3291,Karan Joshi,Los Angeles,CA,India
CUST3292,Sahil Gupta,Seattle,WA,Australia
CUST3293,Vivaan Joshi,Chicago,IL,United States
CUST3294,Sunita Joshi,Houston,TX,United States
CUST3295,Aman Kapoor,San Francisco,CA,India
CUST3296,Kabir Joshi,San Antonio,TX,United States
CUST3297,Sneha Sharma,Chicago,IL,India
CUST3298,Aman Sharma,Columbus,OH,India
CUST3299,Karan Kapoor,Philadelphia,PA,India
CUST3300,Anjali Reddy,Washington,DC,United States
CUST3301,Kabir Patel,Austin,TX,United States
CUST3302,Simran Mehta,Los Angeles,CA,India
CUST3303,Aarav Singh,New York,NY,United States
CUST3304,Neha Patel,Austin,TX,United States
CUST3305,Kabir Joshi,Charlotte,NC,United States
CUST3306,Arjun Gupta,Philadelphia,PA,United States
CUST3307,Sunita Mehta,Columbus,OH,United States
CUST3308,Mohit Kapoor,Dallas,TX,Canada
CUST3309,Aditya Joshi,San Jose,CA,Australia
CUST3310,Arjun Singh,Phoenix,AZ,India
CUST3311,Neha Gupta,San Francisco,CA,United States
CUST3312,Sahil Sharma,Denver,CO,Australia
CUST3313,Aarav Patel,Columbus,OH,United States
CUST3314,Pooja Patel,San Antonio,TX,United States
CUST3315,Aman Sharma,San Diego,CA,India
CUST3316,Aditya Patel,Houston,TX,United States
CUST3317,Karan Verma,Fort Worth,TX,India
CUST3318,Sneha Joshi,San Antonio,TX,United States
CUST3319,Pooja Patel,Philadelphia,PA,United States
CUST3320,Kabir Verma,Los Angeles,CA,United Kingdom
CUST3321,Vivaan Joshi,Charlotte,NC,United States
CUST3322,Kabir Verma,Austin,TX,United States
CUST3323,Sahil Sharma,Los Angeles,CA,Canada
CUST3324,Aman Verma,Jacksonville,FL,Canada
CUST3325,Mohit Gupta,Fort Worth,TX,United States
CUST3326,Arjun Patel,Los Angeles,CA,Canada
CUST3327,Vihaan Kumar,Denver,CO,India
CUST3328,Simran Mehta,Philadelphia,PA,Australia
CUST3329,Aarav Kumar,Seattle,WA,United States
CUST3330,Neha Patel,Fort Worth,TX,United States
CUST3331,Mohit Verma,New York,NY,United States
CUST3332,Pooja Patel,Columbus,OH,India
CUST3333,Karan Patel,Los Angeles,CA,United States
CUST3334,Aman Mehta,Charlotte,NC,United States
CUST3335,Aman Patel,San Jose,CA,India
CUST3336,Aditya Patel,Chicago,IL,United States
CUST3337,Mohit Mehta,San Jose,CA,India
CUST3338,Vivaan Mehta,Charlotte,NC,United States
CUST3339,Aman Gupta,San Diego,CA,India
CUST3340,Karan Mehta,Indianapolis,IN,United States
CUST3341,Sahil Gupta,Washington,DC,India
CUST3342,Anjali Patel,New York,NY,India
CUST3343,Aman Kapoor,San Diego,CA,India
CUST3344,Arjun Mehta,Philadelphia,PA,Canada
CUST3345,Simran Kumar,Columbus,OH,United States
CUST3346,Sahil Kapoor,San Jose,CA,India
CUST3347,Vikas Mehta,New York,NY,United States
CUST3348,Rohit Gupta,Dallas,TX,United Kingdom
CUST3349,Aditya Sharma,Indianapolis,IN,United States
CUST3350,Sunita Singh,San Diego,CA,Canada
CUST3351,Aman Reddy,New York,NY,United States
CUST3352,Priya Kumar,Seattle,WA,United States
CUST3353,Aditya Reddy,Charlotte,NC,India
CUST3354,Aman Patel,Charlotte,NC,United States
CUST3355,Karan Reddy,Columbus,OH,United States
CUST3356,Vihaan Sharma,Columbus,OH,United States
CUST3357,Vikas Gupta,San Diego,CA,United States
CUST3358,Aman Patel,Austin,TX,India
CUST3359,Vihaan Sharma,Dallas,TX,India
CUST3360,Anjali Kumar,Los Angeles,CA,Canada
CUST3361,Sahil Kapoor,San Francisco,CA,United States
CUST3362,Sneha Patel,San Jose,CA,Australia
CUST3363,Ritika Singh,Austin,TX,India
CUST3364,Sunita Reddy,Philadelphia,PA,United States
CUST3365,Sneha Verma,Seattle,WA,India
CUST3366,Anjali Reddy,Philadelphia,PA,United States
CUST3367,Aditya Verma,Jacksonville,FL,United States
CUST3368,Vivaan Mehta,Los Angeles,CA,United Kingdom
CUST3369,Aman Mehta,Washington,DC,India
CUST3370,Aman Mehta,Denver,CO,India
CUST3371,Pooja Kapoor,Columbus,OH,United States
CUST3372,Neha Mehta,San Francisco,CA,Australia
CUST3373,Arjun Joshi,Columbus,OH,United States
CUST3374,Simran Singh,Los Angeles,CA,United States
CUST3375,Aman Reddy,Seattle,WA,United States
CUST3376,Simran Joshi,Austin,TX,United States
CUST3377,Vivaan Singh,Washington,DC,United States
CUST3378,Karan Verma,Philadelphia,PA,United States
CUST3379,Ritika Gupta,Charlotte,NC,Canada
CUST3380,Vivaan Reddy,Los Angeles,CA,India
CUST3381,Arjun Verma,New York,NY,Canada
CUST3382,Aarav Singh,Denver,CO,United Kingdom
CUST3383,Karan Sharma,Houston,TX,United States
CUST3384,Priya Gupta,Chicago,IL,Canada
CUST3385,Rohit Singh,Fort Worth,TX,United States
CUST3386,Neha Sharma,Charlotte,NC,United States
CUST3387,Vikas Verma,Fort Worth,TX,India
CUST3388,Priya Kapoor,Austin,TX,United States
CUST3389,Kabir Singh,Washington,DC,India
CUST3390,Anjali Verma,Jacksonville,FL,United States
CUST3391,Kabir Kapoor,Charlotte,NC,United States
CUST3392,Karan Mehta,Columbus,OH,United States
CUST3393,Sneha Mehta,Denver,CO,Australia
CUST3394,Anjali Reddy,Chicago,IL,United States
CUST3395,Pooja Verma,Los Angeles,CA,United States
CUST3396,Ritika Gupta,San Diego,CA,United Kingdom
CUST3397,Sahil Verma,San Antonio,TX,United States
CUST3398,Aman Kumar,Charlotte,NC,United States
CUST3399,Aarav Verma,Phoenix,AZ,Australia
CUST3400,Sahil Singh,Chicago,IL,United States
CUST3401,Ritika Joshi,Seattle,WA,Australia
CUST3402,Sunita Kapoor,Charlotte,NC,United States
CUST3403,Aarav Patel,Seattle,WA,United States
CUST3404,Aman Patel,Denver,CO,United States
CUST3405,Mohit Gupta,Los Angeles,CA,United States
CUST3406,Pooja Verma,Philadelphia,PA,United Kingdom
CUST3407,Arjun Gupta,Austin,TX,India
CUST3408,Anjali Singh,Houston,TX,United States
CUST3409,Priya Mehta,Fort Worth,TX,United States
CUST3410,Anjali Gupta,Columbus,OH,India
CUST3411,Sunita Verma,San Francisco,CA,United States
CUST3412,Sneha Kapoor,Fort Worth,TX,United States
CUST3413,Ritika Kumar,New York,NY,United States
CUST3414,Aman Mehta,Houston,TX,United States
CUST3415,Simran Reddy,Chicago,IL,India
CUST3416,Karan Kumar,Seattle,WA,Canada
CUST3417,Aarav Gupta,Chicago,IL,India
CUST3418,Aditya Reddy,Chicago,IL,India
CUST3419,Rohit Singh,San Francisco,CA,United States
CUST3420,Vikas Reddy,Chicago,IL,Canada
CUST3421,Mohit Kumar,Austin,TX,United States
CUST3422,Sahil Mehta,Philadelphia,PA,United States
CUST3423,Priya Singh,Charlotte,NC,United States
CUST3424,Aarav Sharma,San Antonio,TX,India
CUST3425,Neha Gupta,New York,NY,Canada
CUST3426,Kabir Gupta,Phoenix,AZ,United States
CUST3427,Aman Gupta,Denver,CO,United States
CUST3428,Vivaan Singh,Columbus,OH,United States
CUST3429,Sahil Kapoor,San Diego,CA,United States
CUST3430,Aditya Gupta,San Jose,CA,United States
CUST3431,Sahil Gupta,Fort Worth,TX,United Kingdom
CUST3432,Karan Kumar,Columbus,OH,United States
CUST3433,Anjali Patel,Columbus,OH,United States
CUST3434,Pooja Joshi,Fort Worth,TX,United States
CUST3435,Pooja Kumar,San Francisco,CA,United States
CUST3436,Anjali Patel,Denver,CO,India
CUST3437,Rohit Joshi,San Antonio,TX,Australia
CUST3438,Kabir Patel,Fort Worth,TX,Canada
CUST3439,Aarav Singh,San Antonio,TX,United States
CUST3440,Aarav Kapoor,New York,NY,United States
CUST3441,Karan Reddy,San Jose,CA,India
CUST3442,Neha Mehta,San Jose,CA,Canada
CUST3443,Sahil Verma,Dallas,TX,United States
CUST3444,Aditya Reddy,Austin,TX,Canada
CUST3445,Aarav Joshi,San Antonio,TX,India
CUST3446,Vikas Mehta,Fort Worth,TX,United States
CUST3447,Mohit Sharma,Washington,DC,United States
CUST3448,Vihaan Joshi,Fort Worth,TX,United States
CUST3449,Vikas Kumar,Indianapolis,IN,United States
CUST3450,Simran Sharma,Jacksonville,FL,United States
CUST3451,Sneha Sharma,Houston,TX,Australia
CUST3452,Pooja Patel,Austin,TX,India
CUST3453,Rohit Verma,Dallas,TX,United States
CUST3454,Sneha Kumar,Seattle,WA,India
CUST3455,Neha Patel,Washington,DC,Canada
CUST3456,Vivaan Gupta,Denver,CO,India
CUST3457,Rohit Sharma,Dallas,TX,United States
CUST3458,Vihaan Gupta,Austin,TX,United States
CUST3459,Ritika Reddy,New York,NY,United Kingdom
CUST3460,Neha Singh,Seattle,WA,United Kingdom
CUST3461,Ritika Kapoor,San Francisco,CA,United States
CUST3462,Aditya Kapoor,Jacksonville,FL,United States
CUST3463,Arjun Gupta,Los Angeles,CA,India
CUST3464,Ritika Kumar,New York,NY,Australia
CUST3465,Aman Gupta,Jacksonville,FL,United States
CUST3466,Pooja Reddy,San Francisco,CA,United States
CUST3467,Simran Sharma,Phoenix,AZ,United States
CUST3468,Karan Sharma,Jacksonville,FL,India
CUST3469,Vihaan Reddy,Dallas,TX,India
CUST3470,Simran Joshi,Fort Worth,TX,India
CUST3471,Vikas Reddy,Houston,TX,United States
CUST3472,Karan Reddy,Jacksonville,FL,United States
CUST3473,Aditya Kapoor,Charlotte,NC,United States
CUST3474,Aarav Kumar,Chicago,IL,India
CUST3475,Sneha Kumar,Indianapolis,IN,United States
CUST3476,Mohit Patel,Denver,CO,India
CUST3477,Vihaan Sharma,Columbus,OH,United Kingdom
CUST3478,Neha Mehta,Indianapolis,IN,United Kingdom
CUST3479,Aarav Kapoor,Charlotte,NC,United States
CUST3480,Anjali Gupta,New York,NY,United States
CUST3481,Sneha Verma,San Francisco,CA,Canada
CUST3482,Neha Kumar,Seattle,WA,Canada
CUST3483,Anjali Sharma,Austin,TX,United States
CUST3484,Sneha Verma,San Antonio,TX,United States
CUST3485,Simran Kapoor,Charlotte,NC,United Kingdom
CUST3486,Vihaan Verma,San Jose,CA,United States
CUST3487,Vivaan Sharma,San Jose,CA,India
CUST3488,Sunita Patel,Los Angeles,CA,India
CUST3489,Aditya Singh,Jacksonville,FL,India
CUST3490,Vivaan Gupta,San Antonio,TX,India
CUST3491,Kabir Mehta,San Antonio,TX,Australia
CUST3492,Vivaan Reddy,Seattle,WA,United States
CUST3493,Vivaan Gupta,Denver,CO,United States
CUST3494,Vihaan Kapoor,Indianapolis,IN,United States
CUST3495,Karan Kumar,Dallas,TX,United States
CUST3496,Aarav Joshi,Columbus,OH,Canada
CUST3497,Sunita Joshi,Los Angeles,CA,United States
CUST3498,Karan Kapoor,Los Angeles,CA,Canada
CUST3499,Rohit Verma,Columbus,OH,United States
CUST3500,Vihaan Sharma,San Jose,CA,United States
CUST3501,Kabir Verma,Los Angeles,CA,United States
CUST3502,Ritika Kumar,Seattle,WA,United States
CUST3503,Vikas Mehta,Philadelphia,PA,United States
CUST3504,Neha Kapoor,Indianapolis,IN,United States
CUST3505,Sneha Singh,Chicago,IL,United States
CUST3506,Arjun Gupta,Charlotte,NC,United States
CUST3507,Aman Patel,Charlotte,NC,India
CUST3508,Priya Kapoor,Phoenix,AZ,United States
CUST3509,Vikas Sharma,San Antonio,TX,United States
CUST3510,Aman Kapoor,Dallas,TX,India
CUST3511,Sneha Reddy,Houston,TX,United States
CUST3512,Rohit Kumar,San Francisco,CA,United States
CUST3513,Neha Joshi,San Francisco,CA,United Kingdom
CUST3514,Kabir Patel,Denver,CO,United States
CUST3515,Priya Mehta,Chicago,IL,Canada
CUST3516,Vihaan Joshi,Phoenix,AZ,United States
CUST3517,Vivaan Joshi,Austin,TX,India
CUST3518,Sneha Kumar,San Antonio,TX,United States
CUST3519,Rohit Kumar,San Jose,CA,United States
CUST3520,Sunita Singh,Houston,TX,United Kingdom
CUST3521,Aarav Patel,Dallas,TX,United States
CUST3522,Aarav Verma,Austin,TX,United States
CUST3523,Sahil Verma,Philadelphia,PA,Australia
CUST3524,Arjun Gupta,Seattle,WA,United States
CUST3525,Simran Kumar,Fort Worth,TX,Australia
CUST3526,Ritika Patel,San Francisco,CA,India
CUST3527,Rohit Kumar,Denver,CO,United States
CUST3528,Priya Singh,San Francisco,CA,India
CUST3529,Sneha Gupta,Austin,TX,Canada
CUST3530,Mohit Patel,Los Angeles,CA,United States
CUST3531,Aarav Singh,Jacksonville,FL,United States
CUST3532,Anjali Kumar,Fort Worth,TX,United States
CUST3533,Sneha Patel,Charlotte,NC,United Kingdom
CUST3534,Aman Kapoor,Philadelphia,PA,India
CUST3535,Ritika Kumar,San Jose,CA,India
CUST3536,Sahil Gupta,Philadelphia,PA,United States
CUST3537,Sneha Sharma,Dallas,TX,United States
CUST3538,Neha Kumar,Fort Worth,TX,United States
CUST3539,Aditya Joshi,Phoenix,AZ,Canada
CUST3540,Kabir Verma,Chicago,IL,United Kingdom
CUST3541,Mohit Reddy,New York,NY,Canada
CUST3542,Vikas Joshi,Austin,TX,United States
CUST3543,Aman Joshi,San Jose,CA,Canada
CUST3544,Vikas Reddy,Phoenix,AZ,United States
CUST3545,Neha Joshi,Washington,DC,United States
CUST3546,Neha Gupta,San Francisco,CA,Australia
CUST3547,Ritika Mehta,Columbus,OH,United States
CUST3548,Ritika Sharma,San Jose,CA,Canada
CUST3549,Rohit Kumar,Charlotte,NC,United Kingdom
CUST3550,Rohit Joshi,Phoenix,AZ,India
CUST3551,Vikas Gupta,Columbus,OH,United Kingdom
CUST3552,Sahil Verma,Austin,TX,United States
CUST3553,Aman Patel,Seattle,WA,United States
CUST3554,Sneha Kapoor,Denver,CO,India
CUST3555,Vivaan Joshi,Washington,DC,United States
CUST3556,Aman Kapoor,San Francisco,CA,United States
CUST3557,Anjali Mehta,Los Angeles,CA,United States
CUST3558,Simran Joshi,Jacksonville,FL,United States
CUST3559,Karan Mehta,New York,NY,Canada
CUST3560,Anjali Gupta,Charlotte,NC,United States
CUST3561,Sunita Sharma,San Jose,CA,India
CUST3562,Mohit Joshi,Philadelphia,PA,United States
CUST3563,Sneha Gupta,Los Angeles,CA,United States
CUST3564,Aditya Gupta,Houston,TX,United States
CUST3565,Aman Reddy,Los Angeles,CA,United States
CUST3566,Sahil Verma,San Francisco,CA,United Kingdom
CUST3567,Pooja Kumar,Los Angeles,CA,United States
CUST3568,Aditya Patel,Fort Worth,TX,India
CUST3569,Rohit Patel,San Francisco,CA,United States
CUST3570,Rohit Patel,Fort Worth,TX,India
CUST3571,Sahil Gupta,Dallas,TX,United States
CUST3572,Aarav Gupta,Washington,DC,United States
CUST3573,Priya Patel,Dallas,TX,United States
CUST3574,Sneha Reddy,Charlotte,NC,India
CUST3575,Simran Joshi,Los Angeles,CA,United States
CUST3576,Anjali Kumar,Los Angeles,CA,Australia
CUST3577,Karan Mehta,San Jose,CA,India
CUST3578,Arjun Kapoor,San Francisco,CA,United Kingdom
CUST3579,Arjun Gupta,Jacksonville,FL,United States
CUST3580,Sneha Mehta,Indianapolis,IN,United States
CUST3581,Karan Mehta,Houston,TX,Canada
CUST3582,Sahil Gupta,Seattle,WA,United States
CUST3583,Anjali Kapoor,Charlotte,NC,India
CUST3584,Aarav Kapoor,Seattle,WA,United States
CUST3585,Kabir Kapoor,Denver,CO,India
CUST3586,Sunita Mehta,Washington,DC,Canada
CUST3587,Rohit Mehta,Columbus,OH,United Kingdom
CUST3588,Sunita Kumar,Fort Worth,TX,United States
CUST3589,Neha Verma,Dallas,TX,United States
CUST3590,Anjali Kapoor,Charlotte,NC,United States
CUST3591,Kabir Joshi,San Diego,CA,United States
CUST3592,Aarav Singh,Washington,DC,United States
CUST3593,Rohit Verma,Seattle,WA,United States
CUST3594,Rohit Kumar,Chicago,IL,United States
CUST3595,Priya Reddy,Fort Worth,TX,United States
CUST3596,Aditya Joshi,Los Angeles,CA,India
CUST3597,Aman Sharma,New York,NY,United States
CUST3598,Mohit Patel,New York,NY,India
CUST3599,Karan Mehta,Philadelphia,PA,India
CUST3600,Mohit Verma,Los Angeles,CA,United States
CUST3601,Arjun Reddy,Indianapolis,IN,Australia
CUST3602,Aditya Mehta,San Jose,CA,United States
CUST3603,Rohit Singh,Chicago,IL,United States
CUST3604,Ritika Gupta,Austin,TX,United States
CUST3605,Ritika Kumar,Indianapolis,IN,United States
CUST3606,Pooja Kumar,San Diego,CA,India
CUST3607,Aarav Singh,Fort Worth,TX,United States
CUST3608,Sneha Reddy,Denver,CO,Australia
CUST3609,Anjali Kapoor,Jacksonville,FL,Australia
CUST3610,Neha Joshi,Dallas,TX,India
CUST3611,Simran Kapoor,Jacksonville,FL,United States
CUST3612,Vivaan Verma,Austin,TX,United States
CUST3613,Vikas Gupta,Los Angeles,CA,United Kingdom
CUST3614,Sunita Kapoor,San Francisco,CA,United States
CUST3615,Mohit Kapoor,Fort Worth,TX,India
CUST3616,Vihaan Mehta,Charlotte,NC,Canada
CUST3617,Vivaan Kumar,Dallas,TX,India
CUST3618,Mohit Gupta,Los Angeles,CA,India
CUST3619,Sahil Gupta,Los Angeles,CA,India
CUST3620,Neha Mehta,Houston,TX,India
CUST3621,Vikas Verma,New York,NY,United Kingdom
CUST3622,Vihaan Reddy,Los Angeles,CA,United States
CUST3623,Anjali Mehta,Jacksonville,FL,India
CUST3624,Pooja Kumar,Denver,CO,Australia
CUST3625,Simran Sharma,Houston,TX,India
CUST3626,Aditya Joshi,Phoenix,AZ,United States
CUST3627,Sunita Patel,Dallas,TX,United States
CUST3628,Sunita Kumar,Columbus,OH,United States
CUST3629,Sunita Sharma,New York,NY,United States
CUST3630,Aarav Gupta,San Diego,CA,United States
CUST3631,Vihaan Singh,Seattle,WA,United States
CUST3632,Simran Singh,Dallas,TX,United States
CUST3633,Neha Gupta,Los Angeles,CA,India
CUST3634,Mohit Singh,Austin,TX,Canada
CUST3635,Aarav Kapoor,Columbus,OH,United Kingdom
CUST3636,Priya Verma,Fort Worth,TX,United Kingdom
CUST3637,Aarav Gupta,Houston,TX,United States
CUST3638,Arjun Joshi,Austin,TX,India
CUST3639,Sunita Gupta,San Diego,CA,United Kingdom
CUST3640,Simran Sharma,Los Angeles,CA,United States
CUST3641,Kabir Sharma,Fort Worth,TX,United States
CUST3642,Rohit Kumar,New York,NY,United States
CUST3643,Vikas Kumar,San Jose,CA,United States
CUST3644,Rohit Verma,San Francisco,CA,United States
CUST3645,Aarav Sharma,San Antonio,TX,United States
CUST3646,Anjali Kumar,Jacksonville,FL,United States
CUST3647,Mohit Sharma,Jacksonville,FL,United States
CUST3648,Karan Reddy,Charlotte,NC,United States
CUST3649,Anjali Reddy,Seattle,WA,United States
CUST3650,Sunita Mehta,San Jose,CA,United Kingdom
CUST3651,Rohit Verma,Houston,TX,India
CUST3652,Vikas Patel,New York,NY,United Kingdom
CUST3653,Aarav Mehta,Philadelphia,PA,United States
CUST3654,Sneha Verma,New York,NY,India
CUST3655,Vikas Sharma,Philadelphia,PA,United States
CUST3656,Aditya Kumar,Dallas,TX,India
CUST3657,Karan Gupta,Philadelphia,PA,United States
CUST3658,Ritika Singh,Charlotte,NC,United Kingdom
CUST3659,Kabir Patel,San Francisco,CA,India
CUST3660,Sunita Singh,San Antonio,TX,United Kingdom
CUST3661,Anjali Joshi,Washington,DC,United States
CUST3662,Ritika Joshi,Los Angeles,CA,India
CUST3663,Sunita Reddy,Austin,TX,India
CUST3664,Sneha Sharma,Jacksonville,FL,Australia
CUST3665,Kabir Verma,San Jose,CA,Canada
CUST3666,Priya Kumar,Indianapolis,IN,Australia
CUST3667,Karan Kumar,San Antonio,TX,Canada
CUST3668,Vivaan Singh,Philadelphia,PA,United States
CUST3669,Arjun Mehta,Fort Worth,TX,Australia
CUST3670,Sneha Kapoor,Jacksonville,FL,United States
CUST3671,Simran Patel,Philadelphia,PA,United States
CUST3672,Arjun Gupta,San Diego,CA,Canada
CUST3673,Anjali Sharma,New York,NY,United States
CUST3674,Priya Sharma,Philadelphia,PA,Australia
CUST3675,Rohit Reddy,Indianapolis,IN,United States
CUST3676,Vivaan Kumar,Jacksonville,FL,India
CUST3677,Anjali Singh,Denver,CO,United States
CUST3678,Aditya Joshi,San Diego,CA,United States
CUST3679,Vivaan Singh,Seattle,WA,Canada
CUST3680,Aditya Singh,Philadelphia,PA,India
CUST3681,Rohit Kumar,Phoenix,AZ,United States
CUST3682,Aman Verma,Denver,CO,Australia
CUST3683,Karan Joshi,Washington,DC,United States
CUST3684,Priya Singh,Houston,TX,United States
CUST3685,Ritika Joshi,Washington,DC,United States
CUST3686,Rohit Gupta,Charlotte,NC,United States
CUST3687,Sunita Singh,Columbus,OH,United States
CUST3688,Neha Joshi,Houston,TX,United States
CUST3689,Karan Reddy,San Antonio,TX,United States
CUST3690,Kabir Mehta,Charlotte,NC,India
CUST3691,Pooja Mehta,San Jose,CA,United Kingdom
CUST3692,Simran Gupta,Chicago,IL,India
CUST3693,Simran Gupta,Los Angeles,CA,United States
CUST3694,Kabir Joshi,San Francisco,CA,United States
CUST3695,Aditya Patel,Austin,TX,United Kingdom
CUST3696,Rohit Sharma,San Antonio,TX,United States
CUST3697,Aarav Reddy,Denver,CO,India
CUST3698,Vikas Joshi,Dallas,TX,United States
CUST3699,Sunita Mehta,Seattle,WA,United Kingdom
CUST3700,Sunita Joshi,Houston,TX,India
CUST3701,Aditya Mehta,Columbus,OH,India
CUST3702,Vivaan Verma,Los Angeles,CA,Canada
CUST3703,Sunita Kapoor,Phoenix,AZ,United States
CUST3704,Mohit Kumar,Columbus,OH,India
CUST3705,Karan Gupta,Philadelphia,PA,India
CUST3706,Vivaan Mehta,Indianapolis,IN,India
CUST3707,Karan Kumar,New York,NY,Canada
CUST3708,Sneha Joshi,Jacksonville,FL,Canada
CUST3709,Pooja Kapoor,San Antonio,TX,United States
CUST3710,Simran Singh,San Jose,CA,United States
CUST3711,Pooja Kumar,Chicago,IL,United States
CUST3712,Vihaan Verma,Charlotte,NC,United States
CUST3713,Ritika Verma,Philadelphia,PA,Canada
CUST3714,Karan Verma,Phoenix,AZ,United States
CUST3715,Vihaan Kapoor,Los Angeles,CA,United Kingdom
CUST3716,Vikas Singh,Los Angeles,CA,United States
CUST3717,Sunita Gupta,Charlotte,NC,United States
CUST3718,Vihaan Verma,Austin,TX,United States
CUST3719,Karan Singh,Houston,TX,United States
CUST3720,Mohit Patel,San Diego,CA,India
CUST3721,Mohit Singh,San Diego,CA,United States
CUST3722,Rohit Joshi,Seattle,WA,India
CUST3723,Mohit Reddy,Denver,CO,United States
CUST3724,Kabir Verma,Los Angeles,CA,India
CUST3725,Priya Verma,Washington,DC,United States
CUST3726,Pooja Verma,Phoenix,AZ,United States
CUST3727,Ritika Kumar,Washington,DC,India
CUST3728,Vivaan Verma,San Francisco,CA,Canada
CUST3729,Rohit Reddy,New York,NY,India
CUST3730,Pooja Joshi,Austin,TX,India
CUST3731,Neha Patel,San Jose,CA,United Kingdom
CUST3732,Kabir Mehta,San Francisco,CA,United States
CUST3733,Anjali Patel,Philadelphia,PA,Australia
CUST3734,Sunita Mehta,Philadelphia,PA,India
CUST3735,Vikas Patel,New York,NY,India
CUST3736,Simran Mehta,San Francisco,CA,United States
CUST3737,Arjun Sharma,Seattle,WA,United Kingdom
CUST3738,Aman Gupta,New York,NY,India
CUST3739,Sneha Patel,Chicago,IL,India
CUST3740,Karan Kumar,Houston,TX,Canada
CUST3741,Aarav Patel,Charlotte,NC,United States
CUST3742,Simran Kumar,Columbus,OH,India
CUST3743,Kabir Joshi,Dallas,TX,United Kingdom
CUST3744,Sunita Kapoor,San Jose,CA,United Kingdom
CUST3745,Aditya Patel,San Antonio,TX,United States
CUST3746,Vihaan Mehta,Denver,CO,India
CUST3747,Rohit Singh,Seattle,WA,United States
CUST3748,Aman Kapoor,Los Angeles,CA,India
CUST3749,Aman Sharma,Jacksonville,FL,India
CUST3750,Sneha Kumar,Washington,DC,United States
CUST3751,Mohit Verma,Jacksonville,FL,Canada
CUST3752,Vihaan Mehta,Philadelphia,PA,Canada
CUST3753,Aarav Singh,Austin,TX,United States
CUST3754,Vihaan Singh,San Francisco,CA,India
CUST3755,Aditya Patel,San Jose,CA,United States
CUST3756,Kabir Verma,Dallas,TX,Australia
CUST3757,Anjali Mehta,Washington,DC,Canada
CUST3758,Sunita Reddy,Chicago,IL,India
CUST3759,Karan Kumar,Houston,TX,United States
CUST3760,Vihaan Gupta,Jacksonville,FL,India
CUST3761,Aditya Patel,Phoenix,AZ,United States
CUST3762,Ritika Kumar,Denver,CO,Australia
CUST3763,Vihaan Kapoor,Fort Worth,TX,India
CUST3764,Priya Sharma,Austin,TX,United States
CUST3765,Ritika Reddy,Jacksonville,FL,United States
CUST3766,Rohit Mehta,San Jose,CA,India
CUST3767,Simran Patel,Chicago,IL,United States
CUST3768,Arjun Gupta,Chicago,IL,India
CUST3769,Kabir Gupta,Philadelphia,PA,United States
CUST3770,Kabir Patel,San Jose,CA,United States
CUST3771,Vihaan Gupta,San Francisco,CA,United States
CUST3772,Priya Mehta,Denver,CO,United States
CUST3773,Arjun Kumar,Seattle,WA,United States
CUST3774,Sneha Sharma,San Francisco,CA,United States
CUST3775,Sunita Gupta,Chicago,IL,Australia
CUST3776,Mohit Sharma,Dallas,TX,Australia
CUST3777,Rohit Reddy,Philadelphia,PA,Australia
CUST3778,Arjun Patel,San Diego,CA,Canada
CUST3779,Ritika Sharma,Austin,TX,United States
CUST3780,Mohit Kapoor,Washington,DC,United States
CUST3781,Aarav Patel,Philadelphia,PA,India
CUST3782,Ritika Verma,Columbus,OH,United States
CUST3783,Arjun Mehta,Houston,TX,United States
CUST3784,Vivaan Verma,Fort Worth,TX,India
CUST3785,Vikas Joshi,Houston,TX,United Kingdom
CUST3786,Mohit Sharma,New York,NY,United Kingdom
CUST3787,Vihaan Reddy,Denver,CO,United States
CUST3788,Karan Singh,Chicago,IL,United States
CUST3789,Sneha Mehta,Indianapolis,IN,India
CUST3790,Kabir Singh,Dallas,TX,United Kingdom
CUST3791,Pooja Joshi,Philadelphia,PA,United States
CUST3792,Aditya Verma,New York,NY,United Kingdom
CUST3793,Sneha Sharma,Indianapolis,IN,United States
CUST3794,Ritika Joshi,San Antonio,TX,United Kingdom
CUST3795,Sunita Joshi,Columbus,OH,India
CUST3796,Karan Gupta,Seattle,WA,United States
CUST3797,Vihaan Patel,Phoenix,AZ,United States
CUST3798,Aditya Reddy,Columbus,OH,India
CUST3799,Mohit Mehta,Fort Worth,TX,United States
CUST3800,Aman Joshi,New York,NY,United Kingdom
CUST3801,Ritika Reddy,Seattle,WA,United States
CUST3802,Kabir Singh,Chicago,IL,India
CUST3803,Simran Patel,Columbus,OH,United States
CUST3804,Arjun Kapoor,Washington,DC,United States
CUST3805,Rohit Singh,Phoenix,AZ,United States
CUST3806,Pooja Sharma,San Jose,CA,India
CUST3807,Aditya Verma,Jacksonville,FL,India
CUST3808,Aman Gupta,San Francisco,CA,United States
CUST3809,Vikas Reddy,Indianapolis,IN,India
CUST3810,Aarav Kumar,New York,NY,United States
CUST3811,Priya Sharma,Houston,TX,India
CUST3812,Aman Gupta,Columbus,OH,United States
CUST3813,Arjun Kapoor,Houston,TX,United States
CUST3814,Neha Patel,Indianapolis,IN,United States
CUST3815,Aman Patel,New York,NY,Australia
CUST3816,Kabir Reddy,Fort Worth,TX,United States
CUST3817,Vihaan Sharma,Houston,TX,India
CUST3818,Sneha Sharma,Chicago,IL,United States
CUST3819,Rohit Singh,San Diego,CA,Canada
CUST3820,Ritika Patel,Indianapolis,IN,United States
CUST3821,Pooja Singh,San Antonio,TX,United Kingdom
CUST3822,Kabir Mehta,Austin,TX,India
CUST3823,Aditya Reddy,San Jose,CA,United States
CUST3824,Pooja Gupta,Austin,TX,United States
CUST3825,Sunita Singh,Houston,TX,United States
CUST3826,Sunita Joshi,Los Angeles,CA,India
CUST3827,Karan Singh,Los Angeles,CA,Australia
CUST3828,Rohit Patel,Philadelphia,PA,United States
CUST3829,Ritika Reddy,Austin,TX,India
CUST3830,Karan Singh,Denver,CO,United States
CUST3831,Anjali Mehta,Columbus,OH,United States
CUST3832,Kabir Kumar,Columbus,OH,United States
CUST3833,Aditya Gupta,Indianapolis,IN,United States
CUST3834,Karan Verma,Chicago,IL,United States
CUST3835,Anjali Verma,New York,NY,United States
CUST3836,Vikas Patel,Austin,TX,Canada
CUST3837,Pooja Singh,Chicago,IL,United States
CUST3838,Sneha Gupta,Denver,CO,Canada
CUST3839,Aarav Verma,San Diego,CA,India
CUST3840,Sunita Kumar,Phoenix,AZ,United States
CUST3841,Sunita Verma,New York,NY,United Kingdom
CUST3842,Priya Reddy,Los Angeles,CA,United States
CUST3843,Vikas Reddy,Houston,TX,India
CUST3844,Ritika Singh,Fort Worth,TX,United States
CUST3845,Pooja Sharma,Chicago,IL,United States
CUST3846,Aman Singh,Houston,TX,United States
CUST3847,Arjun Singh,San Diego,CA,United States
CUST3848,Pooja Sharma,San Diego,CA,United States
CUST3849,Kabir Mehta,Dallas,TX,United States
CUST3850,Simran Singh,Denver,CO,Canada
CUST3851,Simran Patel,Indianapolis,IN,India
CUST3852,Aditya Gupta,Phoenix,AZ,United States
CUST3853,Ritika Sharma,Phoenix,AZ,India
CUST3854,Vivaan Kapoor,Dallas,TX,United Kingdom
CUST3855,Aman Kumar,Philadelphia,PA,United States
CUST3856,Mohit Verma,San Diego,CA,United Kingdom
CUST3857,Vikas Singh,San Antonio,TX,Canada
CUST3858,Aman Patel,Austin,TX,Canada
CUST3859,Vivaan Mehta,Washington,DC,United States
CUST3860,Neha Mehta,Indianapolis,IN,India
CUST3861,Mohit Patel,New York,NY,United States
CUST3862,Vihaan Patel,New York,NY,India
CUST3863,Sneha Reddy,Dallas,TX,United States
CUST3864,Vihaan Gupta,Charlotte,NC,United States
CUST3865,Priya Joshi,San Francisco,CA,United States
CUST3866,Priya Gupta,San Francisco,CA,Australia
CUST3867,Rohit Sharma,Chicago,IL,United States
CUST3868,Ritika Mehta,San Jose,CA,India
CUST3869,Rohit Gupta,Columbus,OH,United States
CUST3870,Aman Sharma,Austin,TX,United States
CUST3871,Anjali Gupta,Houston,TX,United Kingdom
CUST3872,Aarav Patel,San Jose,CA,United States
CUST3873,Mohit Mehta,Dallas,TX,United States
CUST3874,Vihaan Mehta,San Antonio,TX,India
CUST3875,Neha Kumar,San Antonio,TX,Australia
CUST3876,Sneha Joshi,Philadelphia,PA,India
CUST3877,Sunita Patel,Fort Worth,TX,United Kingdom
CUST3878,Sahil Gupta,Houston,TX,United States
CUST3879,Simran Singh,Washington,DC,United States
CUST3880,Arjun Patel,Philadelphia,PA,United States
CUST3881,Karan Sharma,Austin,TX,United States
CUST3882,Vikas Kumar,Philadelphia,PA,United States
CUST3883,Vihaan Kumar,Dallas,TX,India
CUST3884,Arjun Mehta,Phoenix,AZ,United States
CUST3885,Vivaan Singh,Jacksonville,FL,United States
CUST3886,Rohit Joshi,Austin,TX,United States
CUST3887,Karan Joshi,Austin,TX,Canada
CUST3888,Sunita Singh,Denver,CO,United States
CUST3889,Vihaan Verma,Washington,DC,India
CUST3890,Aarav Singh,Chicago,IL,United States
CUST3891,Aman Sharma,Fort Worth,TX,Canada
CUST3892,Anjali Mehta,Charlotte,NC,India
CUST3893,Neha Verma,New York,NY,India
CUST3894,Kabir Singh,Seattle,WA,United States
CUST3895,Rohit Joshi,San Francisco,CA,United States
CUST3896,Vihaan Reddy,Austin,TX,India
CUST3897,Kabir Singh,Denver,CO,India
CUST3898,Arjun Kumar,New York,NY,United States
CUST3899,Vihaan Singh,San Diego,CA,United Kingdom
CUST3900,Sunita Sharma,Jacksonville,FL,United States
CUST3901,Pooja Kumar,Chicago,IL,India
CUST3902,Rohit Verma,Charlotte,NC,United States
CUST3903,Vivaan Mehta,San Francisco,CA,Canada
CUST3904,Karan Reddy,Fort Worth,TX,United States
CUST3905,Sneha Patel,Philadelphia,PA,United States
CUST3906,Karan Joshi,San Diego,CA,India
CUST3907,Priya Verma,San Diego,CA,Canada
CUST3908,Pooja Patel,Indianapolis,IN,United Kingdom
CUST3909,Karan Kumar,San Antonio,TX,India
CUST3910,Mohit Sharma,Columbus,OH,India
CUST3911,Mohit Gupta,San Francisco,CA,United States
CUST3912,Anjali Gupta,Austin,TX,United States
CUST3913,Vihaan Verma,Seattle,WA,India
CUST3914,Vikas Patel,Dallas,TX,United States
CUST3915,Kabir Patel,San Diego,CA,United States
CUST3916,Rohit Kapoor,Dallas,TX,Canada
CUST3917,Vihaan Singh,Jacksonville,FL,United States
CUST3918,Kabir Verma,San Diego,CA,United States
CUST3919,Vivaan Kapoor,Denver,CO,United States
CUST3920,Simran Verma,Austin,TX,United Kingdom
CUST3921,Priya Joshi,Houston,TX,United States
CUST3922,Rohit Reddy,Houston,TX,United States
CUST3923,Arjun Sharma,Chicago,IL,Australia
CUST3924,Arjun Kumar,Austin,TX,United States
CUST3925,Pooja Reddy,San Diego,CA,United States
CUST3926,Karan Verma,New York,NY,United States
CUST3927,Aman Reddy,Indianapolis,IN,United States
CUST3928,Aarav Singh,San Francisco,CA,United States
CUST3929,Arjun Gupta,Indianapolis,IN,United States
CUST3930,Vivaan Kapoor,San Jose,CA,Canada
CUST3931,Vivaan Kumar,San Diego,CA,India
CUST3932,Aditya Singh,Charlotte,NC,United States
CUST3933,Simran Reddy,Charlotte,NC,United States
CUST3934,Kabir Gupta,Houston,TX,United States
CUST3935,Rohit Singh,San Antonio,TX,United States
CUST3936,Aarav Singh,Phoenix,AZ,Australia
CUST3937,Ritika Kumar,San Diego,CA,United States
CUST3938,Aman Reddy,Houston,TX,India
CUST3939,Pooja Gupta,Charlotte,NC,United States
CUST3940,Sneha Gupta,San Antonio,TX,United States
CUST3941,Vihaan Singh,Fort Worth,TX,United States
CUST3942,Priya Sharma,Austin,TX,United Kingdom
CUST3943,Rohit Reddy,Chicago,IL,United Kingdom
CUST3944,Vikas Kapoor,Washington,DC,Australia
CUST3945,Pooja Singh,Denver,CO,United States
CUST3946,Sahil Kapoor,Philadelphia,PA,United States
CUST3947,Pooja Kapoor,Philadelphia,PA,India
CUST3948,Sahil Kumar,Fort Worth,TX,India
CUST3949,Simran Kumar,San Diego,CA,Australia
CUST3950,Sunita Singh,Chicago,IL,India
CUST3951,Karan Patel,Phoenix,AZ,United States
CUST3952,Priya Singh,Phoenix,AZ,United States
CUST3953,Mohit Mehta,New York,NY,Australia
CUST3954,Aditya Mehta,Charlotte,NC,United States
CUST3955,Aman Singh,Phoenix,AZ,United States
CUST3956,Vihaan Mehta,Denver,CO,United States
CUST3957,Sunita Sharma,Jacksonville,FL,India
CUST3958,Sneha Verma,Los Angeles,CA,United States
CUST3959,Pooja Singh,San Diego,CA,United States
CUST3960,Kabir Sharma,Austin,TX,United States
CUST3961,Ritika Joshi,Indianapolis,IN,United States
CUST3962,Mohit Gupta,New York,NY,United States
CUST3963,Arjun Kumar,Philadelphia,PA,United Kingdom
CUST3964,Vihaan Sharma,New York,NY,Canada
CUST3965,Vivaan Verma,Indianapolis,IN,Canada
CUST3966,Sahil Gupta,Austin,TX,United States
CUST3967,Aarav Kumar,San Jose,CA,United Kingdom
CUST3968,Aarav Kumar,Dallas,TX,United States
CUST3969,Karan Mehta,Dallas,TX,United States
CUST3970,Arjun Patel,Phoenix,AZ,United States
CUST3971,Priya Kumar,Philadelphia,PA,United States
CUST3972,Sunita Verma,Dallas,TX,United States
CUST3973,Vihaan Gupta,Dallas,TX,United States
CUST3974,Vikas Verma,Los Angeles,CA,United States
CUST3975,Aditya Sharma,Charlotte,NC,India
CUST3976,Mohit Mehta,Austin,TX,India
CUST3977,Aman Patel,Dallas,TX,India
CUST3978,Kabir Singh,San Francisco,CA,India
CUST3979,Karan Singh,San Francisco,CA,United States
CUST3980,Priya Kapoor,Dallas,TX,United States
CUST3981,Priya Patel,Jacksonville,FL,United States
CUST3982,Vihaan Gupta,Seattle,WA,India
CUST3983,Arjun Patel,Los Angeles,CA,United States
CUST3984,Arjun Mehta,Dallas,TX,United Kingdom
CUST3985,Simran Joshi,Seattle,WA,United Kingdom
CUST3986,Pooja Singh,Denver,CO,India
CUST3987,Arjun Singh,Washington,DC,United States
CUST3988,Sunita Patel,New York,NY,Canada
CUST3989,Anjali Joshi,Jacksonville,FL,United States
CUST3990,Karan Kapoor,Fort Worth,TX,Canada
CUST3991,Anjali Singh,Philadelphia,PA,United States
CUST3992,Sneha Mehta,San Antonio,TX,United States
CUST3993,Sneha Mehta,Philadelphia,PA,United States
CUST3994,Karan Reddy,Phoenix,AZ,India
CUST3995,Ritika Kumar,Austin,TX,United States
CUST3996,Vikas Sharma,Indianapolis,IN,United States
CUST3997,Rohit Sharma,Philadelphia,PA,United States
CUST3998,Vikas Patel,Fort Worth,TX,United States
CUST3999,Simran Singh,Columbus,OH,Australia
CUST4000,Sahil Mehta,San Antonio,TX,United States
CUST4001,Sneha Kumar,Dallas,TX,Canada
CUST4002,Sneha Sharma,Charlotte,NC,United States
CUST4003,Arjun Mehta,Columbus,OH,Canada
CUST4004,Aarav Mehta,San Antonio,TX,Canada
CUST4005,Vihaan Kapoor,Seattle,WA,United States
CUST4006,Kabir Singh,Los Angeles,CA,Canada
CUST4007,Aarav Singh,Columbus,OH,India
CUST4008,Aditya Sharma,San Diego,CA,United States
CUST4009,Ritika Mehta,Philadelphia,PA,United States
CUST4010,Anjali Joshi,Fort Worth,TX,India
CUST4011,Vivaan Sharma,Phoenix,AZ,Canada
CUST4012,Aman Singh,Indianapolis,IN,United States
CUST4013,Sahil Gupta,Chicago,IL,United States
CUST4014,Priya Kumar,New York,NY,United States
CUST4015,Karan Singh,Austin,TX,India
CUST4016,Pooja Verma,Jacksonville,FL,United States
CUST4017,Aman Mehta,San Diego,CA,India
CUST4018,Sunita Kapoor,New York,NY,United States
CUST4019,Vivaan Kumar,Seattle,WA,Canada
CUST4020,Aditya Joshi,Chicago,IL,United States
CUST4021,Sunita Mehta,Charlotte,NC,United States
CUST4022,Aditya Patel,Washington,DC,India
CUST4023,Aarav Kumar,Chicago,IL,United States
CUST4024,Priya Singh,Seattle,WA,United Kingdom
CUST4025,Aditya Kumar,Seattle,WA,United States
CUST4026,Priya Kumar,Jacksonville,FL,United Kingdom
CUST4027,Vivaan Kapoor,Austin,TX,United States
CUST4028,Aarav Patel,San Francisco,CA,India
CUST4029,Priya Mehta,Houston,TX,United States
CUST4030,Aman Kumar,New York,NY,India
CUST4031,Anjali Mehta,Chicago,IL,United States
CUST4032,Vikas Singh,Los Angeles,CA,India
CUST4033,Vihaan Patel,Houston,TX,United Kingdom
CUST4034,Karan Reddy,Phoenix,AZ,United States
CUST4035,Vihaan Reddy,Phoenix,AZ,United States
CUST4036,Ritika Mehta,Fort Worth,TX,United Kingdom
CUST4037,Vivaan Gupta,Houston,TX,United States
CUST4038,Mohit Singh,Dallas,TX,Canada
CUST4039,Mohit Reddy,Chicago,IL,India
CUST4040,Aman Kapoor,Indianapolis,IN,United States
CUST4041,Aman Patel,New York,NY,United States
CUST4042,Anjali Gupta,San Jose,CA,India
CUST4043,Vikas Kapoor,Denver,CO,United States
CUST4044,Karan Sharma,Indianapolis,IN,United States
CUST4045,Sunita Kumar,San Antonio,TX,India
CUST4046,Priya Reddy,San Diego,CA,India
CUST4047,Anjali Singh,Fort Worth,TX,United States
CUST4048,Priya Singh,San Jose,CA,India
CUST4049,Vikas Verma,Seattle,WA,Canada
CUST4050,Aditya Singh,Seattle,WA,United Kingdom
CUST4051,Neha Gupta,Los Angeles,CA,United States
CUST4052,Vihaan Kapoor,Charlotte,NC,United States
CUST4053,Vikas Gupta,Jacksonville,FL,United States
CUST4054,Kabir Singh,Fort Worth,TX,United States
CUST4055,Simran Patel,New York,NY,United States
CUST4056,Aman Kapoor,Houston,TX,Canada
CUST4057,Anjali Patel,Philadelphia,PA,Canada
CUST4058,Aman Joshi,Washington,DC,Australia
CUST4059,Pooja Sharma,San Antonio,TX,United Kingdom
CUST4060,Aarav Singh,Charlotte,NC,United States
CUST4061,Vihaan Gupta,Philadelphia,PA,United States
CUST4062,Ritika Mehta,Chicago,IL,India
CUST4063,Aditya Kumar,San Diego,CA,United States
CUST4064,Aditya Patel,Denver,CO,United States
CUST4065,Simran Joshi,Indianapolis,IN,United States
CUST4066,Sahil Joshi,Charlotte,NC,Canada
CUST4067,Sunita Mehta,Columbus,OH,United Kingdom
CUST4068,Rohit Mehta,San Diego,CA,United States
CUST4069,Anjali Verma,Phoenix,AZ,United States
CUST4070,Anjali Patel,Los Angeles,CA,United States
CUST4071,Kabir Joshi,Washington,DC,United States
CUST4072,Rohit Joshi,Chicago,IL,United States
CUST4073,Simran Sharma,Houston,TX,United States
CUST4074,Sahil Singh,New York,NY,United States
CUST4075,Neha Singh,Washington,DC,United States
CUST4076,Kabir Mehta,Chicago,IL,United States
CUST4077,Vivaan Patel,San Antonio,TX,Canada
CUST4078,Rohit Sharma,Charlotte,NC,United States
CUST4079,Aditya Gupta,Jacksonville,FL,Canada
CUST4080,Priya Joshi,Charlotte,NC,United States
CUST4081,Aditya Mehta,New York,NY,United States
CUST4082,Vikas Mehta,San Jose,CA,United States
CUST4083,Sahil Singh,Columbus,OH,United States
CUST4084,Ritika Mehta,San Antonio,TX,United States
CUST4085,Aarav Reddy,Dallas,TX,India
CUST4086,Kabir Kumar,New York,NY,Australia
CUST4087,Aditya Kapoor,San Diego,CA,United States
CUST4088,Kabir Singh,Chicago,IL,United States
CUST4089,Anjali Patel,Jacksonville,FL,United States
CUST4090,Pooja Reddy,Los Angeles,CA,United States
CUST4091,Ritika Verma,Dallas,TX,United Kingdom
CUST4092,Vivaan Kumar,Dallas,TX,Canada
CUST4093,Rohit Mehta,Charlotte,NC,Australia
CUST4094,Sahil Singh,Los Angeles,CA,United States
CUST4095,Kabir Mehta,San Diego,CA,United States
CUST4096,Priya Reddy,San Antonio,TX,United States
CUST4097,Simran Mehta,San Diego,CA,United States
CUST4098,Karan Patel,San Antonio,TX,United States
CUST4099,Vikas Reddy,Chicago,IL,United States
CUST4100,Karan Gupta,Phoenix,AZ,United States
CUST4101,Kabir Verma,Charlotte,NC,United States
CUST4102,Aditya Verma,San Francisco,CA,United Kingdom
CUST4103,Aditya Sharma,New York,NY,United States
CUST4104,Kabir Reddy,Columbus,OH,United States
CUST4105,Vihaan Joshi,San Antonio,TX,Australia
CUST4106,Aman Kapoor,Seattle,WA,India
CUST4107,Vivaan Gupta,Austin,TX,United Kingdom
CUST4108,Karan Kumar,Dallas,TX,United Kingdom
CUST4109,Vihaan Kumar,New York,NY,United States
CUST4110,Aarav Patel,Denver,CO,United States
CUST4111,Sneha Reddy,Houston,TX,India
CUST4112,Priya Gupta,Seattle,WA,United States
CUST4113,Pooja Gupta,New York,NY,United States
CUST4114,Karan Kumar,Phoenix,AZ,Canada
CUST4115,Vivaan Sharma,Washington,DC,United Kingdom
CUST4116,Aarav Singh,Los Angeles,CA,United States
CUST4117,Anjali Singh,Houston,TX,Canada
CUST4118,Ritika Mehta,Columbus,OH,Australia
CUST4119,Sneha Reddy,San Diego,CA,United States
CUST4120,Sunita Kumar,Chicago,IL,United States
CUST4121,Vivaan Kapoor,San Diego,CA,United States
CUST4122,Vihaan Singh,San Jose,CA,Australia
CUST4123,Pooja Reddy,Chicago,IL,United Kingdom
CUST4124,Mohit Patel,Austin,TX,Canada
CUST4125,Aditya Sharma,Jacksonville,FL,United States
CUST4126,Karan Sharma,Fort Worth,TX,United States
CUST4127,Ritika Singh,Los Angeles,CA,India
CUST4128,Sahil Verma,San Antonio,TX,India
CUST4129,Aarav Singh,Washington,DC,Australia
CUST4130,Simran Patel,Charlotte,NC,United States
CUST4131,Rohit Reddy,Houston,TX,Canada
CUST4132,Sneha Mehta,Fort Worth,TX,United States
CUST4133,Pooja Sharma,Phoenix,AZ,India
CUST4134,Arjun Sharma,Denver,CO,India
CUST4135,Ritika Verma,Indianapolis,IN,India
CUST4136,Kabir Verma,Dallas,TX,United Kingdom
CUST4137,Priya Gupta,Fort Worth,TX,Australia
CUST4138,Mohit Verma,San Francisco,CA,United States
CUST4139,Aditya Joshi,Philadelphia,PA,United States
CUST4140,Neha Sharma,Fort Worth,TX,Canada
CUST4141,Neha Verma,Phoenix,AZ,United States
CUST4142,Sunita Patel,San Diego,CA,United States
CUST4143,Aarav Singh,San Diego,CA,United States
CUST4144,Kabir Reddy,Houston,TX,United Kingdom
CUST4145,Aarav Singh,Los Angeles,CA,India
CUST4146,Vihaan Kumar,Denver,CO,United States
CUST4147,Aman Reddy,Philadelphia,PA,United States
CUST4148,Vikas Verma,Denver,CO,India
CUST4149,Arjun Gupta,San Francisco,CA,United States
CUST4150,Pooja Joshi,New York,NY,United States
CUST4151,Vikas Reddy,Philadelphia,PA,India
CUST4152,Aman Mehta,Dallas,TX,India
CUST4153,Rohit Gupta,Denver,CO,United States
CUST4154,Mohit Kumar,Los Angeles,CA,United States
CUST4155,Ritika Gupta,New York,NY,United States
CUST4156,Neha Mehta,Los Angeles,CA,United States
CUST4157,Simran Mehta,New York,NY,United Kingdom
CUST4158,Vihaan Kapoor,Phoenix,AZ,Australia
CUST4159,Sunita Mehta,Los Angeles,CA,United States
CUST4160,Rohit Kapoor,Houston,TX,India
CUST4161,Vikas Patel,Charlotte,NC,Canada
CUST4162,Mohit Sharma,Charlotte,NC,United States
CUST4163,Aman Gupta,San Diego,CA,United States
CUST4164,Ritika Mehta,Chicago,IL,United States
CUST4165,Priya Kapoor,Washington,DC,United States
CUST4166,Aman Patel,Philadelphia,PA,United States
CUST4167,Sunita Sharma,Los Angeles,CA,United States
CUST4168,Vihaan Singh,New York,NY,United States
CUST4169,Anjali Mehta,San Diego,CA,United States
CUST4170,Sneha Verma,Columbus,OH,Canada
CUST4171,Rohit Patel,Washington,DC,India
CUST4172,Anjali Verma,Jacksonville,FL,India
CUST4173,Aarav Patel,San Antonio,TX,United States
CUST4174,Aarav Patel,Los Angeles,CA,United States
CUST4175,Rohit Joshi,Fort Worth,TX,United States
CUST4176,Ritika Patel,Philadelphia,PA,United States
CUST4177,Sneha Reddy,Seattle,WA,India
CUST4178,Rohit Reddy,Austin,TX,Canada
CUST4179,Rohit Verma,New York,NY,United States
CUST4180,Sahil Gupta,Indianapolis,IN,India
CUST4181,Kabir Verma,Jacksonville,FL,United States
CUST4182,Ritika Mehta,Phoenix,AZ,United States
CUST4183,Karan Patel,Jacksonville,FL,Australia
CUST4184,Neha Joshi,San Jose,CA,United States
CUST4185,Vivaan Gupta,San Diego,CA,United States
CUST4186,Vihaan Joshi,San Antonio,TX,Canada
CUST4187,Anjali Kapoor,San Antonio,TX,United States
CUST4188,Sunita Kumar,San Francisco,CA,United States
CUST4189,Priya Sharma,Charlotte,NC,United Kingdom
CUST4190,Vivaan Reddy,San Francisco,CA,United States
CUST4191,Aman Sharma,Charlotte,NC,United Kingdom
CUST4192,Anjali Sharma,San Diego,CA,United States
CUST4193,Vihaan Mehta,San Antonio,TX,Canada
CUST4194,Anjali Patel,Indianapolis,IN,Australia
CUST4195,Neha Kapoor,Chicago,IL,United States
CUST4196,Vikas Kapoor,Los Angeles,CA,United States
CUST4197,Sneha Sharma,Columbus,OH,United States
CUST4198,Vihaan Patel,Jacksonville,FL,United States
CUST4199,Mohit Verma,Fort Worth,TX,United States
CUST4200,Sahil Sharma,Columbus,OH,United Kingdom
CUST4201,Vivaan Gupta,Phoenix,AZ,United States
CUST4202,Vivaan Gupta,Jacksonville,FL,United States
CUST4203,Aditya Gupta,Fort Worth,TX,Australia
CUST4204,Sunita Gupta,Columbus,OH,India
CUST4205,Ritika Joshi,San Diego,CA,India
CUST4206,Vihaan Singh,Dallas,TX,United States
CUST4207,Ritika Mehta,Austin,TX,India
CUST4208,Simran Verma,Washington,DC,Canada
CUST4209,Neha Joshi,New York,NY,India
CUST4210,Pooja Patel,Charlotte,NC,United Kingdom
CUST4211,Anjali Kumar,Fort Worth,TX,Canada
CUST4212,Aman Patel,San Antonio,TX,United States
CUST4213,Priya Joshi,Denver,CO,United States
CUST4214,Arjun Reddy,Los Angeles,CA,United Kingdom
CUST4215,Sneha Patel,San Francisco,CA,India
CUST4216,Kabir Reddy,Chicago,IL,United States
CUST4217,Rohit Verma,Chicago,IL,Canada
CUST4218,Pooja Mehta,San Antonio,TX,United States
CUST4219,Ritika Verma,Jacksonville,FL,United States
CUST4220,Vihaan Verma,Fort Worth,TX,United States
CUST4221,Neha Reddy,Charlotte,NC,Canada
CUST4222,Simran Patel,Dallas,TX,India
CUST4223,Pooja Verma,Philadelphia,PA,United States
CUST4224,Rohit Singh,Columbus,OH,Canada
CUST4225,Simran Gupta,San Francisco,CA,Australia
CUST4226,Karan Kumar,San Francisco,CA,United States
CUST4227,Kabir Gupta,Seattle,WA,United States
CUST4228,Neha Reddy,Houston,TX,United States
CUST4229,Vivaan Kumar,Charlotte,NC,United Kingdom
CUST4230,Vihaan Sharma,Jacksonville,FL,India
CUST4231,Vivaan Kapoor,New York,NY,United States
CUST4232,Pooja Kumar,Indianapolis,IN,Australia
CUST4233,Sunita Mehta,Fort Worth,TX,United States
CUST4234,Sunita Verma,San Antonio,TX,India
CUST4235,Sneha Gupta,Seattle,WA,United States
CUST4236,Mohit Kumar,Philadelphia,PA,United States
CUST4237,Vikas Gupta,Austin,TX,India
CUST4238,Kabir Gupta,San Jose,CA,United States
CUST4239,Aditya Singh,Austin,TX,United States
CUST4240,Simran Singh,San Jose,CA,India
CUST4241,Aarav Joshi,Charlotte,NC,Canada
CUST4242,Aarav Singh,New York,NY,United Kingdom
CUST4243,Neha Kapoor,Jacksonville,FL,United Kingdom
CUST4244,Aarav Joshi,Jacksonville,FL,United Kingdom
CUST4245,Aarav Kapoor,Chicago,IL,Canada
CUST4246,Aman Reddy,Dallas,TX,India
CUST4247,Mohit Singh,New York,NY,United States
CUST4248,Vihaan Verma,New York,NY,India
CUST4249,Simran Joshi,Phoenix,AZ,Canada
CUST4250,Vikas Reddy,Fort Worth,TX,India
CUST4251,Pooja Joshi,San Jose,CA,United States
CUST4252,Pooja Patel,Austin,TX,Australia
CUST4253,Anjali Reddy,San Jose,CA,United States
CUST4254,Kabir Joshi,New York,NY,India
CUST4255,Aman Sharma,Indianapolis,IN,India
CUST4256,Arjun Mehta,Seattle,WA,Australia
CUST4257,Vikas Joshi,San Diego,CA,United States
CUST4258,Sunita Verma,Houston,TX,United States
CUST4259,Simran Reddy,Philadelphia,PA,India
CUST4260,Sunita Kapoor,Columbus,OH,United States
CUST4261,Aman Patel,San Francisco,CA,United States
CUST4262,Kabir Verma,San Jose,CA,United Kingdom
CUST4263,Karan Joshi,Phoenix,AZ,United States
CUST4264,Aarav Joshi,Los Angeles,CA,United States
CUST4265,Arjun Reddy,Los Angeles,CA,United States
CUST4266,Priya Joshi,Indianapolis,IN,United States
CUST4267,Priya Sharma,Denver,CO,United States
CUST4268,Simran Sharma,Charlotte,NC,United States
CUST4269,Rohit Gupta,Indianapolis,IN,United States
CUST4270,Ritika Verma,Seattle,WA,Australia
CUST4271,Vivaan Joshi,Philadelphia,PA,Australia
CUST4272,Karan Patel,Houston,TX,United States
CUST4273,Pooja Singh,Houston,TX,Canada
CUST4274,Rohit Mehta,Denver,CO,United States
CUST4275,Ritika Verma,San Francisco,CA,United States
CUST4276,Priya Kumar,San Diego,CA,United States
CUST4277,Vivaan Joshi,Seattle,WA,India
CUST4278,Pooja Gupta,Fort Worth,TX,United Kingdom
CUST4279,Kabir Gupta,Charlotte,NC,United States
CUST4280,Rohit Gupta,Phoenix,AZ,Australia
CUST4281,Sahil Kumar,Washington,DC,United States
CUST4282,Priya Gupta,Indianapolis,IN,Canada
CUST4283,Aarav Reddy,San Francisco,CA,United Kingdom
CUST4284,Aarav Mehta,Philadelphia,PA,India
CUST4285,Kabir Gupta,Jacksonville,FL,India
CUST4286,Sneha Kapoor,Houston,TX,United States
CUST4287,Priya Sharma,Columbus,OH,Canada
CUST4288,Simran Reddy,Dallas,TX,United Kingdom
CUST4289,Simran Sharma,New York,NY,India
CUST4290,Ritika Joshi,Houston,TX,United States
CUST4291,Arjun Reddy,Seattle,WA,India
CUST4292,Sneha Singh,Philadelphia,PA,United States
CUST4293,Priya Gupta,San Diego,CA,United States
CUST4294,Aarav Joshi,Dallas,TX,India
CUST4295,Kabir Verma,Austin,TX,India
CUST4296,Sneha Kumar,New York,NY,United States
CUST4297,Aarav Reddy,San Jose,CA,Australia
CUST4298,Priya Mehta,Charlotte,NC,India
CUST4299,Sneha Reddy,Los Angeles,CA,United States
CUST4300,Vihaan Mehta,Chicago,IL,United States
CUST4301,Arjun Sharma,Indianapolis,IN,Canada
CUST4302,Mohit Singh,San Francisco,CA,United States
CUST4303,Sneha Singh,San Jose,CA,United States
CUST4304,Rohit Joshi,New York,NY,United States
CUST4305,Neha Gupta,Austin,TX,United States
CUST4306,Sunita Mehta,Charlotte,NC,Canada
CUST4307,Vihaan Joshi,Philadelphia,PA,United Kingdom
CUST4308,Karan Mehta,Austin,TX,India
CUST4309,Vihaan Kapoor,Jacksonville,FL,India
CUST4310,Ritika Gupta,San Antonio,TX,United States
CUST4311,Vivaan Kapoor,Indianapolis,IN,United States
CUST4312,Simran Sharma,Washington,DC,United States
CUST4313,Vikas Singh,Jacksonville,FL,Australia
CUST4314,Simran Joshi,Philadelphia,PA,United States
CUST4315,Rohit Patel,Houston,TX,United States
CUST4316,Aman Mehta,Indianapolis,IN,India
CUST4317,Aman Verma,San Diego,CA,United States
CUST4318,Mohit Singh,Fort Worth,TX,United States
CUST4319,Anjali Joshi,Denver,CO,United States
CUST4320,Arjun Gupta,Denver,CO,Australia
CUST4321,Priya Mehta,Charlotte,NC,Australia
CUST4322,Sunita Joshi,San Antonio,TX,United States
CUST4323,Kabir Singh,Washington,DC,United States
CUST4324,Ritika Kapoor,Washington,DC,Canada
CUST4325,Vikas Kapoor,San Diego,CA,United States
CUST4326,Aditya Sharma,Dallas,TX,United Kingdom
CUST4327,Vihaan Joshi,San Jose,CA,India
CUST4328,Vihaan Singh,Seattle,WA,India
CUST4329,Sunita Mehta,Denver,CO,India
CUST4330,Aditya Sharma,Washington,DC,Canada
CUST4331,Vihaan Sharma,Indianapolis,IN,United States
CUST4332,Aditya Joshi,Phoenix,AZ,India
CUST4333,Vikas Kapoor,Indianapolis,IN,United States
CUST4334,Aarav Singh,Phoenix,AZ,United Kingdom
CUST4335,Anjali Verma,San Francisco,CA,United States
CUST4336,Simran Mehta,Houston,TX,United States
CUST4337,Sahil Kumar,Jacksonville,FL,United States
CUST4338,Priya Kumar,Chicago,IL,Australia
CUST4339,Karan Reddy,Washington,DC,Australia
CUST4340,Rohit Verma,San Antonio,TX,Canada
CUST4341,Sahil Verma,Austin,TX,United Kingdom
CUST4342,Aman Joshi,San Francisco,CA,Australia
CUST4343,Rohit Kumar,Charlotte,NC,India
CUST4344,Ritika Joshi,New York,NY,Canada
CUST4345,Vikas Kapoor,Jacksonville,FL,United States
CUST4346,Sahil Singh,San Francisco,CA,United States
CUST4347,Aditya Kapoor,Seattle,WA,India
CUST4348,Vihaan Verma,Seattle,WA,United States
CUST4349,Sahil Kapoor,Denver,CO,Canada
CUST4350,Priya Mehta,San Francisco,CA,United States
CUST4351,Kabir Sharma,Denver,CO,United States
CUST4352,Sahil Verma,New York,NY,United States
CUST4353,Ritika Joshi,Austin,TX,United States
CUST4354,Vivaan Patel,Philadelphia,PA,United States
CUST4355,Karan Gupta,Indianapolis,IN,United Kingdom
CUST4356,Rohit Patel,Dallas,TX,India
CUST4357,Vivaan Singh,Chicago,IL,United States
CUST4358,Rohit Reddy,Fort Worth,TX,United States
CUST4359,Kabir Sharma,Los Angeles,CA,United States
CUST4360,Vikas Verma,Jacksonville,FL,United States
CUST4361,Karan Kapoor,San Antonio,TX,United States
CUST4362,Sahil Joshi,Chicago,IL,Australia
CUST4363,Arjun Gupta,Los Angeles,CA,Canada
CUST4364,Vikas Mehta,Jacksonville,FL,United States
CUST4365,Kabir Mehta,Fort Worth,TX,India
CUST4366,Aarav Reddy,Washington,DC,United States
CUST4367,Neha Sharma,San Diego,CA,Canada
CUST4368,Sunita Mehta,Columbus,OH,Australia
CUST4369,Arjun Mehta,Los Angeles,CA,United States
CUST4370,Karan Reddy,San Antonio,TX,India
CUST4371,Kabir Patel,Chicago,IL,Canada
CUST4372,Vikas Kumar,Denver,CO,Canada
CUST4373,Ritika Sharma,Seattle,WA,Canada
CUST4374,Sahil Kapoor,New York,NY,United States
CUST4375,Vivaan Patel,Chicago,IL,Australia
CUST4376,Vikas Kapoor,Austin,TX,India
CUST4377,Aditya Gupta,Houston,TX,India
CUST4378,Sahil Kumar,Phoenix,AZ,United States
CUST4379,Priya Patel,Jacksonville,FL,India
CUST4380,Vihaan Sharma,Seattle,WA,United States
CUST4381,Rohit Singh,Austin,TX,India
CUST4382,Aman Kumar,Houston,TX,United States
CUST4383,Rohit Verma,Washington,DC,India
CUST4384,Simran Joshi,New York,NY,United States
CUST4385,Vihaan Sharma,Philadelphia,PA,Australia
CUST4386,Pooja Gupta,Washington,DC,United States
CUST4387,Kabir Mehta,Dallas,TX,Canada
CUST4388,Neha Sharma,Austin,TX,Australia
CUST4389,Sunita Mehta,San Antonio,TX,United Kingdom
CUST4390,Sneha Kumar,Philadelphia,PA,United States
CUST4391,Sunita Singh,Phoenix,AZ,India
CUST4392,Karan Reddy,Austin,TX,United States
CUST4393,Vivaan Gupta,Washington,DC,Australia
CUST4394,Vivaan Reddy,San Jose,CA,Canada
CUST4395,Vikas Sharma,Austin,TX,United States
CUST4396,Anjali Kapoor,San Antonio,TX,United Kingdom
CUST4397,Simran Mehta,Denver,CO,United States
CUST4398,Mohit Mehta,Dallas,TX,United Kingdom
CUST4399,Simran Kumar,New York,NY,United States
CUST4400,Pooja Gupta,Jacksonville,FL,United States
CUST4401,Aditya Kumar,Phoenix,AZ,United States
CUST4402,Sahil Gupta,Houston,TX,India
CUST4403,Anjali Kapoor,Austin,TX,Australia
CUST4404,Sunita Sharma,Indianapolis,IN,United States
CUST4405,Aarav Verma,Washington,DC,India
CUST4406,Priya Kapoor,Austin,TX,India
CUST4407,Mohit Joshi,Houston,TX,United Kingdom
CUST4408,Karan Sharma,San Diego,CA,United States
CUST4409,Ritika Verma,Philadelphia,PA,United States
CUST4410,Aditya Joshi,Fort Worth,TX,India
CUST4411,Pooja Gupta,Dallas,TX,United States
CUST4412,Neha Singh,San Diego,CA,United States
CUST4413,Sneha Singh,San Diego,CA,United States
CUST4414,Arjun Kapoor,Houston,TX,India
CUST4415,Vivaan Kumar,San Diego,CA,United States
CUST4416,Mohit Reddy,Los Angeles,CA,United States
CUST4417,Pooja Sharma,Jacksonville,FL,United States
CUST4418,Vikas Reddy,Austin,TX,India
CUST4419,Sneha Patel,Indianapolis,IN,Australia
CUST4420,Vihaan Verma,Dallas,TX,Canada
CUST4421,Aman Joshi,Charlotte,NC,United States
CUST4422,Vihaan Reddy,Fort Worth,TX,India
CUST4423,Aditya Kumar,Los Angeles,CA,United States
CUST4424,Rohit Patel,San Antonio,TX,India
CUST4425,Ritika Patel,Jacksonville,FL,India
CUST4426,Karan Verma,Los Angeles,CA,United States
CUST4427,Anjali Kapoor,San Antonio,TX,India
CUST4428,Arjun Kapoor,Washington,DC,Australia
CUST4429,Aarav Verma,Jacksonville,FL,United States
CUST4430,Kabir Kumar,Philadelphia,PA,India
CUST4431,Aman Kapoor,Charlotte,NC,India
CUST4432,Sunita Kapoor,Los Angeles,CA,Canada
CUST4433,Vivaan Singh,Denver,CO,United States
CUST4434,Sunita Verma,Indianapolis,IN,United States
CUST4435,Aditya Kumar,Washington,DC,Australia
CUST4436,Ritika Reddy,Washington,DC,India
CUST4437,Ritika Reddy,San Antonio,TX,United States
CUST4438,Neha Reddy,Washington,DC,United States
CUST4439,Vikas Kumar,San Antonio,TX,Australia
CUST4440,Simran Patel,Houston,TX,India
CUST4441,Vihaan Kumar,San Antonio,TX,United States
CUST4442,Simran Mehta,Washington,DC,United States
CUST4443,Vikas Verma,Chicago,IL,United States
CUST4444,Sneha Kapoor,Jacksonville,FL,India
CUST4445,Arjun Reddy,San Francisco,CA,India
CUST4446,Priya Patel,San Jose,CA,United States
CUST4447,Aditya Mehta,San Jose,CA,India
CUST4448,Neha Kumar,San Antonio,TX,India
CUST4449,Pooja Reddy,Charlotte,NC,India
CUST4450,Karan Sharma,San Antonio,TX,India
CUST4451,Arjun Reddy,Austin,TX,India
CUST4452,Karan Patel,San Jose,CA,Australia
CUST4453,Arjun Mehta,Charlotte,NC,United Kingdom
CUST4454,Anjali Patel,Philadelphia,PA,India
CUST4455,Vikas Joshi,Columbus,OH,United States
CUST4456,Karan Gupta,Austin,TX,India
CUST4457,Aman Verma,Indianapolis,IN,United States
CUST4458,Arjun Sharma,Austin,TX,Australia
CUST4459,Ritika Kapoor,Phoenix,AZ,India
CUST4460,Simran Singh,Chicago,IL,India
CUST4461,Sneha Gupta,Charlotte,NC,United States
CUST4462,Aman Reddy,Charlotte,NC,United States
CUST4463,Anjali Mehta,Seattle,WA,United States
CUST4464,Rohit Mehta,San Francisco,CA,United States
CUST4465,Aman Gupta,Los Angeles,CA,United States
CUST4466,Ritika Kapoor,Chicago,IL,Canada
CUST4467,Priya Gupta,Chicago,IL,India
CUST4468,Kabir Verma,Houston,TX,United Kingdom
CUST4469,Arjun Verma,Los Angeles,CA,Canada
CUST4470,Rohit Reddy,Chicago,IL,Canada
CUST4471,Aarav Kapoor,Houston,TX,United States
CUST4472,Aarav Patel,Washington,DC,United Kingdom
CUST4473,Simran Reddy,San Jose,CA,Australia
CUST4474,Arjun Joshi,San Francisco,CA,United States
CUST4475,Karan Joshi,Philadelphia,PA,Canada
CUST4476,Arjun Gupta,Charlotte,NC,Canada
CUST4477,Aditya Patel,Columbus,OH,United States
CUST4478,Anjali Gupta,Washington,DC,United States
CUST4479,Vihaan Reddy,Houston,TX,India
CUST4480,Sahil Sharma,San Francisco,CA,United States
CUST4481,Aarav Kumar,Jacksonville,FL,India
CUST4482,Arjun Kapoor,Houston,TX,Canada
CUST4483,Neha Singh,Seattle,WA,United States
CUST4484,Neha Singh,Chicago,IL,Australia
CUST4485,Neha Gupta,San Francisco,CA,United Kingdom
CUST4486,Arjun Kumar,Columbus,OH,United States
CUST4487,Aditya Reddy,Columbus,OH,United States
CUST4488,Rohit Sharma,Houston,TX,United States
CUST4489,Karan Verma,Jacksonville,FL,India
CUST4490,Kabir Kumar,San Jose,CA,Canada
CUST4491,Mohit Sharma,Houston,TX,Canada
CUST4492,Ritika Kumar,New York,NY,Canada
CUST4493,Vikas Joshi,Washington,DC,India
CUST4494,Neha Mehta,San Antonio,TX,India
CUST4495,Kabir Patel,Houston,TX,Australia
CUST4496,Sahil Joshi,Philadelphia,PA,India
CUST4497,Simran Patel,Columbus,OH,Canada
CUST4498,Vihaan Patel,Dallas,TX,United States
CUST4499,Sunita Singh,San Francisco,CA,United States
CUST4500,Neha Joshi,Phoenix,AZ,Australia
CUST4501,Kabir Mehta,San Diego,CA,Canada
CUST4502,Aman Kumar,Houston,TX,India
CUST4503,Sahil Patel,Seattle,WA,India
CUST4504,Pooja Patel,Houston,TX,India
CUST4505,Karan Mehta,Jacksonville,FL,United Kingdom
CUST4506,Vivaan Gupta,San Francisco,CA,United States
CUST4507,Priya Joshi,Denver,CO,Canada
CUST4508,Ritika Singh,Dallas,TX,United States
CUST4509,Kabir Patel,Washington,DC,Australia
CUST4510,Vikas Reddy,San Diego,CA,India
CUST4511,Aditya Sharma,San Diego,CA,Australia
CUST4512,Aman Kumar,Seattle,WA,United States
CUST4513,Sahil Mehta,San Antonio,TX,United Kingdom
CUST4514,Aman Mehta,San Diego,CA,United States
CUST4515,Mohit Gupta,Chicago,IL,United States
CUST4516,Sneha Kumar,San Antonio,TX,India
CUST4517,Aman Mehta,Jacksonville,FL,United States
CUST4518,Aarav Sharma,San Jose,CA,United States
CUST4519,Sahil Kapoor,Denver,CO,United States
CUST4520,Arjun Verma,Dallas,TX,United Kingdom
CUST4521,Rohit Kapoor,Los Angeles,CA,United States
CUST4522,Priya Patel,Washington,DC,United States
CUST4523,Karan Reddy,San Diego,CA,United Kingdom
CUST4524,Pooja Joshi,San Antonio,TX,United Kingdom
CUST4525,Neha Mehta,Chicago,IL,United States
CUST4526,Karan Reddy,Houston,TX,United States
CUST4527,Pooja Joshi,Jacksonville,FL,United States
CUST4528,Priya Reddy,Austin,TX,United States
CUST4529,Sunita Sharma,Seattle,WA,Canada
CUST4530,Neha Mehta,San Diego,CA,United States
CUST4531,Vikas Reddy,New York,NY,United States
CUST4532,Sneha Kapoor,San Jose,CA,Canada
CUST4533,Aarav Mehta,San Jose,CA,United States
CUST4534,Sneha Joshi,San Diego,CA,United States
CUST4535,Vikas Joshi,Philadelphia,PA,United States
CUST4536,Ritika Verma,Washington,DC,United States
CUST4537,Priya Patel,Seattle,WA,India
CUST4538,Sneha Verma,Charlotte,NC,Canada
CUST4539,Arjun Mehta,Jacksonville,FL,India
CUST4540,Kabir Joshi,Washington,DC,United Kingdom
CUST4541,Neha Gupta,San Diego,CA,Australia
CUST4542,Anjali Singh,Indianapolis,IN,United States
CUST4543,Ritika Kapoor,Phoenix,AZ,United Kingdom
CUST4544,Sahil Joshi,San Jose,CA,Canada
CUST4545,Sahil Verma,San Francisco,CA,United States
CUST4546,Vihaan Mehta,Austin,TX,United States
CUST4547,Mohit Reddy,Denver,CO,Canada
CUST4548,Rohit Joshi,Chicago,IL,India
CUST4549,Mohit Reddy,Houston,TX,United States
CUST4550,Sahil Mehta,Chicago,IL,United States
CUST4551,Sunita Sharma,Seattle,WA,United States
CUST4552,Pooja Reddy,San Antonio,TX,India
CUST4553,Anjali Kapoor,New York,NY,United Kingdom
CUST4554,Vikas Kapoor,Columbus,OH,India
CUST4555,Vikas Reddy,San Antonio,TX,India
CUST4556,Kabir Gupta,San Diego,CA,United Kingdom
CUST4557,Aman Joshi,Los Angeles,CA,Australia
CUST4558,Aarav Patel,Austin,TX,India
CUST4559,Karan Singh,New York,NY,Canada
CUST4560,Priya Kumar,Denver,CO,India
CUST4561,Mohit Verma,Denver,CO,United States
CUST4562,Sneha Patel,Fort Worth,TX,United Kingdom
CUST4563,Pooja Gupta,Charlotte,NC,India
CUST4564,Pooja Reddy,San Jose,CA,United States
CUST4565,Aditya Kapoor,Columbus,OH,India
CUST4566,Arjun Verma,New York,NY,United States
CUST4567,Rohit Gupta,New York,NY,India
CUST4568,Mohit Gupta,Austin,TX,Canada
CUST4569,Ritika Verma,San Antonio,TX,India
CUST4570,Arjun Reddy,Fort Worth,TX,United States
CUST4571,Ritika Mehta,Philadelphia,PA,India
CUST4572,Ritika Kapoor,Jacksonville,FL,India
CUST4573,Pooja Kapoor,Philadelphia,PA,Canada
CUST4574,Mohit Sharma,Chicago,IL,United States
CUST4575,Sneha Kumar,Columbus,OH,United States
CUST4576,Arjun Singh,Charlotte,NC,United States
CUST4577,Simran Mehta,Philadelphia,PA,India
CUST4578,Priya Reddy,Jacksonville,FL,Canada
CUST4579,Sahil Mehta,Charlotte,NC,United States
CUST4580,Priya Reddy,Philadelphia,PA,United States
CUST4581,Aditya Kapoor,Houston,TX,Canada
CUST4582,Rohit Singh,Los Angeles,CA,United Kingdom
CUST4583,Vikas Singh,Denver,CO,India
CUST4584,Kabir Reddy,Fort Worth,TX,United Kingdom
CUST4585,Rohit Mehta,Austin,TX,India
CUST4586,Vikas Singh,Fort Worth,TX,United States
CUST4587,Simran Patel,San Jose,CA,India
CUST4588,Aman Kumar,San Francisco,CA,United States
CUST4589,Aarav Kapoor,Dallas,TX,Canada
CUST4590,Pooja Joshi,Charlotte,NC,United States
CUST4591,Sunita Sharma,San Jose,CA,United States
CUST4592,Pooja Gupta,Indianapolis,IN,United States
CUST4593,Aarav Joshi,Columbus,OH,United States
CUST4594,Neha Reddy,Denver,CO,Australia
CUST4595,Vikas Sharma,Dallas,TX,India
CUST4596,Kabir Singh,San Antonio,TX,United States
CUST4597,Mohit Singh,Denver,CO,United States
CUST4598,Aditya Mehta,Austin,TX,Canada
CUST4599,Anjali Verma,Houston,TX,United States
CUST4600,Sahil Gupta,Fort Worth,TX,Australia
CUST4601,Rohit Kapoor,San Antonio,TX,United Kingdom
CUST4602,Aarav Patel,San Diego,CA,Canada
CUST4603,Ritika Patel,San Jose,CA,United States
CUST4604,Sunita Mehta,Phoenix,AZ,India
CUST4605,Simran Sharma,Dallas,TX,India
CUST4606,Pooja Kapoor,Denver,CO,United States
CUST4607,Karan Singh,San Diego,CA,United States
CUST4608,Pooja Reddy,Philadelphia,PA,United Kingdom
CUST4609,Vikas Verma,Austin,TX,Canada
CUST4610,Anjali Joshi,Indianapolis,IN,Canada
CUST4611,Ritika Verma,Charlotte,NC,United States
CUST4612,Aditya Verma,Fort Worth,TX,United Kingdom
CUST4613,Aditya Singh,Austin,TX,India
CUST4614,Aditya Singh,Jacksonville,FL,United States
CUST4615,Anjali Kapoor,Dallas,TX,United Kingdom
CUST4616,Priya Kumar,Charlotte,NC,India
CUST4617,Vivaan Mehta,New York,NY,United States
CUST4618,Priya Singh,Jacksonville,FL,United States
CUST4619,Pooja Singh,San Jose,CA,United Kingdom
CUST4620,Ritika Patel,Washington,DC,United Kingdom
CUST4621,Karan Kumar,Charlotte,NC,Canada
CUST4622,Rohit Gupta,Phoenix,AZ,India
CUST4623,Priya Gupta,Indianapolis,IN,United States
CUST4624,Aditya Joshi,Houston,TX,United States
CUST4625,Vikas Kapoor,Austin,TX,Canada
CUST4626,Rohit Gupta,San Francisco,CA,United Kingdom
CUST4627,Rohit Joshi,New York,NY,United Kingdom
CUST4628,Mohit Joshi,Chicago,IL,United Kingdom
CUST4629,Arjun Joshi,Indianapolis,IN,United States
CUST4630,Ritika Patel,Houston,TX,United States
CUST4631,Karan Joshi,San Antonio,TX,India
CUST4632,Anjali Patel,Phoenix,AZ,United States
CUST4633,Vikas Gupta,Los Angeles,CA,United States
CUST4634,Sahil Singh,Houston,TX,Canada
CUST4635,Pooja Patel,Charlotte,NC,United States
CUST4636,Priya Sharma,Dallas,TX,United States
CUST4637,Vihaan Mehta,San Francisco,CA,India
CUST4638,Karan Gupta,San Diego,CA,Australia
CUST4639,Ritika Mehta,Dallas,TX,United Kingdom
CUST4640,Rohit Kapoor,Indianapolis,IN,United States
CUST4641,Anjali Sharma,Houston,TX,United States
CUST4642,Sneha Kumar,San Francisco,CA,India
CUST4643,Karan Verma,Indianapolis,IN,India
CUST4644,Aarav Joshi,Chicago,IL,India
CUST4645,Mohit Patel,San Antonio,TX,United States
CUST4646,Rohit Joshi,Denver,CO,United States
CUST4647,Sunita Joshi,Jacksonville,FL,United Kingdom
CUST4648,Anjali Singh,Philadelphia,PA,India
CUST4649,Sunita Patel,Los Angeles,CA,Australia
CUST4650,Priya Mehta,Columbus,OH,India
CUST4651,Sahil Verma,Dallas,TX,India
CUST4652,Vikas Joshi,San Antonio,TX,India
CUST4653,Ritika Sharma,Charlotte,NC,India
CUST4654,Sneha Kapoor,Washington,DC,United States
CUST4655,Mohit Kumar,Columbus,OH,United States
CUST4656,Anjali Reddy,San Jose,CA,Canada
CUST4657,Kabir Mehta,Jacksonville,FL,India
CUST4658,Arjun Gupta,Phoenix,AZ,India
CUST4659,Priya Mehta,Philadelphia,PA,United States
CUST4660,Neha Sharma,San Diego,CA,United States
CUST4661,Pooja Mehta,Jacksonville,FL,United States
CUST4662,Mohit Singh,Austin,TX,United States
CUST4663,Aditya Patel,San Francisco,CA,United States
CUST4664,Vihaan Mehta,Philadelphia,PA,United States
CUST4665,Anjali Singh,New York,NY,United States
CUST4666,Sunita Joshi,Charlotte,NC,Australia
CUST4667,Aarav Joshi,Los Angeles,CA,India
CUST4668,Sunita Mehta,Jacksonville,FL,United Kingdom
CUST4669,Karan Gupta,New York,NY,India
CUST4670,Vihaan Kapoor,Phoenix,AZ,India
CUST4671,Simran Reddy,Chicago,IL,Australia
CUST4672,Sahil Mehta,Seattle,WA,United Kingdom
CUST4673,Aditya Singh,Charlotte,NC,India
CUST4674,Aarav Patel,Denver,CO,United Kingdom
CUST4675,Ritika Gupta,Chicago,IL,United States
CUST4676,Kabir Joshi,Chicago,IL,United States
CUST4677,Vikas Sharma,Jacksonville,FL,United States
CUST4678,Aarav Reddy,San Antonio,TX,United States
CUST4679,Pooja Singh,Indianapolis,IN,India
CUST4680,Kabir Verma,Houston,TX,India
CUST4681,Vikas Joshi,San Antonio,TX,United States
CUST4682,Kabir Kumar,San Antonio,TX,United States
CUST4683,Vikas Sharma,Austin,TX,India
CUST4684,Aman Verma,Chicago,IL,United States
CUST4685,Karan Mehta,Dallas,TX,Australia
CUST4686,Pooja Verma,Chicago,IL,Canada
CUST4687,Pooja Gupta,Los Angeles,CA,United States
CUST4688,Kabir Reddy,Washington,DC,United States
CUST4689,Ritika Joshi,San Francisco,CA,United States
CUST4690,Rohit Mehta,Austin,TX,United States
CUST4691,Vivaan Kapoor,Dallas,TX,United States
CUST4692,Sunita Singh,Chicago,IL,United States
CUST4693,Priya Gupta,Los Angeles,CA,United States
CUST4694,Pooja Gupta,Phoenix,AZ,United States
CUST4695,Simran Kapoor,San Francisco,CA,India
CUST4696,Anjali Verma,Indianapolis,IN,United States
CUST4697,Aarav Patel,Seattle,WA,Canada
CUST4698,Sneha Verma,Fort Worth,TX,Canada
CUST4699,Kabir Joshi,Fort Worth,TX,India
CUST4700,Ritika Mehta,Jacksonville,FL,United States
CUST4701,Kabir Patel,Indianapolis,IN,India
CUST4702,Sahil Mehta,San Antonio,TX,Australia
CUST4703,Neha Reddy,Austin,TX,United States
CUST4704,Anjali Patel,Washington,DC,United States
CUST4705,Sahil Singh,Denver,CO,United States
CUST4706,Sunita Sharma,Phoenix,AZ,United States
CUST4707,Ritika Verma,Chicago,IL,Australia
CUST4708,Neha Reddy,Columbus,OH,United States
CUST4709,Vikas Verma,New York,NY,United States
CUST4710,Priya Patel,San Jose,CA,Canada
CUST4711,Simran Joshi,San Jose,CA,United States
CUST4712,Sneha Mehta,Jacksonville,FL,United States
CUST4713,Sahil Singh,Philadelphia,PA,India
CUST4714,Sunita Kapoor,Washington,DC,United States
CUST4715,Vihaan Verma,San Jose,CA,Canada
CUST4716,Rohit Verma,San Jose,CA,India
CUST4717,Ritika Gupta,New York,NY,India
CUST4718,Mohit Singh,Fort Worth,TX,India
CUST4719,Sunita Reddy,San Antonio,TX,India
CUST4720,Karan Patel,Fort Worth,TX,India
CUST4721,Kabir Gupta,Chicago,IL,United States
CUST4722,Anjali Patel,Dallas,TX,United States
CUST4723,Sneha Mehta,Austin,TX,United States
CUST4724,Aarav Reddy,Jacksonville,FL,India
CUST4725,Karan Mehta,San Diego,CA,Australia
CUST4726,Karan Kumar,San Diego,CA,India
CUST4727,Aarav Kapoor,Phoenix,AZ,India
CUST4728,Sneha Singh,Dallas,TX,India
CUST4729,Aman Verma,Phoenix,AZ,United States
CUST4730,Anjali Kapoor,Fort Worth,TX,United States
CUST4731,Sneha Singh,Denver,CO,India
CUST4732,Ritika Joshi,Jacksonville,FL,United States
CUST4733,Aman Kumar,Fort Worth,TX,United States
CUST4734,Mohit Joshi,Washington,DC,United States
CUST4735,Vikas Kumar,Phoenix,AZ,United States
CUST4736,Rohit Patel,Indianapolis,IN,United States
CUST4737,Arjun Gupta,Washington,DC,United States
CUST4738,Aditya Sharma,Washington,DC,United States
CUST4739,Rohit Kapoor,San Diego,CA,India
CUST4740,Simran Joshi,Phoenix,AZ,United States
CUST4741,Sneha Kapoor,Phoenix,AZ,United States
CUST4742,Simran Kumar,Fort Worth,TX,United States
CUST4743,Mohit Joshi,San Diego,CA,Australia
CUST4744,Aman Verma,New York,NY,United States
CUST4745,Kabir Patel,Jacksonville,FL,United States
CUST4746,Mohit Kumar,Seattle,WA,India
CUST4747,Simran Verma,Chicago,IL,United States
CUST4748,Aarav Sharma,Dallas,TX,United States
CUST4749,Neha Mehta,Jacksonville,FL,India
CUST4750,Pooja Reddy,Chicago,IL,Australia
CUST4751,Vihaan Kapoor,Houston,TX,United States
CUST4752,Sunita Sharma,Columbus,OH,United States
CUST4753,Vikas Mehta,Jacksonville,FL,United Kingdom
CUST4754,Aman Joshi,San Francisco,CA,India
CUST4755,Karan Verma,Phoenix,AZ,India
CUST4756,Pooja Kapoor,Chicago,IL,United States
CUST4757,Anjali Singh,San Francisco,CA,Canada
CUST4758,Sneha Joshi,Jacksonville,FL,India
CUST4759,Vihaan Patel,Denver,CO,United States
CUST4760,Pooja Kapoor,Houston,TX,Canada
CUST4761,Vivaan Singh,San Diego,CA,United Kingdom
CUST4762,Priya Sharma,Columbus,OH,United States
CUST4763,Sneha Patel,Phoenix,AZ,United States
CUST4764,Priya Joshi,San Diego,CA,United States
CUST4765,Simran Gupta,Seattle,WA,United Kingdom
CUST4766,Aarav Kumar,Austin,TX,Canada
CUST4767,Ritika Gupta,Jacksonville,FL,United States
CUST4768,Vikas Reddy,Jacksonville,FL,India
CUST4769,Neha Kapoor,New York,NY,United States
CUST4770,Mohit Patel,Phoenix,AZ,United Kingdom
CUST4771,Neha Singh,Seattle,WA,India
CUST4772,Aarav Verma,Chicago,IL,India
CUST4773,Sneha Singh,Denver,CO,United Kingdom
CUST4774,Simran Kapoor,Seattle,WA,United States
CUST4775,Sneha Kumar,Fort Worth,TX,United States
CUST4776,Sunita Verma,Washington,DC,United States
CUST4777,Sahil Reddy,San Antonio,TX,India
CUST4778,Vivaan Joshi,San Diego,CA,United States
CUST4779,Ritika Reddy,San Jose,CA,Australia
CUST4780,Sneha Kumar,Washington,DC,United Kingdom
CUST4781,Simran Singh,Seattle,WA,United States
CUST4782,Pooja Verma,Chicago,IL,India
CUST4783,Arjun Reddy,New York,NY,United States
CUST4784,Priya Sharma,Fort Worth,TX,India
CUST4785,Ritika Joshi,Austin,TX,India
CUST4786,Simran Verma,Phoenix,AZ,India
CUST4787,Anjali Verma,Los Angeles,CA,Canada
CUST4788,Rohit Joshi,Dallas,TX,India
CUST4789,Rohit Verma,San Jose,CA,Australia
CUST4790,Rohit Kapoor,San Antonio,TX,United States
CUST4791,Ritika Sharma,Indianapolis,IN,United States
CUST4792,Rohit Kapoor,Seattle,WA,United States
CUST4793,Kabir Joshi,Phoenix,AZ,United Kingdom
CUST4794,Aman Gupta,San Jose,CA,India
CUST4795,Anjali Gupta,San Antonio,TX,India
CUST4796,Sahil Reddy,Dallas,TX,United Kingdom
CUST4797,Vihaan Singh,Denver,CO,United Kingdom
CUST4798,Neha Joshi,Philadelphia,PA,India
CUST4799,Rohit Verma,Los Angeles,CA,United States
CUST4800,Priya Reddy,San Jose,CA,United States
CUST4801,Aman Joshi,Houston,TX,Australia
CUST4802,Kabir Kumar,New York,NY,United Kingdom
CUST4803,Rohit Mehta,Jacksonville,FL,India
CUST4804,Mohit Singh,Charlotte,NC,United States
CUST4805,Sneha Gupta,San Diego,CA,United States
CUST4806,Neha Gupta,Seattle,WA,United States
CUST4807,Vikas Singh,Austin,TX,United States
CUST4808,Priya Patel,Philadelphia,PA,United States
CUST4809,Vikas Patel,San Francisco,CA,India
CUST4810,Simran Gupta,San Francisco,CA,India
CUST4811,Karan Kapoor,Chicago,IL,United States
CUST4812,Aarav Mehta,Los Angeles,CA,United Kingdom
CUST4813,Vivaan Mehta,San Francisco,CA,United States
CUST4814,Aarav Kumar,Philadelphia,PA,United States
CUST4815,Sahil Kumar,Charlotte,NC,United States
CUST4816,Aman Joshi,Charlotte,NC,India
CUST4817,Pooja Verma,Charlotte,NC,United States
CUST4818,Neha Sharma,Phoenix,AZ,Canada
CUST4819,Sunita Joshi,Austin,TX,United States
CUST4820,Sneha Gupta,Indianapolis,IN,Canada
CUST4821,Kabir Kapoor,Austin,TX,United States
CUST4822,Vihaan Sharma,Seattle,WA,India
CUST4823,Anjali Gupta,San Jose,CA,Australia
CUST4824,Sahil Patel,San Francisco,CA,United Kingdom
CUST4825,Anjali Mehta,Indianapolis,IN,United Kingdom
CUST4826,Arjun Singh,Philadelphia,PA,United States
CUST4827,Ritika Gupta,Jacksonville,FL,United Kingdom
CUST4828,Simran Kumar,New York,NY,Canada
CUST4829,Sahil Gupta,Los Angeles,CA,United States
CUST4830,Sahil Reddy,Seattle,WA,United States
CUST4831,Priya Sharma,Austin,TX,Canada
CUST4832,Anjali Patel,Seattle,WA,United States
CUST4833,Simran Kumar,Dallas,TX,United States
CUST4834,Mohit Patel,Philadelphia,PA,United States
CUST4835,Simran Kumar,Austin,TX,United States
CUST4836,Anjali Kumar,Phoenix,AZ,India
CUST4837,Karan Mehta,Washington,DC,India
CUST4838,Sunita Joshi,Philadelphia,PA,India
CUST4839,Vivaan Reddy,Columbus,OH,United States
CUST4840,Vivaan Reddy,Columbus,OH,India
CUST4841,Vikas Sharma,San Antonio,TX,Canada
CUST4842,Ritika Mehta,Los Angeles,CA,United States
CUST4843,Vivaan Reddy,Houston,TX,United States
CUST4844,Neha Gupta,San Jose,CA,United States
CUST4845,Ritika Patel,Chicago,IL,United Kingdom
CUST4846,Aditya Verma,Washington,DC,United States
CUST4847,Sahil Verma,Indianapolis,IN,United States
CUST4848,Pooja Joshi,Washington,DC,Canada
CUST4849,Anjali Verma,Austin,TX,India
CUST4850,Anjali Joshi,Fort Worth,TX,United States
CUST4851,Aman Mehta,Indianapolis,IN,United Kingdom
CUST4852,Aarav Mehta,Los Angeles,CA,United States
CUST4853,Sunita Sharma,New York,NY,India
CUST4854,Aarav Kumar,Denver,CO,United Kingdom
CUST4855,Anjali Reddy,Dallas,TX,United States
CUST4856,Rohit Gupta,San Jose,CA,United States
CUST4857,Aarav Reddy,Washington,DC,United Kingdom
CUST4858,Vikas Verma,Indianapolis,IN,Australia
CUST4859,Anjali Patel,San Francisco,CA,India
CUST4860,Mohit Mehta,Philadelphia,PA,United Kingdom
CUST4861,Pooja Kumar,Fort Worth,TX,India
CUST4862,Sunita Sharma,Charlotte,NC,United States
CUST4863,Sunita Kumar,Dallas,TX,India
CUST4864,Rohit Mehta,Los Angeles,CA,United States
CUST4865,Ritika Verma,Houston,TX,United States
CUST4866,Aditya Singh,Washington,DC,Canada
CUST4867,Aman Kapoor,San Diego,CA,United States
CUST4868,Aman Verma,San Diego,CA,United Kingdom
CUST4869,Mohit Kumar,Jacksonville,FL,India
CUST4870,Anjali Mehta,Indianapolis,IN,India
CUST4871,Rohit Kumar,Phoenix,AZ,Canada
CUST4872,Vikas Joshi,Chicago,IL,India
CUST4873,Aarav Sharma,Chicago,IL,Canada
CUST4874,Sunita Verma,Denver,CO,United States
CUST4875,Priya Verma,Jacksonville,FL,United States
CUST4876,Karan Gupta,New York,NY,United States
CUST4877,Anjali Sharma,Charlotte,NC,United States
CUST4878,Mohit Kapoor,San Francisco,CA,United States
CUST4879,Vivaan Sharma,Phoenix,AZ,Australia
CUST4880,Priya Patel,Indianapolis,IN,India
CUST4881,Mohit Singh,Austin,TX,India
CUST4882,Aman Singh,Chicago,IL,Canada
CUST4883,Mohit Patel,Charlotte,NC,India
CUST4884,Aarav Joshi,Fort Worth,TX,Canada
CUST4885,Rohit Gupta,San Jose,CA,India
CUST4886,Sunita Patel,Jacksonville,FL,India
CUST4887,Anjali Sharma,Austin,TX,India
CUST4888,Aarav Joshi,New York,NY,India
CUST4889,Vivaan Singh,San Francisco,CA,United States
CUST4890,Karan Sharma,Charlotte,NC,India
CUST4891,Sahil Mehta,Jacksonville,FL,United States
CUST4892,Kabir Reddy,San Diego,CA,Australia
CUST4893,Mohit Singh,San Jose,CA,Canada
CUST4894,Vihaan Sharma,Denver,CO,Canada
CUST4895,Aditya Verma,Austin,TX,United States
CUST4896,Karan Reddy,Charlotte,NC,India
CUST4897,Arjun Patel,Charlotte,NC,United States
CUST4898,Sahil Patel,Dallas,TX,India
CUST4899,Neha Joshi,Seattle,WA,United States
CUST4900,Aman Singh,Dallas,TX,United States
CUST4901,Sunita Gupta,San Diego,CA,Canada
CUST4902,Kabir Verma,Philadelphia,PA,United States
CUST4903,Simran Kapoor,New York,NY,United Kingdom
CUST4904,Arjun Patel,Denver,CO,Canada
CUST4905,Karan Patel,Chicago,IL,United States
CUST4906,Arjun Kapoor,Phoenix,AZ,Canada
CUST4907,Vivaan Mehta,Dallas,TX,United States
CUST4908,Mohit Sharma,Seattle,WA,Canada
CUST4909,Sneha Singh,San Diego,CA,United Kingdom
CUST4910,Aarav Kapoor,Denver,CO,United States
CUST4911,Neha Joshi,Fort Worth,TX,Australia
CUST4912,Ritika Mehta,Seattle,WA,United Kingdom
CUST4913,Simran Kumar,Denver,CO,India
CUST4914,Simran Kapoor,New York,NY,Canada
CUST4915,Simran Verma,Denver,CO,India
CUST4916,Sahil Joshi,Fort Worth,TX,United States
CUST4917,Karan Sharma,Los Angeles,CA,India
CUST4918,Sahil Singh,Jacksonville,FL,India
CUST4919,Simran Verma,Indianapolis,IN,Canada
CUST4920,Simran Mehta,Fort Worth,TX,India
CUST4921,Aman Singh,Los Angeles,CA,United States
CUST4922,Arjun Kapoor,San Francisco,CA,India
CUST4923,Mohit Patel,San Jose,CA,United States
CUST4924,Mohit Verma,Houston,TX,United Kingdom
CUST4925,Mohit Kapoor,Dallas,TX,India
CUST4926,Aarav Verma,Columbus,OH,United Kingdom
CUST4927,Priya Kumar,Charlotte,NC,Australia
CUST4928,Aditya Sharma,San Antonio,TX,India
CUST4929,Karan Singh,Indianapolis,IN,United States
CUST4930,Mohit Kumar,San Antonio,TX,United States
CUST4931,Ritika Kumar,Dallas,TX,India
CUST4932,Pooja Singh,San Francisco,CA,Australia
CUST4933,Sunita Verma,San Antonio,TX,United States
CUST4934,Rohit Joshi,San Jose,CA,United States
CUST4935,Arjun Gupta,Philadelphia,PA,United Kingdom
CUST4936,Priya Reddy,Columbus,OH,Australia
CUST4937,Vihaan Kapoor,Houston,TX,India
CUST4938,Vihaan Reddy,Denver,CO,Canada
CUST4939,Kabir Joshi,Austin,TX,United States
CUST4940,Arjun Verma,Washington,DC,United States
CUST4941,Pooja Verma,Washington,DC,United Kingdom
CUST4942,Neha Gupta,Columbus,OH,United States
CUST4943,Sneha Reddy,San Antonio,TX,India
CUST4944,Vihaan Verma,Austin,TX,Australia
CUST4945,Neha Mehta,Houston,TX,United States
CUST4946,Karan Sharma,Charlotte,NC,United States
CUST4947,Aman Patel,Phoenix,AZ,India
CUST4948,Karan Gupta,San Jose,CA,Canada
CUST4949,Vikas Verma,Washington,DC,United States
CUST4950,Neha Kumar,San Antonio,TX,United States
CUST4951,Ritika Joshi,Philadelphia,PA,United States
CUST4952,Sneha Kapoor,San Jose,CA,India
CUST4953,Karan Gupta,San Antonio,TX,United States
CUST4954,Vihaan Joshi,San Diego,CA,Canada
CUST4955,Sahil Kapoor,Fort Worth,TX,Canada
CUST4956,Kabir Verma,New York,NY,United States
CUST4957,Sunita Sharma,San Diego,CA,India
CUST4958,Simran Kapoor,Dallas,TX,United States
CUST4959,Ritika Singh,Fort Worth,TX,India
CUST4960,Aarav Patel,Charlotte,NC,India
CUST4961,Vihaan Gupta,San Antonio,TX,India
CUST4962,Karan Sharma,Fort Worth,TX,India
CUST4963,Vikas Kumar,San Diego,CA,India
CUST4964,Pooja Joshi,Austin,TX,Australia
CUST4965,Vivaan Patel,Seattle,WA,India
CUST4966,Simran Gupta,Washington,DC,India
CUST4967,Sahil Reddy,New York,NY,United States
CUST4968,Neha Verma,Charlotte,NC,United States
CUST4969,Kabir Reddy,Indianapolis,IN,United States
CUST4970,Anjali Kapoor,Charlotte,NC,Canada
CUST4971,Neha Singh,Phoenix,AZ,United Kingdom
CUST4972,Sunita Kumar,San Jose,CA,India
CUST4973,Pooja Joshi,Denver,CO,Canada
CUST4974,Vikas Patel,Indianapolis,IN,India
CUST4975,Anjali Sharma,Washington,DC,United States
CUST4976,Aman Reddy,San Diego,CA,United States
CUST4977,Priya Reddy,Phoenix,AZ,Canada
CUST4978,Sunita Kapoor,Indianapolis,IN,United States
CUST4979,Vikas Mehta,Seattle,WA,Canada
CUST4980,Kabir Kapoor,San Antonio,TX,United Kingdom
CUST4981,Sneha Joshi,San Francisco,CA,India
CUST4982,Pooja Sharma,San Antonio,TX,India
CUST4983,Sneha Kumar,Dallas,TX,United States
CUST4984,Sneha Joshi,Seattle,WA,United States
CUST4985,Kabir Joshi,Fort Worth,TX,United States
CUST4986,Simran Mehta,Dallas,TX,United States
CUST4987,Sahil Reddy,Dallas,TX,Canada
CUST4988,Ritika Kumar,Jacksonville,FL,United States
CUST4989,Karan Singh,Jacksonville,FL,India
CUST4990,Aman Kapoor,New York,NY,United States
CUST4991,Karan Patel,Phoenix,AZ,United Kingdom
CUST4992,Vikas Kumar,San Jose,CA,Australia
CUST4993,Vikas Verma,Charlotte,NC,India
CUST4994,Arjun Patel,Indianapolis,IN,United States
CUST4995,Vihaan Reddy,Indianapolis,IN,India
CUST4996,Kabir Kumar,Seattle,WA,Canada
CUST4997,Kabir Joshi,Los Angeles,CA,United States
CUST4998,Karan Verma,San Francisco,CA,United States
CUST4999,Mohit Sharma,Jacksonville,FL,Canada
CUST5000,Sahil Joshi,Houston,TX,Canada
CUST5001,Vikas Joshi,Jacksonville,FL,United States
CUST5002,Arjun Verma,Seattle,WA,United States
CUST5003,Pooja Kapoor,Phoenix,AZ,India
CUST5004,Kabir Joshi,Charlotte,NC,Canada
CUST5005,Karan Singh,Philadelphia,PA,India
CUST5006,Sunita Kumar,Fort Worth,TX,India
CUST5007,Ritika Reddy,Philadelphia,PA,Canada
CUST5008,Karan Singh,Charlotte,NC,United States
CUST5009,Anjali Sharma,Philadelphia,PA,India
CUST5010,Vikas Kapoor,Seattle,WA,United Kingdom
CUST5011,Sneha Kapoor,Phoenix,AZ,India
CUST5012,Mohit Singh,San Antonio,TX,India
CUST5013,Sunita Mehta,Phoenix,AZ,United States
CUST5014,Sunita Joshi,Austin,TX,Australia
CUST5015,Pooja Joshi,Austin,TX,United States
CUST5016,Pooja Mehta,Fort Worth,TX,United States
CUST5017,Rohit Kumar,Jacksonville,FL,United Kingdom
CUST5018,Vikas Verma,Austin,TX,India
CUST5019,Anjali Joshi,Austin,TX,United States
CUST5020,Pooja Sharma,Los Angeles,CA,United States
CUST5021,Sahil Sharma,Austin,TX,United States
CUST5022,Aarav Patel,San Diego,CA,United Kingdom
CUST5023,Aarav Kapoor,Houston,TX,Australia
CUST5024,Neha Singh,Jacksonville,FL,Canada
CUST5025,Vikas Verma,Phoenix,AZ,Canada
CUST5026,Mohit Reddy,Seattle,WA,Canada
CUST5027,Arjun Joshi,San Jose,CA,India
CUST5028,Priya Verma,Chicago,IL,United States
CUST5029,Ritika Reddy,Jacksonville,FL,Australia
CUST5030,Kabir Singh,Chicago,IL,Canada
CUST5031,Sunita Joshi,Denver,CO,United States
CUST5032,Vihaan Reddy,San Jose,CA,Canada
CUST5033,Arjun Kumar,Washington,DC,India
CUST5034,Vikas Sharma,Chicago,IL,India
CUST5035,Vihaan Reddy,Philadelphia,PA,United States
CUST5036,Aman Kapoor,San Antonio,TX,United States
CUST5037,Aditya Joshi,Charlotte,NC,United States
CUST5038,Vihaan Patel,Chicago,IL,United States
CUST5039,Priya Joshi,Indianapolis,IN,India
CUST5040,Ritika Reddy,Jacksonville,FL,United Kingdom
CUST5041,Mohit Patel,Washington,DC,India
CUST5042,Vivaan Reddy,Phoenix,AZ,United States
CUST5043,Aarav Sharma,New York,NY,Canada
CUST5044,Sahil Sharma,Denver,CO,India
CUST5045,Aman Singh,Indianapolis,IN,India
CUST5046,Aman Patel,Charlotte,NC,Canada
CUST5047,Mohit Kumar,San Jose,CA,India
CUST5048,Rohit Joshi,Charlotte,NC,United States
CUST5049,Rohit Kapoor,Fort Worth,TX,India
CUST5050,Kabir Sharma,San Antonio,TX,Australia
CUST5051,Vivaan Mehta,Fort Worth,TX,United States
CUST5052,Sneha Patel,San Francisco,CA,United States
CUST5053,Mohit Mehta,San Jose,CA,Australia
CUST5054,Sneha Patel,Charlotte,NC,India
CUST5055,Sunita Sharma,Houston,TX,India
CUST5056,Kabir Kumar,Dallas,TX,India
CUST5057,Kabir Gupta,Fort Worth,TX,United States
CUST5058,Aarav Mehta,San Diego,CA,India
CUST5059,Kabir Sharma,San Diego,CA,India
CUST5060,Sunita Sharma,Denver,CO,United Kingdom
CUST5061,Simran Singh,Columbus,OH,United States
CUST5062,Mohit Gupta,Dallas,TX,India
CUST5063,Sunita Gupta,Dallas,TX,Canada
CUST5064,Priya Kapoor,Phoenix,AZ,India
CUST5065,Rohit Verma,Houston,TX,United Kingdom
CUST5066,Rohit Singh,San Diego,CA,United States
CUST5067,Aditya Verma,Los Angeles,CA,India
CUST5068,Simran Singh,San Diego,CA,United States
CUST5069,Simran Kapoor,Fort Worth,TX,Australia
CUST5070,Rohit Kumar,Austin,TX,Canada
CUST5071,Ritika Sharma,Los Angeles,CA,United States
CUST5072,Arjun Gupta,Houston,TX,United States
CUST5073,Aman Verma,Jacksonville,FL,India
CUST5074,Simran Sharma,Austin,TX,United Kingdom
CUST5075,Sneha Kapoor,Indianapolis,IN,Australia
CUST5076,Aman Gupta,Chicago,IL,India
CUST5077,Anjali Sharma,Indianapolis,IN,United States
CUST5078,Vihaan Verma,Jacksonville,FL,India
CUST5079,Karan Reddy,San Jose,CA,United States
CUST5080,Kabir Singh,Columbus,OH,United States
CUST5081,Vihaan Kumar,Seattle,WA,India
CUST5082,Aarav Kapoor,Phoenix,AZ,Canada
CUST5083,Ritika Verma,Seattle,WA,United States
CUST5084,Sneha Sharma,San Jose,CA,Canada
CUST5085,Ritika Reddy,Denver,CO,United Kingdom
CUST5086,Sunita Gupta,Chicago,IL,Canada
CUST5087,Simran Kumar,Dallas,TX,Canada
CUST5088,Neha Kapoor,San Antonio,TX,United States
CUST5089,Arjun Joshi,Seattle,WA,United States
CUST5090,Sahil Patel,New York,NY,United States
CUST5091,Sneha Singh,New York,NY,India
CUST5092,Sunita Gupta,Columbus,OH,United States
CUST5093,Aarav Mehta,Charlotte,NC,United States
CUST5094,Karan Reddy,Philadelphia,PA,Australia
CUST5095,Sneha Mehta,Philadelphia,PA,Canada
CUST5096,Arjun Patel,Fort Worth,TX,India
CUST5097,Rohit Mehta,Washington,DC,India
CUST5098,Simran Patel,Seattle,WA,India
CUST5099,Sunita Singh,Seattle,WA,United States
CUST5100,Sneha Kumar,Charlotte,NC,Canada
CUST5101,Rohit Kapoor,Denver,CO,United States
CUST5102,Rohit Kapoor,Indianapolis,IN,United Kingdom
CUST5103,Vikas Joshi,Los Angeles,CA,United States
CUST5104,Vikas Gupta,Seattle,WA,Australia
CUST5105,Vihaan Reddy,San Antonio,TX,India
CUST5106,Rohit Patel,Washington,DC,United States
CUST5107,Sahil Singh,San Francisco,CA,Australia
CUST5108,Sunita Reddy,San Jose,CA,United States
CUST5109,Simran Sharma,Charlotte,NC,India
CUST5110,Ritika Singh,San Jose,CA,United States
CUST5111,Kabir Kapoor,Phoenix,AZ,India
CUST5112,Aditya Sharma,Washington,DC,India
CUST5113,Aarav Sharma,Phoenix,AZ,United States
CUST5114,Anjali Patel,Charlotte,NC,United Kingdom
CUST5115,Rohit Gupta,Washington,DC,United States
CUST5116,Aditya Patel,Seattle,WA,United States
CUST5117,Mohit Gupta,San Jose,CA,Australia
CUST5118,Sahil Singh,Charlotte,NC,Australia
CUST5119,Arjun Singh,San Jose,CA,United Kingdom
CUST5120,Karan Verma,Seattle,WA,United States
CUST5121,Karan Singh,New York,NY,United Kingdom
CUST5122,Sahil Reddy,Dallas,TX,India
CUST5123,Sneha Verma,Indianapolis,IN,Canada
CUST5124,Arjun Joshi,Indianapolis,IN,Canada
CUST5125,Vihaan Sharma,Jacksonville,FL,United States
CUST5126,Neha Mehta,Denver,CO,United States
CUST5127,Ritika Kapoor,Houston,TX,United Kingdom
CUST5128,Mohit Joshi,Indianapolis,IN,India
CUST5129,Aarav Joshi,Jacksonville,FL,United States
CUST5130,Ritika Patel,Jacksonville,FL,United States
CUST5131,Anjali Verma,Denver,CO,United States
CUST5132,Vihaan Kumar,Dallas,TX,United States
CUST5133,Kabir Joshi,Columbus,OH,United States
CUST5134,Pooja Kumar,Charlotte,NC,Canada
CUST5135,Aman Gupta,Indianapolis,IN,United States
CUST5136,Mohit Sharma,Denver,CO,United Kingdom
CUST5137,Pooja Joshi,San Diego,CA,India
CUST5138,Karan Patel,Charlotte,NC,United States
CUST5139,Kabir Sharma,San Diego,CA,United States
CUST5140,Sunita Patel,Washington,DC,United States
CUST5141,Neha Gupta,Phoenix,AZ,India
CUST5142,Pooja Verma,San Diego,CA,United States
CUST5143,Arjun Verma,Fort Worth,TX,United States
CUST5144,Sneha Verma,San Jose,CA,United States
CUST5145,Aditya Singh,Philadelphia,PA,United States
CUST5146,Ritika Kumar,San Francisco,CA,United States
CUST5147,Aditya Verma,Columbus,OH,Canada
CUST5148,Aditya Singh,Columbus,OH,India
CUST5149,Vivaan Singh,Charlotte,NC,United States
CUST5150,Aditya Sharma,Austin,TX,United States
CUST5151,Karan Kumar,Chicago,IL,India
CUST5152,Rohit Sharma,San Francisco,CA,India
CUST5153,Kabir Singh,Charlotte,NC,United States
CUST5154,Simran Singh,Houston,TX,United Kingdom
CUST5155,Aman Sharma,San Antonio,TX,United States
CUST5156,Aditya Singh,San Diego,CA,India
CUST5157,Arjun Reddy,Phoenix,AZ,United States
CUST5158,Vihaan Verma,Phoenix,AZ,United Kingdom
CUST5159,Anjali Kumar,Austin,TX,United Kingdom
CUST5160,Mohit Mehta,Columbus,OH,United States
CUST5161,Ritika Gupta,Charlotte,NC,India
CUST5162,Aman Gupta,San Antonio,TX,United States
CUST5163,Pooja Patel,Jacksonville,FL,United States
CUST5164,Sneha Reddy,Columbus,OH,United Kingdom
CUST5165,Vikas Sharma,Washington,DC,United States
CUST5166,Aditya Joshi,Austin,TX,United States
CUST5167,Aarav Verma,Columbus,OH,United States
CUST5168,Aditya Kapoor,Fort Worth,TX,United States
CUST5169,Pooja Patel,Washington,DC,Australia
CUST5170,Neha Gupta,Columbus,OH,Australia
CUST5171,Neha Patel,Los Angeles,CA,United States
CUST5172,Vikas Mehta,San Jose,CA,India
CUST5173,Simran Joshi,Jacksonville,FL,India
CUST5174,Aarav Mehta,Austin,TX,India
CUST5175,Rohit Verma,Charlotte,NC,India
CUST5176,Neha Singh,San Jose,CA,United States
CUST5177,Pooja Patel,San Francisco,CA,United States
CUST5178,Rohit Sharma,Indianapolis,IN,India
CUST5179,Neha Mehta,Seattle,WA,United States
CUST5180,Mohit Gupta,San Jose,CA,India
CUST5181,Karan Singh,Washington,DC,India
CUST5182,Aditya Patel,Austin,TX,United States
CUST5183,Neha Kapoor,Columbus,OH,United States
CUST5184,Vihaan Kapoor,Dallas,TX,United States
CUST5185,Arjun Reddy,Fort Worth,TX,United Kingdom
CUST5186,Priya Patel,Charlotte,NC,Canada
CUST5187,Vikas Singh,Houston,TX,United States
CUST5188,Pooja Reddy,Dallas,TX,United States
CUST5189,Ritika Kapoor,Columbus,OH,United States
CUST5190,Neha Sharma,San Antonio,TX,India
CUST5191,Arjun Kapoor,Los Angeles,CA,Australia
CUST5192,Anjali Verma,Fort Worth,TX,Canada
CUST5193,Pooja Verma,Philadelphia,PA,India
CUST5194,Aarav Patel,Washington,DC,India
CUST5195,Anjali Kapoor,Indianapolis,IN,India
CUST5196,Priya Sharma,Jacksonville,FL,United States
CUST5197,Rohit Reddy,Chicago,IL,India
CUST5198,Karan Sharma,San Antonio,TX,United States
CUST5199,Priya Gupta,San Francisco,CA,United States
CUST5200,Aditya Patel,Denver,CO,Canada
CUST5201,Simran Singh,Dallas,TX,Canada
CUST5202,Simran Mehta,Los Angeles,CA,Canada
CUST5203,Sahil Singh,Phoenix,AZ,United States
CUST5204,Kabir Joshi,Phoenix,AZ,Canada
CUST5205,Pooja Kumar,Washington,DC,United States
CUST5206,Priya Singh,Phoenix,AZ,India
CUST5207,Anjali Sharma,Columbus,OH,United States
CUST5208,Anjali Reddy,San Francisco,CA,United States
CUST5209,Arjun Patel,Fort Worth,TX,Canada
CUST5210,Mohit Patel,Chicago,IL,United States
CUST5211,Priya Patel,San Antonio,TX,United States
CUST5212,Vivaan Singh,San Antonio,TX,United States
CUST5213,Arjun Verma,Seattle,WA,India
CUST5214,Vikas Patel,Jacksonville,FL,India
CUST5215,Karan Patel,Fort Worth,TX,United States
CUST5216,Sunita Reddy,Philadelphia,PA,United Kingdom
CUST5217,Vivaan Reddy,Indianapolis,IN,United States
CUST5218,Arjun Reddy,Jacksonville,FL,United States
CUST5219,Aditya Kumar,Philadelphia,PA,India
CUST5220,Simran Singh,Charlotte,NC,Canada
CUST5221,Vihaan Gupta,San Francisco,CA,Australia
CUST5222,Aarav Sharma,Fort Worth,TX,United States
CUST5223,Vivaan Sharma,Denver,CO,India
CUST5224,Arjun Singh,Seattle,WA,United States
CUST5225,Aman Patel,Dallas,TX,United States
CUST5226,Anjali Mehta,Denver,CO,United States
CUST5227,Vivaan Kumar,Los Angeles,CA,United States
CUST5228,Sneha Kapoor,San Antonio,TX,United Kingdom
CUST5229,Neha Sharma,Charlotte,NC,India
CUST5230,Sunita Kumar,Seattle,WA,United Kingdom
CUST5231,Priya Gupta,Charlotte,NC,United States
CUST5232,Sahil Patel,Fort Worth,TX,Canada
CUST5233,Aman Mehta,Philadelphia,PA,Canada
CUST5234,Anjali Kumar,Jacksonville,FL,India
CUST5235,Aarav Joshi,San Francisco,CA,Canada
CUST5236,Sunita Kumar,Seattle,WA,Canada
CUST5237,Vivaan Mehta,San Antonio,TX,United States
CUST5238,Vihaan Kumar,Los Angeles,CA,India
CUST5239,Rohit Reddy,Columbus,OH,Australia
CUST5240,Aarav Gupta,San Antonio,TX,Australia
CUST5241,Rohit Joshi,Washington,DC,United States
CUST5242,Simran Mehta,Charlotte,NC,United States
CUST5243,Neha Joshi,Chicago,IL,Canada
CUST5244,Sahil Kapoor,Charlotte,NC,India
CUST5245,Aditya Kapoor,Seattle,WA,United States
CUST5246,Aarav Kapoor,Seattle,WA,Australia
CUST5247,Priya Joshi,Seattle,WA,Canada
CUST5248,Vivaan Patel,Fort Worth,TX,Australia
CUST5249,Rohit Kumar,San Antonio,TX,Canada
CUST5250,Priya Sharma,Fort Worth,TX,United States
CUST5251,Vihaan Gupta,Dallas,TX,United Kingdom
CUST5252,Vihaan Sharma,San Diego,CA,United States
CUST5253,Neha Singh,Jacksonville,FL,United Kingdom
CUST5254,Simran Kapoor,San Antonio,TX,India
CUST5255,Sahil Gupta,Denver,CO,Australia
CUST5256,Ritika Joshi,Denver,CO,India
CUST5257,Rohit Verma,Charlotte,NC,Australia
CUST5258,Aarav Sharma,Houston,TX,India
CUST5259,Neha Mehta,San Diego,CA,India
CUST5260,Simran Mehta,New York,NY,Canada
CUST5261,Mohit Sharma,Austin,TX,India
CUST5262,Aditya Gupta,San Antonio,TX,Canada
CUST5263,Rohit Gupta,New York,NY,United Kingdom
CUST5264,Rohit Kumar,Denver,CO,Australia
CUST5265,Vivaan Kapoor,Dallas,TX,India
CUST5266,Sahil Reddy,Columbus,OH,United States
CUST5267,Vikas Mehta,Austin,TX,Canada
CUST5268,Sunita Patel,Columbus,OH,India
CUST5269,Karan Patel,Indianapolis,IN,United States
CUST5270,Kabir Gupta,Washington,DC,India
CUST5271,Mohit Sharma,San Diego,CA,India
CUST5272,Arjun Kapoor,San Jose,CA,United States
CUST5273,Vivaan Reddy,Austin,TX,United States
CUST5274,Vihaan Kapoor,Charlotte,NC,India
CUST5275,Sahil Singh,Seattle,WA,Australia
CUST5276,Sneha Patel,Jacksonville,FL,Canada
CUST5277,Neha Verma,San Francisco,CA,United States
CUST5278,Sahil Mehta,Austin,TX,India
CUST5279,Sneha Kapoor,Seattle,WA,United States
CUST5280,Rohit Sharma,Denver,CO,India
CUST5281,Aman Verma,Philadelphia,PA,Canada
CUST5282,Neha Singh,San Francisco,CA,United States
CUST5283,Sneha Mehta,Denver,CO,United States
CUST5284,Sahil Verma,Houston,TX,United States
CUST5285,Rohit Sharma,Los Angeles,CA,United States
CUST5286,Priya Verma,Los Angeles,CA,India
CUST5287,Rohit Singh,Columbus,OH,India
CUST5288,Aditya Verma,Austin,TX,Canada
CUST5289,Vihaan Mehta,San Diego,CA,Australia
CUST5290,Vikas Mehta,Dallas,TX,United States
CUST5291,Aarav Kapoor,Indianapolis,IN,United States
CUST5292,Priya Patel,New York,NY,Canada
CUST5293,Kabir Kapoor,San Jose,CA,India
CUST5294,Vivaan Joshi,Denver,CO,United States
CUST5295,Vivaan Joshi,Phoenix,AZ,United States
CUST5296,Sahil Verma,Jacksonville,FL,United States
CUST5297,Kabir Patel,Seattle,WA,India
CUST5298,Sunita Sharma,San Diego,CA,United States
CUST5299,Neha Gupta,Columbus,OH,United Kingdom
CUST5300,Sunita Patel,San Francisco,CA,United States
CUST5301,Neha Sharma,Jacksonville,FL,India
CUST5302,Sahil Joshi,San Jose,CA,United States
CUST5303,Rohit Kapoor,Houston,TX,United States
CUST5304,Aarav Singh,Phoenix,AZ,Canada
CUST5305,Aman Joshi,Indianapolis,IN,United States
CUST5306,Sunita Reddy,New York,NY,India
CUST5307,Ritika Verma,Dallas,TX,United States
CUST5308,Aman Joshi,Austin,TX,United States
CUST5309,Karan Verma,Los Angeles,CA,United Kingdom
CUST5310,Neha Kumar,Charlotte,NC,India
CUST5311,Aarav Mehta,Chicago,IL,India
CUST5312,Mohit Mehta,Austin,TX,United States
CUST5313,Mohit Kumar,New York,NY,India
CUST5314,Simran Verma,San Francisco,CA,India
CUST5315,Kabir Kapoor,Phoenix,AZ,Canada
CUST5316,Neha Patel,Denver,CO,Canada
CUST5317,Aman Patel,Los Angeles,CA,Canada
CUST5318,Sahil Verma,Los Angeles,CA,United States
CUST5319,Karan Joshi,Denver,CO,India
CUST5320,Neha Mehta,San Jose,CA,United States
CUST5321,Aarav Singh,Austin,TX,India
CUST5322,Ritika Mehta,Austin,TX,United States
CUST5323,Vihaan Reddy,San Diego,CA,India
CUST5324,Vivaan Kumar,San Antonio,TX,Canada
CUST5325,Aman Sharma,Seattle,WA,United States
CUST5326,Vihaan Reddy,Austin,TX,United States
CUST5327,Pooja Kapoor,Charlotte,NC,India
CUST5328,Rohit Joshi,Austin,TX,India
CUST5329,Rohit Verma,San Jose,CA,United States
CUST5330,Mohit Mehta,Phoenix,AZ,United States
CUST5331,Arjun Reddy,San Jose,CA,United States
CUST5332,Neha Reddy,Philadelphia,PA,United States
CUST5333,Karan Patel,San Jose,CA,United Kingdom
CUST5334,Karan Sharma,San Francisco,CA,India
CUST5335,Vikas Mehta,Jacksonville,FL,Australia
CUST5336,Simran Kapoor,San Jose,CA,United States
CUST5337,Neha Kapoor,Indianapolis,IN,India
CUST5338,Aditya Mehta,San Diego,CA,United States
CUST5339,Kabir Sharma,Washington,DC,United States
CUST5340,Vikas Gupta,Indianapolis,IN,United States
CUST5341,Aman Joshi,San Jose,CA,India
CUST5342,Kabir Kapoor,Philadelphia,PA,India
CUST5343,Neha Patel,San Antonio,TX,Australia
CUST5344,Sahil Reddy,Fort Worth,TX,India
CUST5345,Kabir Verma,Seattle,WA,India
CUST5346,Pooja Gupta,San Diego,CA,United States
CUST5347,Kabir Reddy,San Diego,CA,India
CUST5348,Aman Mehta,Washington,DC,United States
CUST5349,Pooja Gupta,Dallas,TX,United Kingdom
CUST5350,Rohit Kapoor,Chicago,IL,Australia
CUST5351,Sneha Kumar,Fort Worth,TX,India
CUST5352,Mohit Joshi,Chicago,IL,India
CUST5353,Pooja Kapoor,Los Angeles,CA,India
CUST5354,Sahil Mehta,Austin,TX,United States
CUST5355,Neha Joshi,Washington,DC,Canada
CUST5356,Sahil Kapoor,Charlotte,NC,United Kingdom
CUST5357,Rohit Gupta,Washington,DC,India
CUST5358,Vivaan Mehta,Denver,CO,United Kingdom
CUST5359,Neha Kapoor,Fort Worth,TX,India
CUST5360,Karan Kumar,New York,NY,United States
CUST5361,Vivaan Sharma,Dallas,TX,Canada
CUST5362,Vihaan Patel,Fort Worth,TX,India
CUST5363,Priya Mehta,Chicago,IL,India
CUST5364,Sneha Kumar,Chicago,IL,India
CUST5365,Pooja Reddy,Philadelphia,PA,Canada
CUST5366,Sahil Kapoor,Seattle,WA,India
CUST5367,Rohit Reddy,Austin,TX,United States
CUST5368,Kabir Sharma,Denver,CO,Australia
CUST5369,Ritika Kapoor,Houston,TX,Canada
CUST5370,Pooja Joshi,Dallas,TX,United States
CUST5371,Vihaan Verma,Austin,TX,India
CUST5372,Sneha Mehta,San Diego,CA,India
CUST5373,Mohit Singh,Seattle,WA,United States
CUST5374,Karan Kapoor,Phoenix,AZ,United States
CUST5375,Sneha Verma,San Diego,CA,Australia
CUST5376,Arjun Mehta,Indianapolis,IN,United Kingdom
CUST5377,Pooja Kumar,San Diego,CA,Canada
CUST5378,Neha Mehta,Indianapolis,IN,United States
CUST5379,Aman Patel,Indianapolis,IN,United Kingdom
CUST5380,Kabir Mehta,Houston,TX,India
CUST5381,Mohit Mehta,Seattle,WA,United States
CUST5382,Rohit Kumar,Philadelphia,PA,United States
CUST5383,Anjali Patel,New York,NY,Canada
CUST5384,Sunita Gupta,New York,NY,India
CUST5385,Kabir Joshi,Indianapolis,IN,India
CUST5386,Aarav Kapoor,San Antonio,TX,United States
CUST5387,Sneha Verma,San Antonio,TX,Canada
CUST5388,Simran Sharma,Los Angeles,CA,India
CUST5389,Vikas Patel,San Antonio,TX,Canada
CUST5390,Neha Mehta,Philadelphia,PA,India
CUST5391,Vikas Gupta,Charlotte,NC,United States
CUST5392,Ritika Reddy,Chicago,IL,Canada
CUST5393,Aditya Kapoor,Charlotte,NC,Canada
CUST5394,Aditya Kapoor,Denver,CO,United States
CUST5395,Mohit Gupta,Denver,CO,United States
CUST5396,Sneha Sharma,Seattle,WA,United States
CUST5397,Aditya Verma,Indianapolis,IN,Canada
CUST5398,Vihaan Joshi,Indianapolis,IN,Australia
CUST5399,Sahil Patel,San Diego,CA,United Kingdom
CUST5400,Sneha Sharma,Phoenix,AZ,United States
CUST5401,Pooja Reddy,Denver,CO,United Kingdom
CUST5402,Aman Sharma,Phoenix,AZ,United States
CUST5403,Sunita Singh,Houston,TX,India
CUST5404,Neha Singh,Houston,TX,United States
CUST5405,Kabir Patel,San Antonio,TX,United States
CUST5406,Simran Kumar,Indianapolis,IN,Canada
CUST5407,Vihaan Kumar,New York,NY,India
CUST5408,Mohit Kapoor,Charlotte,NC,India
CUST5409,Vivaan Verma,Indianapolis,IN,United States
CUST5410,Simran Reddy,Austin,TX,United States
CUST5411,Sahil Reddy,Dallas,TX,United States
CUST5412,Sunita Reddy,Jacksonville,FL,United States
CUST5413,Vikas Kapoor,New York,NY,United States
CUST5414,Ritika Mehta,New York,NY,India
CUST5415,Karan Singh,Austin,TX,United Kingdom
CUST5416,Arjun Sharma,Los Angeles,CA,United States
CUST5417,Rohit Verma,Dallas,TX,India
CUST5418,Priya Verma,Los Angeles,CA,United States
CUST5419,Neha Kumar,San Antonio,TX,Canada
CUST5420,Arjun Sharma,Indianapolis,IN,India
CUST5421,Rohit Joshi,Philadelphia,PA,United States
CUST5422,Arjun Mehta,Washington,DC,United States
CUST5423,Karan Verma,Dallas,TX,Australia
CUST5424,Sahil Joshi,Philadelphia,PA,United States
CUST5425,Anjali Kumar,San Antonio,TX,United States
CUST5426,Vivaan Sharma,Houston,TX,United States
CUST5427,Aman Kumar,Dallas,TX,United States
CUST5428,Anjali Gupta,San Francisco,CA,Australia
CUST5429,Vikas Sharma,San Antonio,TX,India
CUST5430,Aman Kapoor,Philadelphia,PA,United States
CUST5431,Vihaan Joshi,San Jose,CA,Canada
CUST5432,Sahil Kapoor,San Jose,CA,United States
CUST5433,Arjun Mehta,Chicago,IL,United States
CUST5434,Anjali Joshi,San Francisco,CA,India
CUST5435,Arjun Kumar,Dallas,TX,Canada
CUST5436,Aditya Kapoor,Indianapolis,IN,Australia
CUST5437,Sunita Gupta,Denver,CO,United States
CUST5438,Priya Sharma,Indianapolis,IN,United States
CUST5439,Arjun Mehta,Austin,TX,United States
CUST5440,Pooja Kumar,Chicago,IL,Australia
CUST5441,Aarav Verma,San Diego,CA,United States
CUST5442,Mohit Sharma,Houston,TX,United States
CUST5443,Pooja Joshi,Los Angeles,CA,United States
CUST5444,Aditya Kumar,Phoenix,AZ,Canada
CUST5445,Aditya Joshi,Seattle,WA,India
CUST5446,Anjali Kapoor,Houston,TX,United States
CUST5447,Anjali Patel,Houston,TX,United States
CUST5448,Aman Singh,Indianapolis,IN,Australia
CUST5449,Ritika Reddy,Jacksonville,FL,India
CUST5450,Pooja Kapoor,Fort Worth,TX,India
CUST5451,Ritika Gupta,Denver,CO,United States
CUST5452,Pooja Verma,San Jose,CA,Australia
CUST5453,Sahil Reddy,Charlotte,NC,United States
CUST5454,Sunita Mehta,San Diego,CA,United States
CUST5455,Priya Verma,San Diego,CA,United States
CUST5456,Vivaan Mehta,San Jose,CA,United States
CUST5457,Vihaan Gupta,Denver,CO,India
CUST5458,Sneha Kapoor,Indianapolis,IN,India
CUST5459,Anjali Kapoor,San Diego,CA,United States
CUST5460,Vikas Kapoor,San Jose,CA,Australia
CUST5461,Aditya Sharma,San Francisco,CA,Australia
CUST5462,Anjali Verma,Washington,DC,Canada
CUST5463,Aditya Sharma,Houston,TX,Australia
CUST5464,Kabir Sharma,Houston,TX,India
CUST5465,Sunita Joshi,Columbus,OH,United States
CUST5466,Kabir Reddy,Dallas,TX,Canada
CUST5467,Priya Singh,Indianapolis,IN,United States
CUST5468,Kabir Kumar,San Antonio,TX,India
CUST5469,Sunita Patel,San Antonio,TX,United States
CUST5470,Mohit Joshi,Seattle,WA,United States
CUST5471,Karan Kumar,New York,NY,United Kingdom
CUST5472,Priya Patel,Austin,TX,United States
CUST5473,Simran Singh,San Diego,CA,Canada
CUST5474,Arjun Sharma,San Francisco,CA,United States
CUST5475,Aditya Sharma,Jacksonville,FL,India
CUST5476,Ritika Verma,Indianapolis,IN,Australia
CUST5477,Priya Patel,Denver,CO,India
CUST5478,Vivaan Gupta,Fort Worth,TX,India
CUST5479,Sunita Singh,San Antonio,TX,Australia
CUST5480,Anjali Mehta,Jacksonville,FL,Canada
CUST5481,Arjun Sharma,Washington,DC,United States
CUST5482,Aman Kapoor,Fort Worth,TX,United States
CUST5483,Rohit Singh,San Antonio,TX,Canada
CUST5484,Karan Sharma,Denver,CO,India
CUST5485,Vikas Patel,Los Angeles,CA,United Kingdom
CUST5486,Neha Reddy,Denver,CO,United Kingdom
CUST5487,Aman Gupta,Chicago,IL,United States
CUST5488,Vivaan Joshi,Jacksonville,FL,United States
CUST5489,Ritika Reddy,Philadelphia,PA,India
CUST5490,Priya Patel,Charlotte,NC,India
CUST5491,Anjali Kapoor,New York,NY,United States
CUST5492,Sneha Joshi,New York,NY,Australia
CUST5493,Vivaan Kumar,San Francisco,CA,United States
CUST5494,Sunita Gupta,Philadelphia,PA,Canada
CUST5495,Sneha Mehta,Columbus,OH,Australia
CUST5496,Aarav Reddy,Dallas,TX,Australia
CUST5497,Sahil Reddy,New York,NY,India
CUST5498,Priya Verma,Fort Worth,TX,United States
CUST5499,Mohit Reddy,Jacksonville,FL,United States
CUST5500,Karan Singh,Phoenix,AZ,United States
CUST5501,Sahil Verma,Chicago,IL,United States
CUST5502,Vihaan Sharma,Austin,TX,Australia
CUST5503,Anjali Verma,Columbus,OH,India
CUST5504,Aman Reddy,New York,NY,United Kingdom
CUST5505,Aditya Patel,Dallas,TX,United States
CUST5506,Mohit Mehta,Chicago,IL,India
CUST5507,Pooja Sharma,Philadelphia,PA,India
CUST5508,Kabir Verma,Fort Worth,TX,United States
CUST5509,Aditya Singh,Chicago,IL,United Kingdom
CUST5510,Aarav Patel,Los Angeles,CA,India
CUST5511,Sunita Mehta,San Antonio,TX,United States
CUST5512,Vihaan Reddy,San Diego,CA,United States
CUST5513,Sneha Joshi,Indianapolis,IN,United States
CUST5514,Sahil Joshi,Philadelphia,PA,Australia
CUST5515,Vikas Kumar,Denver,CO,India
CUST5516,Aarav Kapoor,Indianapolis,IN,India
CUST5517,Vikas Patel,New York,NY,United States
CUST5518,Karan Sharma,New York,NY,United Kingdom
CUST5519,Aditya Singh,San Jose,CA,India
CUST5520,Vihaan Kapoor,Austin,TX,United States
CUST5521,Sahil Patel,Fort Worth,TX,United Kingdom
CUST5522,Vivaan Patel,Indianapolis,IN,India
CUST5523,Priya Sharma,San Jose,CA,Canada
CUST5524,Priya Singh,New York,NY,India
CUST5525,Pooja Mehta,Chicago,IL,United States
CUST5526,Priya Mehta,San Diego,CA,United Kingdom
CUST5527,Mohit Verma,Columbus,OH,United States
CUST5528,Vihaan Verma,San Francisco,CA,United States
CUST5529,Pooja Patel,Columbus,OH,United States
CUST5530,Mohit Kapoor,Philadelphia,PA,India
CUST5531,Aditya Kumar,Austin,TX,India
CUST5532,Priya Reddy,Philadelphia,PA,Canada
CUST5533,Sahil Kapoor,New York,NY,United Kingdom
CUST5534,Sahil Gupta,Austin,TX,Canada
CUST5535,Vihaan Mehta,San Jose,CA,India
CUST5536,Karan Verma,Washington,DC,United States
CUST5537,Anjali Gupta,Dallas,TX,United States
CUST5538,Vivaan Singh,Columbus,OH,Australia
CUST5539,Aditya Verma,San Diego,CA,United States
CUST5540,Ritika Sharma,Philadelphia,PA,United States
CUST5541,Vihaan Joshi,Jacksonville,FL,United States
CUST5542,Pooja Singh,San Francisco,CA,India
CUST5543,Sneha Verma,Seattle,WA,United States
CUST5544,Anjali Singh,Dallas,TX,India
CUST5545,Mohit Kapoor,Austin,TX,India
CUST5546,Aman Kumar,Fort Worth,TX,Australia
CUST5547,Sneha Sharma,Austin,TX,United States
CUST5548,Priya Patel,Houston,TX,United States
CUST5549,Pooja Kumar,Phoenix,AZ,United States
CUST5550,Karan Gupta,San Diego,CA,United States
CUST5551,Aarav Verma,Los Angeles,CA,United States
CUST5552,Sunita Kapoor,Austin,TX,India
CUST5553,Vihaan Kumar,Seattle,WA,United States
CUST5554,Vivaan Verma,Austin,TX,India
CUST5555,Vikas Patel,Denver,CO,United States
CUST5556,Karan Mehta,San Antonio,TX,India
CUST5557,Simran Kumar,Indianapolis,IN,India
CUST5558,Arjun Kumar,Indianapolis,IN,United States
CUST5559,Sunita Patel,Seattle,WA,India
CUST5560,Pooja Mehta,San Francisco,CA,United States
CUST5561,Simran Reddy,San Francisco,CA,United States
CUST5562,Karan Verma,Philadelphia,PA,Canada
CUST5563,Aarav Joshi,Indianapolis,IN,United States
CUST5564,Vikas Gupta,Philadelphia,PA,United States
CUST5565,Sneha Joshi,Chicago,IL,India
CUST5566,Aarav Kumar,Houston,TX,United States
CUST5567,Neha Mehta,Washington,DC,United Kingdom
CUST5568,Sneha Reddy,Fort Worth,TX,United States
CUST5569,Aman Singh,Austin,TX,United States
CUST5570,Vihaan Gupta,Dallas,TX,Canada
CUST5571,Vikas Reddy,Charlotte,NC,United States
CUST5572,Aarav Verma,Austin,TX,Canada
CUST5573,Pooja Kumar,Denver,CO,United States
CUST5574,Ritika Reddy,Los Angeles,CA,India
CUST5575,Aman Sharma,Jacksonville,FL,Canada
CUST5576,Anjali Sharma,Denver,CO,United States
CUST5577,Pooja Gupta,San Antonio,TX,United States
CUST5578,Sunita Kapoor,Jacksonville,FL,United States
CUST5579,Vikas Verma,San Francisco,CA,Canada
CUST5580,Kabir Kumar,San Jose,CA,United States
CUST5581,Vivaan Patel,Phoenix,AZ,United States
CUST5582,Vikas Joshi,San Diego,CA,United Kingdom
CUST5583,Sneha Mehta,New York,NY,Canada
CUST5584,Ritika Singh,Seattle,WA,Canada
CUST5585,Sneha Mehta,New York,NY,Australia
CUST5586,Vivaan Kumar,Fort Worth,TX,India
CUST5587,Neha Gupta,New York,NY,United States
CUST5588,Aarav Joshi,Seattle,WA,India
CUST5589,Anjali Verma,Los Angeles,CA,India
CUST5590,Ritika Gupta,San Francisco,CA,India
CUST5591,Aarav Mehta,Phoenix,AZ,Canada
CUST5592,Vikas Patel,Los Angeles,CA,India
CUST5593,Vihaan Kapoor,Los Angeles,CA,United States
CUST5594,Aarav Gupta,San Francisco,CA,United Kingdom
CUST5595,Rohit Singh,Washington,DC,United States
CUST5596,Rohit Kumar,Dallas,TX,India
CUST5597,Vivaan Joshi,New York,NY,United States
CUST5598,Sneha Kapoor,San Diego,CA,United States
CUST5599,Vikas Gupta,Washington,DC,United States
CUST5600,Karan Singh,Fort Worth,TX,Canada
CUST5601,Aditya Singh,San Jose,CA,United States
CUST5602,Neha Mehta,Jacksonville,FL,United States
CUST5603,Vikas Sharma,San Francisco,CA,United States
CUST5604,Vihaan Mehta,Phoenix,AZ,India
CUST5605,Mohit Kapoor,San Francisco,CA,India
CUST5606,Sahil Kapoor,Indianapolis,IN,India
CUST5607,Karan Singh,Seattle,WA,United States
CUST5608,Pooja Patel,San Diego,CA,United States
CUST5609,Rohit Sharma,Seattle,WA,India
CUST5610,Rohit Mehta,Washington,DC,United States
CUST5611,Sahil Joshi,San Diego,CA,Canada
CUST5612,Sunita Kapoor,San Jose,CA,India
CUST5613,Arjun Sharma,Houston,TX,Canada
CUST5614,Arjun Kumar,Philadelphia,PA,Australia
CUST5615,Vivaan Reddy,Columbus,OH,Australia
CUST5616,Sahil Reddy,Austin,TX,Canada
CUST5617,Mohit Sharma,New York,NY,Australia
CUST5618,Karan Joshi,Phoenix,AZ,Australia
CUST5619,Aman Singh,Fort Worth,TX,India
CUST5620,Sahil Verma,Washington,DC,India
CUST5621,Mohit Gupta,Austin,TX,United States
CUST5622,Vivaan Sharma,Austin,TX,India
CUST5623,Aarav Sharma,Austin,TX,Canada
CUST5624,Neha Verma,Houston,TX,United States
CUST5625,Simran Reddy,San Jose,CA,India
CUST5626,Vikas Sharma,Jacksonville,FL,India
CUST5627,Arjun Patel,New York,NY,Canada
CUST5628,Priya Gupta,Dallas,TX,United States
CUST5629,Pooja Singh,Los Angeles,CA,Canada
CUST5630,Aditya Reddy,San Antonio,TX,United States
CUST5631,Arjun Kapoor,Jacksonville,FL,Australia
CUST5632,Neha Reddy,Seattle,WA,India
CUST5633,Mohit Gupta,Houston,TX,India
CUST5634,Karan Joshi,Indianapolis,IN,United States
CUST5635,Aarav Sharma,Houston,TX,United States
CUST5636,Sneha Mehta,San Diego,CA,Canada
CUST5637,Aditya Patel,San Antonio,TX,United Kingdom
CUST5638,Aman Singh,San Diego,CA,India
CUST5639,Sneha Mehta,Houston,TX,United States
CUST5640,Priya Singh,Columbus,OH,United States
CUST5641,Vivaan Reddy,New York,NY,United Kingdom
CUST5642,Vivaan Joshi,Austin,TX,Australia
CUST5643,Vivaan Mehta,Jacksonville,FL,India
CUST5644,Kabir Reddy,Columbus,OH,United Kingdom
CUST5645,Simran Kapoor,Indianapolis,IN,India
CUST5646,Vikas Sharma,Indianapolis,IN,India
CUST5647,Kabir Reddy,Philadelphia,PA,United States
CUST5648,Aditya Sharma,San Jose,CA,India
CUST5649,Mohit Reddy,Indianapolis,IN,Canada
CUST5650,Aditya Mehta,Los Angeles,CA,United States
CUST5651,Mohit Reddy,Austin,TX,Australia
CUST5652,Mohit Sharma,San Antonio,TX,Canada
CUST5653,Aman Mehta,New York,NY,United States
CUST5654,Priya Gupta,Austin,TX,United Kingdom
CUST5655,Vivaan Mehta,Austin,TX,Canada
CUST5656,Vikas Gupta,Columbus,OH,India
CUST5657,Aarav Verma,Jacksonville,FL,India
CUST5658,Priya Mehta,Houston,TX,India
CUST5659,Pooja Gupta,Houston,TX,United Kingdom
CUST5660,Aman Kapoor,Chicago,IL,United States
CUST5661,Vihaan Patel,Los Angeles,CA,United States
CUST5662,Simran Kapoor,Indianapolis,IN,United States
CUST5663,Vivaan Patel,Jacksonville,FL,India
CUST5664,Vivaan Gupta,Indianapolis,IN,Canada
CUST5665,Sneha Kumar,San Jose,CA,India
CUST5666,Vikas Kumar,Columbus,OH,Australia
CUST5667,Aman Gupta,San Francisco,CA,India
CUST5668,Ritika Patel,Fort Worth,TX,Australia
CUST5669,Vihaan Mehta,Charlotte,NC,India
CUST5670,Sneha Singh,Houston,TX,United States
CUST5671,Vihaan Verma,Phoenix,AZ,India
CUST5672,Simran Verma,Columbus,OH,Australia
CUST5673,Sahil Sharma,San Diego,CA,India
CUST5674,Kabir Kumar,San Francisco,CA,Canada
CUST5675,Aditya Kumar,Dallas,TX,United States
CUST5676,Vivaan Mehta,Columbus,OH,India
CUST5677,Aman Mehta,San Francisco,CA,Australia
CUST5678,Aarav Sharma,San Jose,CA,India
CUST5679,Ritika Verma,Jacksonville,FL,United Kingdom
CUST5680,Anjali Mehta,New York,NY,United Kingdom
CUST5681,Anjali Joshi,Houston,TX,India
CUST5682,Neha Gupta,Dallas,TX,India
CUST5683,Rohit Mehta,Phoenix,AZ,United Kingdom
CUST5684,Vikas Kapoor,Phoenix,AZ,United States
CUST5685,Aman Kapoor,San Jose,CA,United States
CUST5686,Sahil Gupta,San Francisco,CA,United Kingdom
CUST5687,Sneha Kumar,New York,NY,Canada
CUST5688,Neha Patel,Fort Worth,TX,Australia
CUST5689,Arjun Mehta,San Diego,CA,India
CUST5690,Kabir Kapoor,Austin,TX,India
CUST5691,Aman Singh,Austin,TX,United Kingdom
CUST5692,Simran Gupta,Seattle,WA,India
CUST5693,Sunita Mehta,New York,NY,Australia
CUST5694,Karan Sharma,Phoenix,AZ,United States
CUST5695,Vivaan Kumar,Washington,DC,United States
CUST5696,Rohit Patel,Indianapolis,IN,India
CUST5697,Kabir Verma,Philadelphia,PA,Canada
CUST5698,Aarav Mehta,Washington,DC,Australia
CUST5699,Rohit Verma,Indianapolis,IN,United States
CUST5700,Karan Kapoor,San Antonio,TX,India
CUST5701,Kabir Kumar,New York,NY,India
CUST5702,Aman Gupta,Austin,TX,United States
CUST5703,Anjali Gupta,Dallas,TX,India
CUST5704,Sahil Reddy,Chicago,IL,United States
CUST5705,Vivaan Kumar,Seattle,WA,India
CUST5706,Kabir Verma,Washington,DC,Australia
CUST5707,Aarav Kapoor,Fort Worth,TX,United States
CUST5708,Ritika Singh,Indianapolis,IN,United States
CUST5709,Mohit Mehta,Columbus,OH,United Kingdom
CUST5710,Priya Singh,Fort Worth,TX,United States
CUST5711,Priya Sharma,Denver,CO,Canada
CUST5712,Rohit Verma,Los Angeles,CA,Canada
CUST5713,Karan Mehta,Charlotte,NC,Australia
CUST5714,Ritika Reddy,San Diego,CA,United States
CUST5715,Vivaan Mehta,San Antonio,TX,Australia
CUST5716,Simran Singh,Indianapolis,IN,United States
CUST5717,Sneha Patel,Fort Worth,TX,India
CUST5718,Arjun Reddy,Philadelphia,PA,United States
CUST5719,Sunita Kapoor,Indianapolis,IN,Australia
CUST5720,Pooja Verma,San Francisco,CA,Australia
CUST5721,Ritika Mehta,San Diego,CA,India
CUST5722,Anjali Kapoor,San Diego,CA,Australia
CUST5723,Pooja Kumar,Charlotte,NC,Australia
CUST5724,Pooja Mehta,Denver,CO,Canada
CUST5725,Priya Reddy,Phoenix,AZ,India
CUST5726,Pooja Sharma,Jacksonville,FL,Australia
CUST5727,Sunita Reddy,New York,NY,United States
CUST5728,Kabir Patel,Jacksonville,FL,India
CUST5729,Kabir Gupta,Houston,TX,India
CUST5730,Kabir Verma,Indianapolis,IN,India
CUST5731,Anjali Sharma,San Antonio,TX,India
CUST5732,Simran Mehta,Columbus,OH,India
CUST5733,Mohit Reddy,Fort Worth,TX,Australia
CUST5734,Rohit Kapoor,New York,NY,United Kingdom
CUST5735,Pooja Gupta,Columbus,OH,Canada
CUST5736,Kabir Gupta,Seattle,WA,United Kingdom
CUST5737,Sunita Singh,Philadelphia,PA,India
CUST5738,Arjun Mehta,San Diego,CA,Canada
CUST5739,Kabir Singh,Philadelphia,PA,United States
CUST5740,Sahil Verma,Seattle,WA,United States
CUST5741,Mohit Kapoor,San Jose,CA,United States
CUST5742,Aditya Kumar,Fort Worth,TX,United States
CUST5743,Mohit Kumar,Dallas,TX,United States
CUST5744,Vikas Mehta,Denver,CO,United States
CUST5745,Aman Patel,Fort Worth,TX,United States
CUST5746,Neha Reddy,Phoenix,AZ,United States
CUST5747,Sunita Verma,Chicago,IL,United States
CUST5748,Rohit Kumar,Columbus,OH,United Kingdom
CUST5749,Priya Gupta,Fort Worth,TX,India
CUST5750,Vivaan Verma,Denver,CO,United Kingdom
CUST5751,Sneha Joshi,Dallas,TX,India
CUST5752,Rohit Gupta,San Jose,CA,Canada
CUST5753,Aman Singh,Denver,CO,United Kingdom
CUST5754,Ritika Reddy,Indianapolis,IN,United States
CUST5755,Karan Kumar,Seattle,WA,India
CUST5756,Sahil Kumar,San Francisco,CA,India
CUST5757,Vihaan Reddy,Columbus,OH,Australia
CUST5758,Anjali Mehta,Houston,TX,India
CUST5759,Aarav Patel,San Jose,CA,India
CUST5760,Simran Sharma,Fort Worth,TX,United States
CUST5761,Neha Kapoor,Charlotte,NC,Canada
CUST5762,Anjali Singh,Phoenix,AZ,Canada
CUST5763,Simran Verma,Charlotte,NC,United States
CUST5764,Pooja Mehta,Charlotte,NC,India
CUST5765,Kabir Sharma,San Francisco,CA,United States
CUST5766,Sahil Gupta,San Jose,CA,India
CUST5767,Sahil Gupta,Denver,CO,United States
CUST5768,Pooja Reddy,Philadelphia,PA,India
CUST5769,Priya Kapoor,Indianapolis,IN,United States
CUST5770,Aman Reddy,Los Angeles,CA,India
CUST5771,Aditya Verma,Indianapolis,IN,United States
CUST5772,Vivaan Joshi,New York,NY,India
CUST5773,Neha Kumar,San Francisco,CA,United States
CUST5774,Aarav Kapoor,Denver,CO,United Kingdom
CUST5775,Simran Gupta,Phoenix,AZ,India
CUST5776,Sunita Verma,Austin,TX,India
CUST5777,Kabir Kapoor,Chicago,IL,Canada
CUST5778,Anjali Reddy,Seattle,WA,India
CUST5779,Aarav Mehta,Washington,DC,United States
CUST5780,Vikas Sharma,Seattle,WA,United States
CUST5781,Vikas Mehta,San Diego,CA,United Kingdom
CUST5782,Anjali Joshi,New York,NY,India
CUST5783,Anjali Patel,San Antonio,TX,Australia
CUST5784,Ritika Mehta,Phoenix,AZ,Canada
CUST5785,Sahil Kapoor,Los Angeles,CA,Australia
CUST5786,Vihaan Patel,San Francisco,CA,United States
CUST5787,Pooja Verma,Washington,DC,India
CUST5788,Sneha Patel,Philadelphia,PA,India
CUST5789,Vikas Verma,Columbus,OH,United States
CUST5790,Sneha Reddy,Charlotte,NC,United States
CUST5791,Sunita Patel,Houston,TX,Canada
CUST5792,Pooja Mehta,San Antonio,TX,United Kingdom
CUST5793,Aarav Kapoor,Chicago,IL,United States
CUST5794,Anjali Joshi,Phoenix,AZ,India
CUST5795,Sneha Sharma,Houston,TX,United States
CUST5796,Neha Singh,Indianapolis,IN,India
CUST5797,Aditya Patel,Fort Worth,TX,United States
CUST5798,Rohit Singh,Denver,CO,India
CUST5799,Aarav Kapoor,Houston,TX,Canada
CUST5800,Vihaan Gupta,Columbus,OH,United States
CUST5801,Aditya Sharma,Houston,TX,United States
CUST5802,Vikas Singh,Seattle,WA,United States
CUST5803,Simran Mehta,San Jose,CA,United States
CUST5804,Kabir Reddy,Houston,TX,Australia
CUST5805,Arjun Kumar,Austin,TX,India
CUST5806,Aman Mehta,Los Angeles,CA,United Kingdom
CUST5807,Simran Reddy,San Antonio,TX,United States
CUST5808,Simran Gupta,San Antonio,TX,Canada
CUST5809,Anjali Reddy,Dallas,TX,Canada
CUST5810,Anjali Gupta,San Antonio,TX,United States
CUST5811,Kabir Gupta,Seattle,WA,India
CUST5812,Mohit Reddy,Seattle,WA,United States
CUST5813,Kabir Verma,San Diego,CA,India
CUST5814,Aditya Mehta,Chicago,IL,Canada
CUST5815,Arjun Sharma,Columbus,OH,United States
CUST5816,Arjun Gupta,New York,NY,United States
CUST5817,Aditya Kumar,Washington,DC,India
CUST5818,Arjun Verma,San Francisco,CA,India
CUST5819,Vivaan Reddy,Philadelphia,PA,United Kingdom
CUST5820,Aman Reddy,Denver,CO,India
CUST5821,Kabir Mehta,San Jose,CA,India
CUST5822,Sunita Kapoor,Los Angeles,CA,United States
CUST5823,Sneha Mehta,San Antonio,TX,India
CUST5824,Priya Mehta,Indianapolis,IN,Australia
CUST5825,Arjun Sharma,San Antonio,TX,United States
CUST5826,Vihaan Singh,San Jose,CA,United States
CUST5827,Rohit Verma,Jacksonville,FL,United States
CUST5828,Kabir Verma,Dallas,TX,India
CUST5829,Aarav Verma,Seattle,WA,United States
CUST5830,Aman Kumar,Houston,TX,Australia
CUST5831,Neha Singh,San Jose,CA,India
CUST5832,Rohit Reddy,Washington,DC,United States
CUST5833,Simran Patel,San Antonio,TX,United States
CUST5834,Aarav Reddy,Philadelphia,PA,Australia
CUST5835,Mohit Joshi,Indianapolis,IN,United States
CUST5836,Sunita Reddy,Columbus,OH,India
CUST5837,Aditya Joshi,San Diego,CA,Canada
CUST5838,Mohit Singh,Columbus,OH,United States
CUST5839,Ritika Sharma,Chicago,IL,Canada
CUST5840,Anjali Singh,San Diego,CA,United States
CUST5841,Kabir Verma,Washington,DC,United States
CUST5842,Sahil Singh,Philadelphia,PA,United States
CUST5843,Aditya Joshi,New York,NY,United States
CUST5844,Simran Kumar,Seattle,WA,United States
CUST5845,Mohit Singh,Los Angeles,CA,India
CUST5846,Karan Singh,Philadelphia,PA,United Kingdom
CUST5847,Anjali Kapoor,Phoenix,AZ,Canada
CUST5848,Sneha Singh,Fort Worth,TX,United States
CUST5849,Anjali Patel,Fort Worth,TX,United States
CUST5850,Karan Verma,Fort Worth,TX,United States
CUST5851,Mohit Mehta,San Francisco,CA,India
CUST5852,Priya Kumar,New York,NY,Australia
CUST5853,Neha Kapoor,Denver,CO,India
CUST5854,Vihaan Singh,Los Angeles,CA,India
CUST5855,Simran Verma,Fort Worth,TX,India
CUST5856,Anjali Kumar,Houston,TX,United States
CUST5857,Neha Patel,Houston,TX,United States
CUST5858,Sneha Singh,Austin,TX,Canada
CUST5859,Vikas Mehta,Philadelphia,PA,Australia
CUST5860,Pooja Reddy,Seattle,WA,United Kingdom
CUST5861,Aman Reddy,Phoenix,AZ,United States
CUST5862,Vikas Singh,Columbus,OH,Australia
CUST5863,Sunita Sharma,Houston,TX,United Kingdom
CUST5864,Priya Kumar,Phoenix,AZ,United States
CUST5865,Ritika Kapoor,Chicago,IL,United States
CUST5866,Arjun Kapoor,Houston,TX,United Kingdom
CUST5867,Vikas Sharma,San Jose,CA,United States
CUST5868,Rohit Joshi,San Antonio,TX,Canada
CUST5869,Rohit Sharma,San Diego,CA,United States
CUST5870,Aarav Kapoor,San Francisco,CA,United States
CUST5871,Aditya Kumar,Austin,TX,United States
CUST5872,Ritika Joshi,Jacksonville,FL,India
CUST5873,Aditya Kapoor,San Antonio,TX,India
CUST5874,Arjun Singh,Columbus,OH,India
CUST5875,Vihaan Verma,Denver,CO,United Kingdom
CUST5876,Vihaan Singh,Charlotte,NC,Canada
CUST5877,Vihaan Kapoor,Phoenix,AZ,Canada
CUST5878,Sneha Kumar,Jacksonville,FL,India
CUST5879,Ritika Kumar,Dallas,TX,Australia
CUST5880,Karan Mehta,San Antonio,TX,United Kingdom
CUST5881,Sahil Sharma,Chicago,IL,United Kingdom
CUST5882,Mohit Joshi,San Diego,CA,India
CUST5883,Priya Reddy,Indianapolis,IN,India
CUST5884,Vihaan Singh,Charlotte,NC,United Kingdom
CUST5885,Priya Sharma,Los Angeles,CA,United Kingdom
CUST5886,Aman Singh,New York,NY,United States
CUST5887,Anjali Sharma,Los Angeles,CA,Australia
CUST5888,Kabir Gupta,San Diego,CA,Australia
CUST5889,Aditya Sharma,New York,NY,United Kingdom
CUST5890,Kabir Patel,Philadelphia,PA,Australia
CUST5891,Simran Verma,Indianapolis,IN,United States
CUST5892,Arjun Gupta,San Antonio,TX,United States
CUST5893,Anjali Reddy,Jacksonville,FL,India
CUST5894,Priya Singh,New York,NY,United States
CUST5895,Arjun Joshi,San Francisco,CA,Canada
CUST5896,Vivaan Mehta,Denver,CO,United States
CUST5897,Vihaan Patel,Philadelphia,PA,India
CUST5898,Kabir Singh,Houston,TX,India
CUST5899,Pooja Sharma,New York,NY,India
CUST5900,Simran Verma,Phoenix,AZ,United States
CUST5901,Karan Kumar,Los Angeles,CA,United States
CUST5902,Arjun Singh,Seattle,WA,United Kingdom
CUST5903,Karan Singh,San Diego,CA,United Kingdom
CUST5904,Sneha Gupta,Seattle,WA,Canada
CUST5905,Vivaan Verma,San Jose,CA,India
CUST5906,Sunita Gupta,Los Angeles,CA,United States
CUST5907,Sahil Sharma,Charlotte,NC,India
CUST5908,Aman Verma,Washington,DC,United States
CUST5909,Vihaan Singh,Dallas,TX,Canada
CUST5910,Vivaan Joshi,Philadelphia,PA,India
CUST5911,Sneha Patel,Jacksonville,FL,United States
CUST5912,Aditya Sharma,San Jose,CA,United States
CUST5913,Rohit Mehta,San Antonio,TX,United States
CUST5914,Mohit Verma,Dallas,TX,United States
CUST5915,Karan Kapoor,San Diego,CA,India
CUST5916,Pooja Joshi,Fort Worth,TX,India
CUST5917,Aarav Patel,Charlotte,NC,Australia
CUST5918,Kabir Mehta,Philadelphia,PA,Canada
CUST5919,Neha Sharma,Denver,CO,India
CUST5920,Simran Kapoor,Dallas,TX,Canada
CUST5921,Neha Joshi,San Antonio,TX,India
CUST5922,Pooja Kapoor,Chicago,IL,Australia
CUST5923,Sahil Verma,Austin,TX,Australia
CUST5924,Kabir Reddy,San Antonio,TX,United States
CUST5925,Vivaan Kapoor,Seattle,WA,United Kingdom
CUST5926,Kabir Reddy,San Antonio,TX,India
CUST5927,Aditya Kumar,San Francisco,CA,United States
CUST5928,Simran Verma,Jacksonville,FL,India
CUST5929,Karan Mehta,Houston,TX,Australia
CUST5930,Priya Verma,Seattle,WA,United States
CUST5931,Karan Mehta,Chicago,IL,United States
CUST5932,Mohit Patel,San Jose,CA,India
CUST5933,Rohit Reddy,Seattle,WA,Australia
CUST5934,Ritika Verma,Dallas,TX,India
CUST5935,Aarav Verma,San Francisco,CA,United States
CUST5936,Pooja Singh,San Jose,CA,United States
CUST5937,Simran Sharma,Phoenix,AZ,Australia
CUST5938,Sahil Singh,Indianapolis,IN,United Kingdom
CUST5939,Vihaan Verma,Indianapolis,IN,United States
CUST5940,Mohit Sharma,Washington,DC,Canada
CUST5941,Pooja Verma,Austin,TX,United States
CUST5942,Sahil Verma,San Diego,CA,United States
CUST5943,Kabir Kapoor,San Diego,CA,United Kingdom
CUST5944,Simran Singh,Chicago,IL,United Kingdom
CUST5945,Vihaan Verma,San Diego,CA,United States
CUST5946,Simran Sharma,Seattle,WA,Canada
CUST5947,Aman Kumar,San Jose,CA,Canada
CUST5948,Sahil Singh,San Antonio,TX,India
CUST5949,Neha Patel,Dallas,TX,United Kingdom
CUST5950,Sunita Kapoor,Fort Worth,TX,Canada
CUST5951,Aditya Verma,Dallas,TX,India
CUST5952,Mohit Reddy,San Diego,CA,United States
CUST5953,Pooja Sharma,Phoenix,AZ,United States
CUST5954,Ritika Patel,San Antonio,TX,United States
CUST5955,Ritika Mehta,Fort Worth,TX,Canada
CUST5956,Karan Sharma,Chicago,IL,United States
CUST5957,Sneha Singh,Los Angeles,CA,United States
CUST5958,Sahil Reddy,San Francisco,CA,United States
CUST5959,Karan Gupta,Jacksonville,FL,United States
CUST5960,Kabir Mehta,Philadelphia,PA,Australia
CUST5961,Sunita Reddy,Denver,CO,India
CUST5962,Sneha Gupta,San Francisco,CA,United States
CUST5963,Aarav Singh,Denver,CO,United States
CUST5964,Vihaan Mehta,New York,NY,United States
CUST5965,Arjun Singh,Los Angeles,CA,United States
CUST5966,Kabir Sharma,Los Angeles,CA,India
CUST5967,Karan Singh,Phoenix,AZ,Australia
CUST5968,Aditya Verma,Seattle,WA,United States
CUST5969,Priya Verma,Philadelphia,PA,United States
CUST5970,Vikas Kapoor,Seattle,WA,United States
CUST5971,Mohit Kumar,Chicago,IL,India
CUST5972,Sneha Kumar,Seattle,WA,Australia
CUST5973,Aman Verma,Indianapolis,IN,India
CUST5974,Arjun Gupta,Columbus,OH,Canada
CUST5975,Vihaan Kapoor,Phoenix,AZ,United States
CUST5976,Anjali Sharma,Los Angeles,CA,United States
CUST5977,Pooja Sharma,Seattle,WA,Australia
CUST5978,Neha Joshi,San Diego,CA,India
CUST5979,Aditya Reddy,San Jose,CA,India
CUST5980,Kabir Reddy,Phoenix,AZ,United Kingdom
CUST5981,Vivaan Reddy,Dallas,TX,United States
CUST5982,Sunita Joshi,Fort Worth,TX,Australia
CUST5983,Pooja Mehta,San Antonio,TX,India
CUST5984,Aman Verma,San Francisco,CA,United States
CUST5985,Sneha Patel,San Jose,CA,India
CUST5986,Karan Kapoor,San Jose,CA,India
CUST5987,Priya Reddy,Chicago,IL,United States
CUST5988,Priya Verma,Philadelphia,PA,India
CUST5989,Anjali Patel,Charlotte,NC,Australia
CUST5990,Sunita Sharma,Denver,CO,United States
CUST5991,Aditya Mehta,New York,NY,India
CUST5992,Vivaan Kumar,New York,NY,India
CUST5993,Kabir Reddy,San Diego,CA,United States
CUST5994,Rohit Mehta,Indianapolis,IN,United States
CUST5995,Anjali Kumar,Washington,DC,United States
CUST5996,Vihaan Reddy,Philadelphia,PA,United Kingdom
CUST5997,Kabir Sharma,Charlotte,NC,United States
CUST5998,Ritika Gupta,Philadelphia,PA,United States
CUST5999,Anjali Mehta,Denver,CO,India
CUST6000,Aarav Gupta,Jacksonville,FL,Canada
CUST6001,Ritika Joshi,Chicago,IL,United States
CUST6002,Arjun Singh,Austin,TX,Canada
CUST6003,Arjun Gupta,Columbus,OH,United States
CUST6004,Karan Joshi,Washington,DC,India
CUST6005,Sunita Singh,Columbus,OH,Canada
CUST6006,Anjali Kapoor,San Antonio,TX,Canada
CUST6007,Aditya Mehta,Washington,DC,United States
CUST6008,Aarav Verma,Seattle,WA,India
CUST6009,Pooja Verma,Charlotte,NC,India
CUST6010,Aman Gupta,Dallas,TX,United States
CUST6011,Sahil Reddy,Charlotte,NC,India
CUST6012,Aman Mehta,Seattle,WA,United States
CUST6013,Neha Joshi,Seattle,WA,India
CUST6014,Sahil Singh,Charlotte,NC,India
CUST6015,Kabir Patel,Charlotte,NC,United States
CUST6016,Pooja Joshi,Columbus,OH,United States
CUST6017,Sneha Mehta,Phoenix,AZ,United States
CUST6018,Vivaan Joshi,San Jose,CA,United States
CUST6019,Mohit Patel,Charlotte,NC,United States
CUST6020,Mohit Gupta,Indianapolis,IN,United States
CUST6021,Sahil Kumar,Philadelphia,PA,Canada
CUST6022,Aman Patel,Austin,TX,United Kingdom
CUST6023,Simran Patel,San Jose,CA,United States
CUST6024,Arjun Kumar,Washington,DC,United States
CUST6025,Arjun Kumar,Chicago,IL,United States
CUST6026,Priya Reddy,Washington,DC,India
CUST6027,Simran Joshi,Denver,CO,United States
CUST6028,Sneha Gupta,Phoenix,AZ,United States
CUST6029,Rohit Reddy,Fort Worth,TX,Australia
CUST6030,Aarav Reddy,Columbus,OH,India
CUST6031,Rohit Sharma,Houston,TX,India
CUST6032,Sneha Patel,Columbus,OH,India
CUST6033,Kabir Kumar,Houston,TX,Australia
CUST6034,Anjali Kumar,San Jose,CA,United States
CUST6035,Priya Sharma,Washington,DC,United Kingdom
CUST6036,Aman Verma,Los Angeles,CA,India
CUST6037,Priya Reddy,Denver,CO,India
CUST6038,Vikas Singh,Washington,DC,Canada
CUST6039,Pooja Patel,San Francisco,CA,India
CUST6040,Sahil Patel,Houston,TX,India
CUST6041,Sahil Verma,Seattle,WA,United Kingdom
CUST6042,Sahil Joshi,Columbus,OH,India
CUST6043,Arjun Kapoor,Chicago,IL,United States
CUST6044,Mohit Reddy,Philadelphia,PA,India
CUST6045,Arjun Verma,Charlotte,NC,Australia
CUST6046,Sahil Joshi,Los Angeles,CA,United Kingdom
CUST6047,Aarav Mehta,Dallas,TX,United States
CUST6048,Rohit Singh,Jacksonville,FL,India
CUST6049,Aman Reddy,Fort Worth,TX,United States
CUST6050,Vihaan Sharma,Charlotte,NC,United States
CUST6051,Aarav Verma,San Antonio,TX,United States
CUST6052,Sunita Verma,Dallas,TX,India
CUST6053,Sahil Joshi,Dallas,TX,United Kingdom
CUST6054,Aditya Gupta,Jacksonville,FL,United Kingdom
CUST6055,Ritika Reddy,New York,NY,United States
CUST6056,Vivaan Joshi,Fort Worth,TX,United States
CUST6057,Pooja Mehta,San Diego,CA,Australia
CUST6058,Sahil Singh,Chicago,IL,Australia
CUST6059,Rohit Patel,Los Angeles,CA,United States
CUST6060,Aarav Joshi,New York,NY,Canada
CUST6061,Sunita Singh,Columbus,OH,India
CUST6062,Aarav Patel,Jacksonville,FL,United States
CUST6063,Anjali Sharma,San Francisco,CA,United States
CUST6064,Karan Mehta,San Diego,CA,India
CUST6065,Aarav Mehta,Washington,DC,United Kingdom
CUST6066,Sahil Patel,Philadelphia,PA,United States
CUST6067,Kabir Kapoor,Phoenix,AZ,United States
CUST6068,Aarav Patel,Fort Worth,TX,United States
CUST6069,Sahil Kapoor,Dallas,TX,United States
CUST6070,Sunita Singh,Seattle,WA,India
CUST6071,Aman Kumar,Dallas,TX,Australia
CUST6072,Kabir Verma,Chicago,IL,India
CUST6073,Vikas Joshi,Houston,TX,United States
CUST6074,Simran Mehta,Jacksonville,FL,Canada
CUST6075,Sneha Singh,New York,NY,United States
CUST6076,Arjun Mehta,Washington,DC,India
CUST6077,Priya Verma,San Antonio,TX,United States
CUST6078,Sahil Sharma,Phoenix,AZ,Canada
CUST6079,Simran Gupta,Chicago,IL,United States
CUST6080,Aditya Singh,Dallas,TX,United States
CUST6081,Vihaan Reddy,Columbus,OH,United States
CUST6082,Arjun Kapoor,Los Angeles,CA,India
CUST6083,Vivaan Gupta,Dallas,TX,United Kingdom
CUST6084,Arjun Verma,Philadelphia,PA,United Kingdom
CUST6085,Sahil Patel,New York,NY,United Kingdom
CUST6086,Sneha Patel,New York,NY,United States
CUST6087,Vivaan Joshi,Chicago,IL,India
CUST6088,Neha Singh,Chicago,IL,Canada
CUST6089,Aman Singh,Philadelphia,PA,India
CUST6090,Anjali Gupta,San Diego,CA,Canada
CUST6091,Mohit Singh,San Diego,CA,India
CUST6092,Sneha Verma,Washington,DC,United States
CUST6093,Sahil Patel,Austin,TX,India
CUST6094,Vikas Reddy,Chicago,IL,India
CUST6095,Vikas Sharma,Los Angeles,CA,United Kingdom
CUST6096,Aditya Sharma,Seattle,WA,United States
CUST6097,Vikas Kumar,Washington,DC,United States
CUST6098,Ritika Gupta,San Francisco,CA,United States
CUST6099,Sahil Patel,Seattle,WA,United States
CUST6100,Karan Kapoor,Houston,TX,United States
CUST6101,Rohit Mehta,Denver,CO,India
CUST6102,Kabir Gupta,Dallas,TX,United States
CUST6103,Pooja Joshi,Columbus,OH,India
CUST6104,Priya Reddy,San Diego,CA,United Kingdom
CUST6105,Pooja Patel,Seattle,WA,United States
CUST6106,Vivaan Singh,Dallas,TX,Australia
CUST6107,Vikas Reddy,Los Angeles,CA,United States
CUST6108,Sneha Singh,Philadelphia,PA,India
CUST6109,Pooja Reddy,San Francisco,CA,Canada
CUST6110,Arjun Mehta,Seattle,WA,United States
CUST6111,Vivaan Mehta,Philadelphia,PA,India
CUST6112,Sneha Gupta,Los Angeles,CA,India
CUST6113,Sahil Gupta,Fort Worth,TX,United States
CUST6114,Mohit Patel,Columbus,OH,India
CUST6115,Priya Mehta,Austin,TX,Canada
CUST6116,Arjun Reddy,San Antonio,TX,Canada
CUST6117,Vivaan Patel,Denver,CO,India
CUST6118,Simran Joshi,Charlotte,NC,India
CUST6119,Simran Kapoor,Fort Worth,TX,United States
CUST6120,Rohit Kapoor,Fort Worth,TX,United States
CUST6121,Kabir Sharma,Columbus,OH,United States
CUST6122,Priya Joshi,Charlotte,NC,Canada
CUST6123,Sunita Sharma,Dallas,TX,India
CUST6124,Mohit Singh,Houston,TX,United States
CUST6125,Pooja Verma,San Jose,CA,Canada
CUST6126,Mohit Sharma,New York,NY,India
CUST6127,Simran Kumar,San Jose,CA,India
CUST6128,Kabir Reddy,New York,NY,United States
CUST6129,Ritika Patel,New York,NY,India
CUST6130,Rohit Gupta,Philadelphia,PA,Australia
CUST6131,Ritika Verma,Chicago,IL,United Kingdom
CUST6132,Vikas Singh,Dallas,TX,United States
CUST6133,Aditya Reddy,New York,NY,India
CUST6134,Kabir Singh,Charlotte,NC,Canada
CUST6135,Anjali Singh,Seattle,WA,India
CUST6136,Sunita Verma,Phoenix,AZ,Australia
CUST6137,Vivaan Sharma,New York,NY,United States
CUST6138,Ritika Kapoor,Dallas,TX,India
CUST6139,Aarav Sharma,Phoenix,AZ,India
CUST6140,Pooja Sharma,San Jose,CA,United States
CUST6141,Sunita Singh,Phoenix,AZ,United States
CUST6142,Mohit Patel,Houston,TX,India
CUST6143,Sunita Singh,Indianapolis,IN,Australia
CUST6144,Priya Verma,Denver,CO,United States
CUST6145,Simran Reddy,Austin,TX,United Kingdom
CUST6146,Sneha Gupta,San Jose,CA,India
CUST6147,Anjali Verma,Houston,TX,India
CUST6148,Vivaan Kapoor,Washington,DC,India
CUST6149,Aarav Gupta,Seattle,WA,Canada
CUST6150,Sahil Reddy,Columbus,OH,Canada
CUST6151,Arjun Joshi,Phoenix,AZ,Canada
CUST6152,Aman Singh,Los Angeles,CA,India
CUST6153,Vihaan Kapoor,Washington,DC,United States
CUST6154,Vikas Reddy,Philadelphia,PA,United States
CUST6155,Ritika Joshi,Phoenix,AZ,United States
CUST6156,Aarav Patel,Denver,CO,Australia
CUST6157,Vihaan Reddy,San Francisco,CA,United States
CUST6158,Sahil Patel,Philadelphia,PA,Canada
CUST6159,Neha Singh,Austin,TX,United States
CUST6160,Anjali Kumar,San Diego,CA,India
CUST6161,Neha Reddy,San Diego,CA,Canada
CUST6162,Arjun Singh,San Jose,CA,India
CUST6163,Neha Singh,Los Angeles,CA,Canada
CUST6164,Rohit Kapoor,San Diego,CA,United States
CUST6165,Priya Reddy,Jacksonville,FL,United Kingdom
CUST6166,Pooja Kumar,Columbus,OH,United States
CUST6167,Karan Patel,Dallas,TX,Canada
CUST6168,Rohit Sharma,Jacksonville,FL,United Kingdom
CUST6169,Aditya Mehta,Philadelphia,PA,United States
CUST6170,Aarav Sharma,Denver,CO,India
CUST6171,Aman Kumar,New York,NY,United States
CUST6172,Vihaan Sharma,Philadelphia,PA,United Kingdom
CUST6173,Pooja Kumar,San Antonio,TX,United States
CUST6174,Aarav Reddy,Austin,TX,United Kingdom
CUST6175,Vivaan Patel,Fort Worth,TX,India
CUST6176,Sunita Patel,Washington,DC,Australia
CUST6177,Priya Gupta,San Jose,CA,India
CUST6178,Priya Kapoor,Chicago,IL,United States
CUST6179,Vikas Sharma,Seattle,WA,India
CUST6180,Priya Kapoor,Houston,TX,India
CUST6181,Sunita Singh,San Jose,CA,United Kingdom
CUST6182,Simran Kumar,Chicago,IL,United States
CUST6183,Rohit Mehta,San Jose,CA,United States
CUST6184,Vihaan Kapoor,New York,NY,India
CUST6185,Karan Singh,Houston,TX,India
CUST6186,Aditya Kapoor,Austin,TX,India
CUST6187,Anjali Kumar,San Francisco,CA,United States
CUST6188,Arjun Gupta,San Francisco,CA,India
CUST6189,Simran Singh,San Francisco,CA,India
CUST6190,Aditya Patel,Los Angeles,CA,United Kingdom
CUST6191,Aman Joshi,Indianapolis,IN,India
CUST6192,Vikas Joshi,Dallas,TX,Australia
CUST6193,Sunita Kapoor,Seattle,WA,United States
CUST6194,Pooja Patel,Houston,TX,United States
CUST6195,Vikas Kapoor,Houston,TX,United States
CUST6196,Pooja Singh,Dallas,TX,Canada
CUST6197,Ritika Patel,Denver,CO,United States
CUST6198,Aman Verma,Washington,DC,Canada
CUST6199,Anjali Singh,Columbus,OH,India
CUST6200,Arjun Patel,Columbus,OH,India
CUST6201,Vikas Kapoor,Dallas,TX,United Kingdom
CUST6202,Vivaan Gupta,Washington,DC,India
CUST6203,Mohit Mehta,New York,NY,India
CUST6204,Vihaan Sharma,San Antonio,TX,Australia
CUST6205,Aarav Reddy,Washington,DC,India
CUST6206,Vikas Reddy,Columbus,OH,United States
CUST6207,Simran Verma,Seattle,WA,India
CUST6208,Anjali Singh,San Jose,CA,United States
CUST6209,Karan Reddy,Seattle,WA,India
CUST6210,Simran Gupta,San Francisco,CA,United States
CUST6211,Pooja Joshi,San Diego,CA,United States
CUST6212,Neha Kumar,Washington,DC,United Kingdom
CUST6213,Aman Mehta,Charlotte,NC,Canada
CUST6214,Simran Sharma,San Antonio,TX,United States
CUST6215,Arjun Joshi,Phoenix,AZ,United Kingdom
CUST6216,Simran Kumar,Houston,TX,United States
CUST6217,Vihaan Mehta,Denver,CO,Australia
CUST6218,Vihaan Kumar,Washington,DC,United States
CUST6219,Arjun Reddy,Houston,TX,United States
CUST6220,Sunita Singh,Denver,CO,Canada
CUST6221,Vikas Singh,Columbus,OH,United States
CUST6222,Mohit Singh,Los Angeles,CA,United States
CUST6223,Kabir Kumar,Phoenix,AZ,United States
CUST6224,Aman Kapoor,Denver,CO,India
CUST6225,Aarav Gupta,San Diego,CA,United Kingdom
CUST6226,Sneha Patel,Chicago,IL,United States
CUST6227,Sneha Mehta,Charlotte,NC,United States
CUST6228,Sunita Verma,Austin,TX,Canada
CUST6229,Aarav Joshi,San Jose,CA,India
CUST6230,Sunita Verma,Phoenix,AZ,India
CUST6231,Karan Gupta,Washington,DC,India
CUST6232,Sunita Joshi,Columbus,OH,Canada
CUST6233,Rohit Patel,Charlotte,NC,United States
CUST6234,Rohit Kumar,San Diego,CA,Canada
CUST6235,Mohit Reddy,Charlotte,NC,India
CUST6236,Ritika Singh,Phoenix,AZ,Canada
CUST6237,Anjali Kumar,Phoenix,AZ,United States
CUST6238,Sunita Kumar,San Jose,CA,United States
CUST6239,Sahil Sharma,New York,NY,United States
CUST6240,Neha Gupta,Indianapolis,IN,India
CUST6241,Vihaan Kumar,San Francisco,CA,United States
CUST6242,Anjali Singh,Phoenix,AZ,United States
CUST6243,Aarav Verma,San Antonio,TX,India
CUST6244,Sneha Mehta,Philadelphia,PA,United Kingdom
CUST6245,Mohit Mehta,Denver,CO,United Kingdom
CUST6246,Anjali Gupta,Seattle,WA,India
CUST6247,Pooja Kapoor,Fort Worth,TX,United States
CUST6248,Aditya Kapoor,Jacksonville,FL,India
CUST6249,Karan Gupta,Denver,CO,India
CUST6250,Rohit Kapoor,Jacksonville,FL,India
CUST6251,Anjali Joshi,Chicago,IL,Canada
CUST6252,Aarav Gupta,Philadelphia,PA,India
CUST6253,Mohit Mehta,San Antonio,TX,United Kingdom
CUST6254,Arjun Gupta,Washington,DC,India
CUST6255,Aditya Kumar,Philadelphia,PA,Canada
CUST6256,Ritika Kumar,Washington,DC,Australia
CUST6257,Vivaan Kapoor,Los Angeles,CA,United States
CUST6258,Neha Joshi,San Jose,CA,United Kingdom
CUST6259,Sneha Verma,Houston,TX,United States
CUST6260,Sunita Sharma,San Francisco,CA,United States
CUST6261,Simran Patel,Washington,DC,Australia
CUST6262,Karan Patel,San Francisco,CA,Australia
CUST6263,Sneha Kumar,Columbus,OH,Canada
CUST6264,Ritika Gupta,Denver,CO,Canada
CUST6265,Aarav Reddy,Chicago,IL,India
CUST6266,Ritika Patel,San Diego,CA,United States
CUST6267,Mohit Kumar,Denver,CO,United States
CUST6268,Vivaan Singh,San Antonio,TX,United Kingdom
CUST6269,Vihaan Kapoor,San Diego,CA,India
CUST6270,Neha Mehta,Denver,CO,India
CUST6271,Priya Kapoor,San Francisco,CA,India
CUST6272,Simran Kapoor,Denver,CO,India
CUST6273,Rohit Mehta,Seattle,WA,United States
CUST6274,Vikas Mehta,Philadelphia,PA,Canada
CUST6275,Aarav Mehta,New York,NY,United States
CUST6276,Sneha Patel,Philadelphia,PA,Canada
CUST6277,Anjali Kumar,Chicago,IL,United States
CUST6278,Simran Joshi,Columbus,OH,India
CUST6279,Sunita Patel,Dallas,TX,Canada
CUST6280,Priya Mehta,San Antonio,TX,Australia
CUST6281,Pooja Verma,San Diego,CA,Canada
CUST6282,Priya Kapoor,Fort Worth,TX,India
CUST6283,Ritika Kapoor,Fort Worth,TX,United States
CUST6284,Kabir Kumar,Houston,TX,United States
CUST6285,Pooja Gupta,Denver,CO,United States
CUST6286,Priya Kumar,San Diego,CA,India
CUST6287,Ritika Gupta,Jacksonville,FL,India
CUST6288,Sahil Singh,San Jose,CA,United States
CUST6289,Anjali Reddy,Houston,TX,United States
CUST6290,Kabir Joshi,San Jose,CA,Canada
CUST6291,Vivaan Singh,San Diego,CA,United States
CUST6292,Vihaan Joshi,Los Angeles,CA,India
CUST6293,Rohit Gupta,Phoenix,AZ,United Kingdom
CUST6294,Karan Patel,Austin,TX,India
CUST6295,Sneha Sharma,Charlotte,NC,India
CUST6296,Pooja Kapoor,Seattle,WA,India
CUST6297,Sunita Verma,Philadelphia,PA,India
CUST6298,Vihaan Singh,Denver,CO,Canada
CUST6299,Vihaan Kumar,Charlotte,NC,United States
CUST6300,Simran Patel,Austin,TX,Canada
CUST6301,Sunita Patel,Seattle,WA,United Kingdom
CUST6302,Sunita Kumar,Indianapolis,IN,India
CUST6303,Sahil Gupta,Houston,TX,United Kingdom
CUST6304,Rohit Gupta,Los Angeles,CA,United States
CUST6305,Vivaan Kumar,Philadelphia,PA,India
CUST6306,Vivaan Kumar,San Francisco,CA,Canada
CUST6307,Mohit Gupta,Philadelphia,PA,United States
CUST6308,Simran Kapoor,Denver,CO,United States
CUST6309,Pooja Mehta,Austin,TX,United Kingdom
CUST6310,Anjali Sharma,Dallas,TX,United Kingdom
CUST6311,Mohit Reddy,Denver,CO,India
CUST6312,Kabir Gupta,San Jose,CA,India
CUST6313,Anjali Singh,Chicago,IL,Australia
CUST6314,Ritika Verma,Chicago,IL,United States
CUST6315,Aarav Kumar,San Antonio,TX,United States
CUST6316,Aarav Kumar,Seattle,WA,India
CUST6317,Vihaan Mehta,Austin,TX,United Kingdom
CUST6318,Rohit Sharma,Fort Worth,TX,United States
CUST6319,Aditya Singh,Dallas,TX,United Kingdom
CUST6320,Sahil Gupta,Phoenix,AZ,United States
CUST6321,Aarav Verma,Denver,CO,Canada
CUST6322,Vikas Sharma,Charlotte,NC,United States
CUST6323,Anjali Gupta,Fort Worth,TX,India
CUST6324,Sneha Reddy,New York,NY,India
CUST6325,Neha Singh,San Jose,CA,Canada
CUST6326,Anjali Reddy,Chicago,IL,India
CUST6327,Sunita Mehta,Phoenix,AZ,Australia
CUST6328,Rohit Joshi,San Francisco,CA,India
CUST6329,Mohit Verma,Houston,TX,United States
CUST6330,Vihaan Reddy,Phoenix,AZ,Canada
CUST6331,Vikas Reddy,Phoenix,AZ,Canada
CUST6332,Karan Kapoor,San Diego,CA,United Kingdom
CUST6333,Vivaan Kumar,San Diego,CA,Australia
CUST6334,Kabir Gupta,San Antonio,TX,United States
CUST6335,Kabir Patel,Fort Worth,TX,United States
CUST6336,Vihaan Joshi,Chicago,IL,United Kingdom
CUST6337,Mohit Singh,New York,NY,Canada
CUST6338,Neha Mehta,Washington,DC,United States
CUST6339,Simran Singh,Columbus,OH,United Kingdom
CUST6340,Aarav Reddy,Los Angeles,CA,Canada
CUST6341,Neha Reddy,New York,NY,Canada
CUST6342,Anjali Kumar,Chicago,IL,United Kingdom
CUST6343,Pooja Kapoor,Philadelphia,PA,United States
CUST6344,Mohit Mehta,San Francisco,CA,United States
CUST6345,Karan Kumar,San Diego,CA,United Kingdom
CUST6346,Mohit Joshi,Austin,TX,Canada
CUST6347,Anjali Singh,Los Angeles,CA,India
CUST6348,Aditya Mehta,Charlotte,NC,India
CUST6349,Arjun Kapoor,Houston,TX,Australia
CUST6350,Aditya Patel,Los Angeles,CA,United States
CUST6351,Anjali Kapoor,Charlotte,NC,United Kingdom
CUST6352,Sunita Kumar,New York,NY,United States
CUST6353,Aman Sharma,Fort Worth,TX,United Kingdom
CUST6354,Sneha Reddy,New York,NY,United States
CUST6355,Vivaan Sharma,Houston,TX,India
CUST6356,Sahil Kumar,Charlotte,NC,Canada
CUST6357,Mohit Verma,Charlotte,NC,India
CUST6358,Arjun Verma,Chicago,IL,United States
CUST6359,Mohit Verma,Seattle,WA,Canada
CUST6360,Arjun Mehta,Austin,TX,India
CUST6361,Sahil Mehta,San Diego,CA,India
CUST6362,Sahil Joshi,Phoenix,AZ,United Kingdom
CUST6363,Aarav Verma,Fort Worth,TX,United States
CUST6364,Sahil Sharma,Washington,DC,India
CUST6365,Aarav Sharma,San Diego,CA,United States
CUST6366,Ritika Reddy,Phoenix,AZ,India
CUST6367,Aman Patel,San Diego,CA,India
CUST6368,Priya Mehta,Los Angeles,CA,India
CUST6369,Vihaan Kapoor,San Diego,CA,United Kingdom
CUST6370,Arjun Singh,San Antonio,TX,India
CUST6371,Mohit Kapoor,Denver,CO,India
CUST6372,Vihaan Verma,San Antonio,TX,United Kingdom
CUST6373,Simran Singh,San Antonio,TX,United Kingdom
CUST6374,Karan Kapoor,Indianapolis,IN,United States
CUST6375,Aarav Sharma,San Francisco,CA,India
CUST6376,Karan Mehta,Phoenix,AZ,United States
CUST6377,Rohit Singh,Philadelphia,PA,United States
CUST6378,Sahil Patel,New York,NY,India
CUST6379,Rohit Reddy,San Jose,CA,India
CUST6380,Vihaan Sharma,Phoenix,AZ,Canada
CUST6381,Pooja Kumar,Jacksonville,FL,United States
CUST6382,Aman Kumar,Denver,CO,Australia
CUST6383,Sahil Sharma,Houston,TX,India
CUST6384,Mohit Mehta,San Diego,CA,India
CUST6385,Vivaan Sharma,Phoenix,AZ,United States
CUST6386,Aman Kapoor,Indianapolis,IN,Canada
CUST6387,Sunita Kumar,Philadelphia,PA,United States
CUST6388,Rohit Joshi,San Antonio,TX,United Kingdom
CUST6389,Aman Patel,Washington,DC,United States
CUST6390,Vihaan Reddy,Seattle,WA,United Kingdom
CUST6391,Sunita Singh,Jacksonville,FL,India
CUST6392,Rohit Singh,San Francisco,CA,United Kingdom
CUST6393,Vihaan Reddy,San Antonio,TX,United States
CUST6394,Vikas Singh,Phoenix,AZ,India
CUST6395,Vivaan Mehta,Phoenix,AZ,United Kingdom
CUST6396,Mohit Sharma,Los Angeles,CA,Australia
CUST6397,Kabir Singh,San Jose,CA,India
CUST6398,Aman Verma,Seattle,WA,United States
CUST6399,Vikas Kapoor,Washington,DC,India
CUST6400,Karan Kapoor,Denver,CO,United Kingdom
CUST6401,Sahil Kumar,San Antonio,TX,United Kingdom
CUST6402,Sunita Reddy,San Jose,CA,India
CUST6403,Sunita Singh,Denver,CO,United Kingdom
CUST6404,Simran Kumar,Columbus,OH,United Kingdom
CUST6405,Aarav Joshi,Philadelphia,PA,Australia
CUST6406,Priya Singh,Chicago,IL,United Kingdom
CUST6407,Aarav Joshi,Charlotte,NC,United States
CUST6408,Arjun Kapoor,Fort Worth,TX,United States
CUST6409,Ritika Gupta,Los Angeles,CA,Canada
CUST6410,Aditya Joshi,Dallas,TX,United States
CUST6411,Sunita Joshi,Austin,TX,India
CUST6412,Aarav Reddy,Denver,CO,United Kingdom
CUST6413,Kabir Joshi,New York,NY,United States
CUST6414,Pooja Reddy,Columbus,OH,India
CUST6415,Aditya Reddy,San Jose,CA,Australia
CUST6416,Rohit Mehta,Indianapolis,IN,Canada
CUST6417,Sunita Gupta,Austin,TX,United States
CUST6418,Aarav Gupta,New York,NY,Canada
CUST6419,Mohit Reddy,Charlotte,NC,United States
CUST6420,Vivaan Sharma,Charlotte,NC,United Kingdom
CUST6421,Aman Verma,Indianapolis,IN,United Kingdom
CUST6422,Ritika Reddy,San Jose,CA,United States
CUST6423,Anjali Joshi,San Diego,CA,Australia
CUST6424,Sahil Kumar,Los Angeles,CA,India
CUST6425,Kabir Kapoor,Seattle,WA,India
CUST6426,Vikas Mehta,Los Angeles,CA,Canada
CUST6427,Sneha Sharma,San Diego,CA,United Kingdom
CUST6428,Vikas Mehta,San Diego,CA,Australia
CUST6429,Vihaan Reddy,Dallas,TX,United Kingdom
CUST6430,Pooja Kapoor,Indianapolis,IN,United Kingdom
CUST6431,Rohit Joshi,San Diego,CA,India
CUST6432,Karan Joshi,Charlotte,NC,United Kingdom
CUST6433,Aman Joshi,Denver,CO,India
CUST6434,Karan Patel,San Jose,CA,United States
CUST6435,Kabir Kapoor,San Antonio,TX,Canada
CUST6436,Sahil Mehta,Dallas,TX,Canada
CUST6437,Anjali Patel,San Francisco,CA,United States
CUST6438,Karan Joshi,Dallas,TX,United Kingdom
CUST6439,Karan Singh,San Antonio,TX,India
CUST6440,Aarav Patel,San Francisco,CA,United States
CUST6441,Aarav Gupta,Chicago,IL,United States
CUST6442,Neha Gupta,San Diego,CA,Canada
CUST6443,Priya Patel,Washington,DC,United Kingdom
CUST6444,Vikas Kapoor,Indianapolis,IN,India
CUST6445,Vikas Kumar,Philadelphia,PA,Australia
CUST6446,Vihaan Singh,Charlotte,NC,India
CUST6447,Aarav Kumar,Fort Worth,TX,United States
CUST6448,Aditya Joshi,San Antonio,TX,United States
CUST6449,Vikas Singh,Jacksonville,FL,United Kingdom
CUST6450,Vivaan Patel,Washington,DC,Australia
CUST6451,Aditya Gupta,Los Angeles,CA,India
CUST6452,Vikas Kumar,Jacksonville,FL,United States
CUST6453,Vihaan Joshi,Dallas,TX,India
CUST6454,Vihaan Patel,Seattle,WA,India
CUST6455,Ritika Gupta,Indianapolis,IN,United Kingdom
CUST6456,Rohit Gupta,Columbus,OH,India
CUST6457,Sahil Sharma,Dallas,TX,United States
CUST6458,Rohit Mehta,New York,NY,United States
CUST6459,Rohit Kumar,Jacksonville,FL,India
CUST6460,Neha Reddy,Houston,TX,Canada
CUST6461,Sahil Verma,Denver,CO,India
CUST6462,Mohit Patel,Fort Worth,TX,Australia
CUST6463,Simran Gupta,San Antonio,TX,United States
CUST6464,Priya Gupta,Jacksonville,FL,United Kingdom
CUST6465,Sunita Joshi,San Francisco,CA,United Kingdom
CUST6466,Aditya Gupta,San Diego,CA,India
CUST6467,Kabir Reddy,Los Angeles,CA,United States
CUST6468,Sneha Kapoor,Denver,CO,United Kingdom
CUST6469,Aarav Reddy,Charlotte,NC,United States
CUST6470,Priya Mehta,Phoenix,AZ,United States
CUST6471,Vikas Joshi,San Francisco,CA,United Kingdom
CUST6472,Arjun Reddy,Columbus,OH,United States
CUST6473,Vivaan Singh,Charlotte,NC,United Kingdom
CUST6474,Simran Kapoor,Los Angeles,CA,United Kingdom
CUST6475,Simran Reddy,Los Angeles,CA,Canada
CUST6476,Rohit Kapoor,Los Angeles,CA,India
CUST6477,Anjali Kapoor,Columbus,OH,United States
CUST6478,Pooja Patel,San Francisco,CA,United Kingdom
CUST6479,Neha Singh,Seattle,WA,Australia
CUST6480,Aman Mehta,Houston,TX,Canada
CUST6481,Rohit Sharma,Austin,TX,Canada
CUST6482,Rohit Reddy,Washington,DC,Canada
CUST6483,Karan Reddy,New York,NY,United States
CUST6484,Ritika Kumar,Los Angeles,CA,Canada
CUST6485,Anjali Singh,Chicago,IL,United Kingdom
CUST6486,Karan Kapoor,San Diego,CA,United States
CUST6487,Rohit Kumar,New York,NY,India
CUST6488,Aarav Verma,Jacksonville,FL,United Kingdom
CUST6489,Neha Gupta,San Jose,CA,United Kingdom
CUST6490,Sneha Mehta,Los Angeles,CA,United States
CUST6491,Vivaan Kapoor,Houston,TX,Canada
CUST6492,Anjali Reddy,Los Angeles,CA,United Kingdom
CUST6493,Neha Kumar,Austin,TX,India
CUST6494,Aditya Kumar,Indianapolis,IN,Australia
CUST6495,Kabir Mehta,Seattle,WA,United Kingdom
CUST6496,Sneha Kapoor,Indianapolis,IN,United Kingdom
CUST6497,Aditya Patel,Indianapolis,IN,India
CUST6498,Priya Joshi,Phoenix,AZ,India
CUST6499,Sneha Verma,Indianapolis,IN,India
CUST6500,Anjali Mehta,Washington,DC,India
CUST6501,Vihaan Verma,Jacksonville,FL,United Kingdom
CUST6502,Sunita Gupta,New York,NY,United Kingdom
CUST6503,Sneha Gupta,San Francisco,CA,India
CUST6504,Pooja Gupta,Chicago,IL,India
CUST6505,Aditya Mehta,Seattle,WA,India
CUST6506,Simran Patel,New York,NY,India
CUST6507,Sahil Gupta,Chicago,IL,United Kingdom
CUST6508,Karan Gupta,Fort Worth,TX,United States
CUST6509,Pooja Gupta,San Francisco,CA,United States
CUST6510,Simran Verma,Dallas,TX,India
CUST6511,Aarav Kapoor,San Antonio,TX,India
CUST6512,Aman Reddy,Chicago,IL,United States
CUST6513,Pooja Kapoor,Denver,CO,India
CUST6514,Aman Joshi,Denver,CO,United States
CUST6515,Pooja Patel,Fort Worth,TX,United States
CUST6516,Sneha Patel,San Antonio,TX,India
CUST6517,Pooja Kumar,Indianapolis,IN,Canada
CUST6518,Sahil Reddy,San Jose,CA,United States
CUST6519,Priya Kumar,Washington,DC,Australia
CUST6520,Aman Joshi,Charlotte,NC,United Kingdom
CUST6521,Sneha Kumar,San Francisco,CA,United States
CUST6522,Simran Sharma,Austin,TX,Canada
CUST6523,Aman Mehta,Phoenix,AZ,Canada
CUST6524,Aarav Singh,Austin,TX,Australia
CUST6525,Pooja Verma,Columbus,OH,United States
CUST6526,Vivaan Joshi,Columbus,OH,United States
CUST6527,Pooja Patel,San Antonio,TX,India
CUST6528,Aditya Sharma,San Antonio,TX,United States
CUST6529,Kabir Joshi,San Jose,CA,India
CUST6530,Vihaan Singh,Dallas,TX,India
CUST6531,Aarav Kapoor,Washington,DC,India
CUST6532,Sahil Joshi,Los Angeles,CA,India
CUST6533,Karan Kumar,Chicago,IL,United States
CUST6534,Neha Gupta,Fort Worth,TX,United States
CUST6535,Mohit Mehta,Washington,DC,United States
CUST6536,Sahil Kapoor,New York,NY,Canada
CUST6537,Sunita Reddy,Charlotte,NC,Canada
CUST6538,Kabir Patel,Jacksonville,FL,United Kingdom
CUST6539,Aarav Sharma,Denver,CO,Canada
CUST6540,Sneha Singh,San Diego,CA,Canada
CUST6541,Anjali Kapoor,San Jose,CA,United States
CUST6542,Aarav Sharma,Philadelphia,PA,United States
CUST6543,Kabir Joshi,Philadelphia,PA,India
CUST6544,Rohit Reddy,Jacksonville,FL,India
CUST6545,Sunita Kapoor,San Diego,CA,United States
CUST6546,Sunita Joshi,Columbus,OH,Australia
CUST6547,Mohit Reddy,Washington,DC,India
CUST6548,Sunita Sharma,Chicago,IL,Australia
CUST6549,Arjun Patel,Jacksonville,FL,Canada
CUST6550,Aarav Kapoor,San Jose,CA,India
CUST6551,Rohit Singh,Philadelphia,PA,India
CUST6552,Karan Patel,Dallas,TX,India
CUST6553,Neha Mehta,Los Angeles,CA,United Kingdom
CUST6554,Sahil Kapoor,Columbus,OH,Australia
CUST6555,Karan Reddy,Denver,CO,Canada
CUST6556,Kabir Reddy,Houston,TX,United States
CUST6557,Neha Reddy,San Jose,CA,United States
CUST6558,Simran Reddy,Dallas,TX,United States
CUST6559,Vihaan Kapoor,Denver,CO,Canada
CUST6560,Ritika Singh,New York,NY,India
CUST6561,Priya Sharma,Seattle,WA,Australia
CUST6562,Kabir Singh,Denver,CO,United Kingdom
CUST6563,Rohit Patel,Los Angeles,CA,United Kingdom
CUST6564,Mohit Verma,Indianapolis,IN,United States
CUST6565,Arjun Sharma,Charlotte,NC,India
CUST6566,Mohit Verma,San Jose,CA,India
CUST6567,Mohit Kumar,San Diego,CA,India
CUST6568,Aarav Sharma,Columbus,OH,United States
CUST6569,Aarav Sharma,Fort Worth,TX,India
CUST6570,Simran Kumar,San Antonio,TX,India
CUST6571,Aman Kapoor,Austin,TX,United Kingdom
CUST6572,Sunita Kapoor,Seattle,WA,United Kingdom
CUST6573,Arjun Kumar,Columbus,OH,Australia
CUST6574,Kabir Sharma,Indianapolis,IN,United States
CUST6575,Priya Reddy,Los Angeles,CA,India
CUST6576,Simran Verma,Philadelphia,PA,India
CUST6577,Aditya Patel,Dallas,TX,Australia
CUST6578,Pooja Patel,Philadelphia,PA,Canada
CUST6579,Ritika Gupta,Los Angeles,CA,India
CUST6580,Kabir Kapoor,Seattle,WA,United Kingdom
CUST6581,Ritika Gupta,Los Angeles,CA,United States
CUST6582,Sunita Mehta,New York,NY,India
CUST6583,Simran Singh,Washington,DC,India
CUST6584,Aman Joshi,San Diego,CA,India
CUST6585,Kabir Gupta,Los Angeles,CA,United States
CUST6586,Sunita Singh,San Jose,CA,Australia
CUST6587,Arjun Joshi,Dallas,TX,India
CUST6588,Rohit Mehta,Dallas,TX,United States
CUST6589,Sneha Patel,San Diego,CA,United States
CUST6590,Aditya Singh,Fort Worth,TX,United States
CUST6591,Vihaan Reddy,San Diego,CA,United Kingdom
CUST6592,Ritika Sharma,San Diego,CA,India
CUST6593,Priya Mehta,Washington,DC,United States
CUST6594,Sneha Sharma,Houston,TX,India
CUST6595,Pooja Mehta,Los Angeles,CA,United Kingdom
CUST6596,Vivaan Verma,San Francisco,CA,United States
CUST6597,Aditya Singh,San Francisco,CA,India
CUST6598,Aditya Patel,Columbus,OH,Canada
CUST6599,Priya Singh,Austin,TX,India
CUST6600,Karan Kumar,Washington,DC,India
CUST6601,Priya Joshi,Dallas,TX,India
CUST6602,Sahil Mehta,Chicago,IL,India
CUST6603,Aditya Joshi,Los Angeles,CA,United States
CUST6604,Mohit Singh,New York,NY,India
CUST6605,Aman Mehta,Chicago,IL,Canada
CUST6606,Karan Mehta,Charlotte,NC,United Kingdom
CUST6607,Pooja Verma,Indianapolis,IN,Canada
CUST6608,Karan Reddy,San Diego,CA,India
CUST6609,Priya Joshi,Denver,CO,India
CUST6610,Vivaan Kumar,Seattle,WA,United Kingdom
CUST6611,Vivaan Mehta,Seattle,WA,Canada
CUST6612,Priya Reddy,San Diego,CA,Canada
CUST6613,Ritika Joshi,Washington,DC,India
CUST6614,Priya Singh,Columbus,OH,India
CUST6615,Vivaan Gupta,Denver,CO,United Kingdom
CUST6616,Vihaan Singh,Phoenix,AZ,India
CUST6617,Mohit Sharma,Washington,DC,India
CUST6618,Sunita Gupta,Phoenix,AZ,United States
CUST6619,Priya Verma,Austin,TX,India
CUST6620,Rohit Reddy,Jacksonville,FL,Canada
CUST6621,Aman Singh,Los Angeles,CA,Canada
CUST6622,Aarav Mehta,Austin,TX,Australia
CUST6623,Sneha Gupta,Dallas,TX,United States
CUST6624,Pooja Kapoor,San Antonio,TX,India
CUST6625,Aarav Mehta,Seattle,WA,Australia
CUST6626,Aarav Patel,Philadelphia,PA,United States
CUST6627,Vikas Gupta,Phoenix,AZ,Canada
CUST6628,Aman Mehta,Columbus,OH,Canada
CUST6629,Rohit Singh,Washington,DC,Canada
CUST6630,Simran Reddy,San Francisco,CA,India
CUST6631,Priya Joshi,Philadelphia,PA,United Kingdom
CUST6632,Vihaan Kumar,Los Angeles,CA,Canada
CUST6633,Simran Reddy,Denver,CO,Canada
CUST6634,Karan Sharma,San Jose,CA,India
CUST6635,Vihaan Kapoor,Fort Worth,TX,United States
CUST6636,Priya Joshi,Washington,DC,United States
CUST6637,Anjali Kumar,Fort Worth,TX,Australia
CUST6638,Aarav Joshi,Houston,TX,Canada
CUST6639,Mohit Reddy,Los Angeles,CA,Canada
CUST6640,Simran Kapoor,Fort Worth,TX,India
CUST6641,Simran Verma,Philadelphia,PA,Canada
CUST6642,Sahil Reddy,Seattle,WA,India
CUST6643,Neha Singh,Columbus,OH,United States
CUST6644,Anjali Kumar,Houston,TX,India
CUST6645,Vihaan Sharma,San Antonio,TX,United States
CUST6646,Pooja Gupta,Indianapolis,IN,India
CUST6647,Rohit Singh,Los Angeles,CA,United States
CUST6648,Mohit Singh,Philadelphia,PA,United States
CUST6649,Vihaan Mehta,Fort Worth,TX,India
CUST6650,Pooja Mehta,Phoenix,AZ,India
CUST6651,Karan Kapoor,San Jose,CA,United States
CUST6652,Arjun Verma,Phoenix,AZ,India
CUST6653,Vihaan Mehta,Seattle,WA,India
CUST6654,Priya Singh,Jacksonville,FL,India
CUST6655,Aarav Kumar,Phoenix,AZ,India
CUST6656,Rohit Patel,San Francisco,CA,Canada
CUST6657,Vivaan Reddy,Washington,DC,India
CUST6658,Priya Kumar,Washington,DC,Canada
CUST6659,Sahil Kumar,Indianapolis,IN,United States
CUST6660,Priya Reddy,Columbus,OH,India
CUST6661,Priya Reddy,Jacksonville,FL,United States
CUST6662,Sahil Verma,Denver,CO,United States
CUST6663,Pooja Singh,Austin,TX,India
CUST6664,Neha Kumar,San Diego,CA,United States
CUST6665,Arjun Reddy,Houston,TX,Canada
CUST6666,Aditya Joshi,New York,NY,United Kingdom
CUST6667,Arjun Mehta,Charlotte,NC,United States
CUST6668,Aarav Singh,Chicago,IL,United Kingdom
CUST6669,Karan Patel,Phoenix,AZ,India
CUST6670,Simran Joshi,Austin,TX,Canada
CUST6671,Arjun Sharma,Washington,DC,Canada
CUST6672,Aarav Joshi,Charlotte,NC,India
CUST6673,Aman Joshi,Houston,TX,United States
CUST6674,Vihaan Joshi,Washington,DC,United States
CUST6675,Sneha Reddy,San Francisco,CA,India
CUST6676,Simran Gupta,Phoenix,AZ,United States
CUST6677,Aditya Gupta,San Diego,CA,United States
CUST6678,Sunita Sharma,San Antonio,TX,United Kingdom
CUST6679,Arjun Joshi,Austin,TX,Australia
CUST6680,Pooja Singh,Chicago,IL,India
CUST6681,Aarav Joshi,Philadelphia,PA,United States
CUST6682,Aditya Kumar,San Jose,CA,India
CUST6683,Neha Mehta,Chicago,IL,India
CUST6684,Aman Reddy,Indianapolis,IN,India
CUST6685,Vivaan Patel,San Diego,CA,India
CUST6686,Vikas Kumar,Columbus,OH,United States
CUST6687,Arjun Joshi,San Antonio,TX,United Kingdom
CUST6688,Kabir Joshi,Jacksonville,FL,United States
CUST6689,Vikas Gupta,Houston,TX,India
CUST6690,Mohit Mehta,Jacksonville,FL,United States
CUST6691,Sunita Singh,San Jose,CA,India
CUST6692,Vihaan Verma,Denver,CO,India
CUST6693,Vikas Joshi,Houston,TX,India
CUST6694,Karan Kapoor,Austin,TX,United States
CUST6695,Vihaan Mehta,Houston,TX,United States
CUST6696,Priya Singh,San Antonio,TX,India
CUST6697,Kabir Reddy,Dallas,TX,Australia
CUST6698,Vikas Singh,Charlotte,NC,United Kingdom
CUST6699,Aarav Singh,Charlotte,NC,Canada
CUST6700,Sahil Sharma,Austin,TX,Australia
CUST6701,Vihaan Gupta,New York,NY,Australia
CUST6702,Karan Reddy,Indianapolis,IN,India
CUST6703,Aditya Mehta,Fort Worth,TX,United States
CUST6704,Vivaan Patel,Indianapolis,IN,United States
CUST6705,Rohit Kumar,Chicago,IL,Australia
CUST6706,Mohit Mehta,Columbus,OH,Canada
CUST6707,Pooja Gupta,Fort Worth,TX,United States
CUST6708,Sunita Kapoor,Austin,TX,United States
CUST6709,Simran Singh,Denver,CO,Australia
CUST6710,Sneha Reddy,Indianapolis,IN,India
CUST6711,Vikas Kapoor,Dallas,TX,Canada
CUST6712,Kabir Kumar,San Diego,CA,India
CUST6713,Arjun Joshi,Fort Worth,TX,United Kingdom
CUST6714,Priya Kapoor,Jacksonville,FL,Canada
CUST6715,Karan Sharma,Philadelphia,PA,Canada
CUST6716,Karan Joshi,New York,NY,India
CUST6717,Mohit Joshi,San Antonio,TX,United States
CUST6718,Vikas Sharma,Fort Worth,TX,Canada
CUST6719,Simran Sharma,Fort Worth,TX,India
CUST6720,Karan Sharma,Seattle,WA,United States
CUST6721,Sneha Kapoor,Charlotte,NC,Canada
CUST6722,Vikas Kumar,Charlotte,NC,United States
CUST6723,Sneha Kumar,Philadelphia,PA,Australia
CUST6724,Vikas Patel,San Diego,CA,United States
CUST6725,Sunita Kapoor,Washington,DC,Australia
CUST6726,Aman Reddy,San Francisco,CA,Canada
CUST6727,Priya Kumar,Columbus,OH,United States
CUST6728,Vikas Kapoor,Houston,TX,Australia
CUST6729,Aditya Singh,Jacksonville,FL,Australia
CUST6730,Ritika Sharma,Denver,CO,United Kingdom
CUST6731,Kabir Mehta,Washington,DC,India
CUST6732,Anjali Kapoor,Phoenix,AZ,India
CUST6733,Aditya Joshi,Indianapolis,IN,Australia
CUST6734,Simran Gupta,Philadelphia,PA,India
CUST6735,Vikas Kumar,Indianapolis,IN,India
CUST6736,Neha Patel,Los Angeles,CA,India
CUST6737,Anjali Singh,San Jose,CA,India
CUST6738,Vikas Kumar,Austin,TX,India
CUST6739,Sneha Sharma,Indianapolis,IN,India
CUST6740,Ritika Singh,Columbus,OH,Australia
CUST6741,Aarav Gupta,Columbus,OH,United Kingdom
CUST6742,Neha Sharma,Jacksonville,FL,United Kingdom
CUST6743,Sneha Singh,San Francisco,CA,India
CUST6744,Sahil Mehta,Los Angeles,CA,India
CUST6745,Aman Kumar,Phoenix,AZ,India
CUST6746,Pooja Mehta,Denver,CO,United States
CUST6747,Neha Singh,Denver,CO,Canada
CUST6748,Vikas Gupta,San Antonio,TX,Australia
CUST6749,Mohit Patel,Washington,DC,United States
CUST6750,Aarav Verma,Austin,TX,United Kingdom
CUST6751,Sahil Singh,San Jose,CA,Canada
CUST6752,Ritika Kapoor,Philadelphia,PA,United States
CUST6753,Mohit Kapoor,Seattle,WA,Australia
CUST6754,Kabir Mehta,Austin,TX,United States
CUST6755,Rohit Singh,Dallas,TX,United States
CUST6756,Sneha Patel,Washington,DC,Canada
CUST6757,Rohit Reddy,Fort Worth,TX,India
CUST6758,Priya Joshi,Indianapolis,IN,United Kingdom
CUST6759,Aditya Verma,Fort Worth,TX,India
CUST6760,Aarav Reddy,Seattle,WA,United States
CUST6761,Neha Sharma,Austin,TX,Canada
CUST6762,Anjali Mehta,Houston,TX,Australia
CUST6763,Vikas Sharma,Dallas,TX,Australia
CUST6764,Aarav Kapoor,San Francisco,CA,United Kingdom
CUST6765,Simran Singh,Fort Worth,TX,United States
CUST6766,Rohit Gupta,Indianapolis,IN,United Kingdom
CUST6767,Simran Mehta,Columbus,OH,Canada
CUST6768,Vihaan Sharma,Phoenix,AZ,India
CUST6769,Karan Gupta,San Diego,CA,India
CUST6770,Vihaan Mehta,Washington,DC,United States
CUST6771,Rohit Joshi,Columbus,OH,United Kingdom
CUST6772,Mohit Joshi,San Antonio,TX,Australia
CUST6773,Neha Mehta,San Diego,CA,United Kingdom
CUST6774,Aman Patel,Seattle,WA,Canada
CUST6775,Mohit Kapoor,Columbus,OH,United Kingdom
CUST6776,Karan Verma,Columbus,OH,India
CUST6777,Anjali Verma,New York,NY,India
CUST6778,Mohit Gupta,Denver,CO,India
CUST6779,Mohit Kumar,Los Angeles,CA,Canada
CUST6780,Karan Patel,San Diego,CA,United States
CUST6781,Priya Reddy,Phoenix,AZ,United States
CUST6782,Kabir Patel,Chicago,IL,India
CUST6783,Sneha Reddy,Dallas,TX,India
CUST6784,Ritika Kapoor,San Antonio,TX,United States
CUST6785,Aditya Gupta,Columbus,OH,United States
CUST6786,Priya Kumar,Columbus,OH,Canada
CUST6787,Aman Gupta,Austin,TX,Canada
CUST6788,Arjun Mehta,San Antonio,TX,India
CUST6789,Kabir Kapoor,Fort Worth,TX,Canada
CUST6790,Aarav Reddy,Fort Worth,TX,United States
CUST6791,Karan Mehta,San Jose,CA,Canada
CUST6792,Sneha Joshi,Los Angeles,CA,United States
CUST6793,Rohit Sharma,Indianapolis,IN,Australia
CUST6794,Arjun Singh,Los Angeles,CA,United Kingdom
CUST6795,Pooja Reddy,Washington,DC,Canada
CUST6796,Ritika Sharma,Phoenix,AZ,Australia
CUST6797,Ritika Kapoor,Dallas,TX,Canada
CUST6798,Vihaan Reddy,Los Angeles,CA,Australia
CUST6799,Anjali Kumar,Seattle,WA,United States
CUST6800,Kabir Gupta,New York,NY,Australia
CUST6801,Mohit Mehta,Jacksonville,FL,India
CUST6802,Rohit Kapoor,Los Angeles,CA,Australia
CUST6803,Aditya Kumar,Phoenix,AZ,India
CUST6804,Kabir Sharma,Houston,TX,United States
CUST6805,Kabir Mehta,Seattle,WA,United States
CUST6806,Simran Sharma,Dallas,TX,United States
CUST6807,Mohit Verma,Phoenix,AZ,Canada
CUST6808,Kabir Patel,Phoenix,AZ,Canada
CUST6809,Sahil Joshi,Washington,DC,United States
CUST6810,Vikas Gupta,Seattle,WA,India
CUST6811,Aarav Mehta,Houston,TX,India
CUST6812,Anjali Reddy,Jacksonville,FL,United Kingdom
CUST6813,Ritika Sharma,San Diego,CA,Canada
CUST6814,Arjun Reddy,San Antonio,TX,United States
CUST6815,Aarav Kumar,Dallas,TX,United Kingdom
CUST6816,Mohit Mehta,San Diego,CA,United States
CUST6817,Aarav Joshi,Washington,DC,United States
CUST6818,Anjali Kapoor,Austin,TX,India
CUST6819,Mohit Joshi,Houston,TX,United States
CUST6820,Sahil Sharma,Fort Worth,TX,United States
CUST6821,Karan Kapoor,Houston,TX,India
CUST6822,Sunita Verma,Washington,DC,Australia
CUST6823,Sunita Mehta,Jacksonville,FL,India
CUST6824,Sahil Sharma,Phoenix,AZ,India
CUST6825,Kabir Verma,Charlotte,NC,Australia
CUST6826,Simran Sharma,Houston,TX,Canada
CUST6827,Mohit Mehta,Los Angeles,CA,India
CUST6828,Rohit Patel,Washington,DC,United Kingdom
CUST6829,Mohit Gupta,Philadelphia,PA,Australia
CUST6830,Arjun Gupta,Houston,TX,Canada
CUST6831,Rohit Mehta,Chicago,IL,India
CUST6832,Mohit Reddy,Columbus,OH,Australia
CUST6833,Pooja Kapoor,Dallas,TX,United States
CUST6834,Simran Sharma,San Antonio,TX,India
CUST6835,Anjali Singh,Austin,TX,United States
CUST6836,Vikas Patel,Fort Worth,TX,India
CUST6837,Sneha Mehta,Denver,CO,India
CUST6838,Vihaan Patel,Columbus,OH,Australia
CUST6839,Ritika Joshi,New York,NY,United States
CUST6840,Aman Patel,Houston,TX,United States
CUST6841,Pooja Mehta,Philadelphia,PA,India
CUST6842,Rohit Singh,Fort Worth,TX,India
CUST6843,Sunita Joshi,Denver,CO,India
CUST6844,Aman Mehta,San Antonio,TX,United States
CUST6845,Neha Singh,San Diego,CA,Australia
CUST6846,Ritika Kapoor,Jacksonville,FL,United States
CUST6847,Ritika Mehta,Denver,CO,United States
CUST6848,Mohit Kumar,Denver,CO,India
CUST6849,Vikas Mehta,San Antonio,TX,India
CUST6850,Kabir Kapoor,San Jose,CA,United States
CUST6851,Kabir Singh,San Francisco,CA,United Kingdom
CUST6852,Sunita Reddy,Columbus,OH,United States
CUST6853,Mohit Sharma,Los Angeles,CA,Canada
CUST6854,Vihaan Patel,Charlotte,NC,United States
CUST6855,Rohit Kapoor,Charlotte,NC,Australia
CUST6856,Kabir Verma,Austin,TX,United Kingdom
CUST6857,Aarav Sharma,Philadelphia,PA,Australia
CUST6858,Priya Sharma,Dallas,TX,United Kingdom
CUST6859,Simran Mehta,Seattle,WA,United Kingdom
CUST6860,Sneha Sharma,Austin,TX,United Kingdom
CUST6861,Priya Kapoor,Seattle,WA,India
CUST6862,Aditya Kumar,Fort Worth,TX,Canada
CUST6863,Priya Sharma,San Diego,CA,India
CUST6864,Aman Singh,Chicago,IL,United States
CUST6865,Ritika Joshi,Charlotte,NC,United States
CUST6866,Aarav Joshi,Indianapolis,IN,Australia
CUST6867,Priya Kumar,Charlotte,NC,United States
CUST6868,Aditya Kapoor,San Francisco,CA,Australia
CUST6869,Rohit Reddy,San Francisco,CA,Australia
CUST6870,Rohit Joshi,Indianapolis,IN,United States
CUST6871,Karan Sharma,San Antonio,TX,United Kingdom
CUST6872,Anjali Verma,Charlotte,NC,United States
CUST6873,Kabir Verma,Phoenix,AZ,Australia
CUST6874,Neha Sharma,Dallas,TX,United States
CUST6875,Aditya Joshi,San Diego,CA,India
CUST6876,Sahil Kapoor,San Jose,CA,Canada
CUST6877,Sahil Verma,Phoenix,AZ,United States
CUST6878,Vihaan Patel,Indianapolis,IN,United States
CUST6879,Sneha Kapoor,New York,NY,Canada
CUST6880,Neha Sharma,Columbus,OH,India
CUST6881,Priya Patel,San Antonio,TX,Canada
CUST6882,Aarav Kumar,Denver,CO,Canada
CUST6883,Aarav Joshi,Indianapolis,IN,India
CUST6884,Sahil Reddy,Austin,TX,India
CUST6885,Karan Singh,San Francisco,CA,United Kingdom
CUST6886,Rohit Sharma,Houston,TX,United Kingdom
CUST6887,Aman Reddy,Phoenix,AZ,Canada
CUST6888,Vivaan Mehta,Seattle,WA,India
CUST6889,Neha Sharma,Houston,TX,United States
CUST6890,Aman Kapoor,Washington,DC,India
CUST6891,Sneha Verma,Columbus,OH,United Kingdom
CUST6892,Aditya Kumar,Austin,TX,United Kingdom
CUST6893,Sahil Sharma,Charlotte,NC,Australia
CUST6894,Sunita Kumar,Charlotte,NC,Australia
CUST6895,Vihaan Kapoor,San Antonio,TX,India
CUST6896,Pooja Gupta,San Francisco,CA,Australia
CUST6897,Priya Mehta,Denver,CO,Canada
CUST6898,Ritika Patel,Seattle,WA,Canada
CUST6899,Aditya Reddy,Jacksonville,FL,United Kingdom
CUST6900,Neha Reddy,Seattle,WA,Canada
CUST6901,Simran Sharma,New York,NY,Canada
CUST6902,Aman Mehta,San Jose,CA,United States
CUST6903,Sneha Sharma,San Antonio,TX,Canada
CUST6904,Vivaan Singh,Indianapolis,IN,Australia
CUST6905,Aman Verma,Austin,TX,United States
CUST6906,Vivaan Kumar,Philadelphia,PA,Canada
CUST6907,Vikas Singh,Fort Worth,TX,United Kingdom
CUST6908,Pooja Patel,New York,NY,United States
CUST6909,Sneha Verma,Fort Worth,TX,Australia
CUST6910,Vivaan Singh,New York,NY,United Kingdom
CUST6911,Neha Gupta,Austin,TX,India
CUST6912,Anjali Gupta,San Diego,CA,United Kingdom
CUST6913,Priya Gupta,Phoenix,AZ,India
CUST6914,Kabir Mehta,Denver,CO,United Kingdom
CUST6915,Aman Kumar,Chicago,IL,India
CUST6916,Aarav Kumar,Seattle,WA,Canada
CUST6917,Priya Reddy,Chicago,IL,Australia
CUST6918,Karan Sharma,Charlotte,NC,Canada
CUST6919,Priya Joshi,Washington,DC,Australia
CUST6920,Arjun Mehta,Dallas,TX,India
CUST6921,Arjun Kumar,San Francisco,CA,United States
CUST6922,Vikas Sharma,Denver,CO,Canada
CUST6923,Aditya Joshi,Jacksonville,FL,Canada
CUST6924,Sneha Verma,Dallas,TX,India
CUST6925,Karan Joshi,San Antonio,TX,Canada
CUST6926,Vivaan Patel,Columbus,OH,India
CUST6927,Sneha Kapoor,Denver,CO,Canada
CUST6928,Pooja Sharma,Washington,DC,Canada
CUST6929,Sunita Gupta,New York,NY,Australia
CUST6930,Aman Kapoor,Columbus,OH,United States
CUST6931,Sahil Mehta,San Francisco,CA,India
CUST6932,Sunita Kapoor,Chicago,IL,Canada
CUST6933,Sneha Kumar,Indianapolis,IN,India
CUST6934,Neha Gupta,Washington,DC,Australia
CUST6935,Sahil Joshi,Indianapolis,IN,India
CUST6936,Pooja Kumar,San Francisco,CA,United Kingdom
CUST6937,Aarav Verma,San Jose,CA,Canada
CUST6938,Sneha Kumar,Los Angeles,CA,Australia
CUST6939,Kabir Joshi,Dallas,TX,Canada
CUST6940,Sunita Gupta,Phoenix,AZ,India
CUST6941,Pooja Sharma,Los Angeles,CA,India
CUST6942,Mohit Reddy,San Francisco,CA,United Kingdom
CUST6943,Sunita Joshi,Denver,CO,Canada
CUST6944,Sneha Kapoor,Washington,DC,Canada
CUST6945,Aditya Mehta,Columbus,OH,Australia
CUST6946,Priya Singh,Denver,CO,Canada
CUST6947,Rohit Gupta,Chicago,IL,India
CUST6948,Kabir Kapoor,New York,NY,India
CUST6949,Aman Singh,Charlotte,NC,Canada
CUST6950,Neha Patel,San Antonio,TX,India
CUST6951,Anjali Singh,Seattle,WA,United Kingdom
CUST6952,Sahil Kumar,San Antonio,TX,India
CUST6953,Rohit Singh,Dallas,TX,India
CUST6954,Arjun Singh,Philadelphia,PA,India
CUST6955,Aman Sharma,Fort Worth,TX,United States
CUST6956,Sunita Mehta,Los Angeles,CA,Canada
CUST6957,Sahil Patel,San Francisco,CA,India
CUST6958,Vivaan Kumar,Charlotte,NC,India
CUST6959,Anjali Kapoor,San Diego,CA,India
CUST6960,Anjali Singh,Phoenix,AZ,India
CUST6961,Vivaan Joshi,Philadelphia,PA,United States
CUST6962,Ritika Sharma,San Antonio,TX,India
CUST6963,Aarav Sharma,Charlotte,NC,India
CUST6964,Sneha Mehta,Dallas,TX,Canada
CUST6965,Rohit Reddy,Indianapolis,IN,India
CUST6966,Vikas Mehta,Philadelphia,PA,United Kingdom
CUST6967,Pooja Mehta,Austin,TX,India
CUST6968,Karan Sharma,Columbus,OH,Canada
CUST6969,Ritika Kapoor,Charlotte,NC,Canada
CUST6970,Anjali Patel,San Diego,CA,United Kingdom
CUST6971,Mohit Reddy,Austin,TX,India
CUST6972,Aditya Verma,Chicago,IL,India
CUST6973,Arjun Kumar,San Jose,CA,Australia
CUST6974,Priya Joshi,Philadelphia,PA,India
CUST6975,Rohit Joshi,Philadelphia,PA,India
CUST6976,Neha Sharma,New York,NY,India
CUST6977,Pooja Kapoor,Los Angeles,CA,United States
CUST6978,Rohit Reddy,Indianapolis,IN,Australia
CUST6979,Vivaan Reddy,Fort Worth,TX,United States
CUST6980,Vivaan Kapoor,San Antonio,TX,Australia
CUST6981,Arjun Mehta,San Francisco,CA,United States
CUST6982,Sunita Singh,Indianapolis,IN,United States
CUST6983,Anjali Joshi,Indianapolis,IN,India
CUST6984,Aman Mehta,San Antonio,TX,India
CUST6985,Anjali Patel,Chicago,IL,India
CUST6986,Vikas Verma,San Antonio,TX,United States
CUST6987,Aman Singh,Houston,TX,India
CUST6988,Arjun Singh,Indianapolis,IN,India
CUST6989,Pooja Gupta,Phoenix,AZ,Canada
CUST6990,Kabir Joshi,Jacksonville,FL,India
CUST6991,Arjun Kumar,San Diego,CA,Canada
CUST6992,Vivaan Verma,Phoenix,AZ,Canada
CUST6993,Simran Sharma,Philadelphia,PA,United States
CUST6994,Sneha Mehta,New York,NY,United States
CUST6995,Rohit Sharma,Washington,DC,United Kingdom
CUST6996,Karan Sharma,San Francisco,CA,United Kingdom
CUST6997,Mohit Sharma,Charlotte,NC,United Kingdom
CUST6998,Anjali Sharma,New York,NY,India
CUST6999,Aarav Kapoor,Columbus,OH,United States
CUST7000,Neha Kapoor,Philadelphia,PA,India
CUST7001,Rohit Patel,Los Angeles,CA,India
CUST7002,Sunita Kapoor,San Francisco,CA,India
CUST7003,Pooja Reddy,Chicago,IL,India
CUST7004,Aarav Gupta,Chicago,IL,United Kingdom
CUST7005,Vikas Mehta,Washington,DC,Australia
CUST7006,Sneha Verma,New York,NY,Australia
CUST7007,Kabir Singh,Dallas,TX,India
CUST7008,Anjali Reddy,Indianapolis,IN,India
CUST7009,Vikas Kapoor,San Jose,CA,India
CUST7010,Priya Verma,San Antonio,TX,India
CUST7011,Kabir Patel,San Antonio,TX,United Kingdom
CUST7012,Aman Gupta,Philadelphia,PA,India
CUST7013,Vihaan Kapoor,Austin,TX,Canada
CUST7014,Sahil Mehta,Philadelphia,PA,United Kingdom
CUST7015,Priya Reddy,Houston,TX,Canada
CUST7016,Rohit Verma,Austin,TX,United States
CUST7017,Simran Kumar,Seattle,WA,India
CUST7018,Sunita Singh,Charlotte,NC,India
CUST7019,Sahil Reddy,Chicago,IL,United Kingdom
CUST7020,Arjun Mehta,Indianapolis,IN,India
CUST7021,Ritika Gupta,Charlotte,NC,United States
CUST7022,Aarav Mehta,Denver,CO,Australia
CUST7023,Simran Kapoor,Seattle,WA,Canada
CUST7024,Aarav Singh,New York,NY,India
CUST7025,Neha Kapoor,Dallas,TX,Canada
CUST7026,Vivaan Sharma,Philadelphia,PA,United States
CUST7027,Pooja Reddy,Washington,DC,India
CUST7028,Pooja Verma,Los Angeles,CA,Australia
CUST7029,Simran Mehta,New York,NY,United States
CUST7030,Neha Patel,Houston,TX,India
CUST7031,Anjali Kumar,New York,NY,India
CUST7032,Ritika Reddy,Dallas,TX,United Kingdom
CUST7033,Aditya Reddy,San Antonio,TX,United Kingdom
CUST7034,Vikas Kapoor,Dallas,TX,United States
CUST7035,Ritika Gupta,Denver,CO,United Kingdom
CUST7036,Kabir Mehta,Columbus,OH,United States
CUST7037,Sunita Verma,Charlotte,NC,India
CUST7038,Ritika Mehta,Jacksonville,FL,India
CUST7039,Vihaan Kapoor,Dallas,TX,Australia
CUST7040,Aditya Reddy,Phoenix,AZ,United Kingdom
CUST7041,Sahil Reddy,Houston,TX,Canada
CUST7042,Sunita Kapoor,San Antonio,TX,Australia
CUST7043,Vivaan Verma,Columbus,OH,United States
CUST7044,Sneha Joshi,Jacksonville,FL,United States
CUST7045,Arjun Kapoor,Charlotte,NC,United States
CUST7046,Sunita Reddy,New York,NY,Canada
CUST7047,Kabir Kumar,Washington,DC,United States
CUST7048,Priya Kapoor,Charlotte,NC,Canada
CUST7049,Vivaan Mehta,Phoenix,AZ,Australia
CUST7050,Simran Kumar,San Francisco,CA,Canada
CUST7051,Anjali Joshi,Fort Worth,TX,United Kingdom
CUST7052,Vivaan Patel,San Antonio,TX,India
CUST7053,Arjun Verma,Los Angeles,CA,United Kingdom
CUST7054,Pooja Gupta,New York,NY,Canada
CUST7055,Simran Verma,Los Angeles,CA,United Kingdom
CUST7056,Sahil Kapoor,Washington,DC,United States
CUST7057,Vivaan Singh,Fort Worth,TX,Canada
CUST7058,Sneha Gupta,San Antonio,TX,India
CUST7059,Karan Reddy,Philadelphia,PA,United Kingdom
CUST7060,Karan Joshi,New York,NY,Australia
CUST7061,Ritika Gupta,Austin,TX,United Kingdom
CUST7062,Karan Mehta,Denver,CO,Canada
CUST7063,Aditya Mehta,Washington,DC,Australia
CUST7064,Neha Patel,Seattle,WA,United States
CUST7065,Arjun Kapoor,Chicago,IL,India
CUST7066,Mohit Gupta,Chicago,IL,United Kingdom
CUST7067,Aditya Mehta,Denver,CO,India
CUST7068,Aarav Joshi,Denver,CO,United States
CUST7069,Rohit Gupta,Charlotte,NC,Canada
CUST7070,Priya Mehta,Seattle,WA,India
CUST7071,Sahil Gupta,Phoenix,AZ,United Kingdom
CUST7072,Aditya Joshi,Houston,TX,Canada
CUST7073,Aarav Patel,Philadelphia,PA,Canada
CUST7074,Aarav Singh,Houston,TX,India
CUST7075,Sunita Kapoor,San Francisco,CA,Canada
CUST7076,Sneha Gupta,Los Angeles,CA,United Kingdom
CUST7077,Sahil Kumar,Chicago,IL,Canada
CUST7078,Priya Sharma,Austin,TX,Australia
CUST7079,Sunita Gupta,Phoenix,AZ,United Kingdom
CUST7080,Karan Patel,Chicago,IL,Australia
CUST7081,Ritika Mehta,San Antonio,TX,Australia
CUST7082,Mohit Verma,San Diego,CA,India
CUST7083,Simran Joshi,San Antonio,TX,India
CUST7084,Karan Mehta,San Antonio,TX,Canada
CUST7085,Aditya Sharma,Los Angeles,CA,India
CUST7086,Sahil Kumar,Austin,TX,United Kingdom
CUST7087,Karan Joshi,San Jose,CA,United States
CUST7088,Vikas Kapoor,Austin,TX,Australia
CUST7089,Aarav Verma,Los Angeles,CA,United Kingdom
CUST7090,Kabir Verma,Columbus,OH,United States
CUST7091,Priya Gupta,Washington,DC,India
CUST7092,Mohit Kumar,Fort Worth,TX,Canada
CUST7093,Aditya Joshi,Denver,CO,India
CUST7094,Priya Singh,Indianapolis,IN,India
CUST7095,Sunita Sharma,San Francisco,CA,United Kingdom
CUST7096,Sunita Kumar,Denver,CO,United Kingdom
CUST7097,Ritika Singh,Seattle,WA,United States
CUST7098,Simran Mehta,San Diego,CA,Canada
CUST7099,Vivaan Sharma,Jacksonville,FL,United States
CUST7100,Priya Joshi,Philadelphia,PA,Canada
CUST7101,Aditya Gupta,Charlotte,NC,United States
CUST7102,Vikas Gupta,Dallas,TX,United States
CUST7103,Priya Kapoor,Philadelphia,PA,United States
CUST7104,Rohit Singh,Houston,TX,United States
CUST7105,Ritika Joshi,San Diego,CA,Canada
CUST7106,Simran Kapoor,Austin,TX,India
CUST7107,Anjali Kumar,Austin,TX,India
CUST7108,Aarav Gupta,Indianapolis,IN,India
CUST7109,Aarav Kapoor,Houston,TX,United Kingdom
CUST7110,Vivaan Reddy,San Antonio,TX,India
CUST7111,Vikas Reddy,Charlotte,NC,Canada
CUST7112,Neha Kumar,Indianapolis,IN,United States
CUST7113,Sahil Verma,Jacksonville,FL,Canada
CUST7114,Kabir Mehta,Denver,CO,India
CUST7115,Aman Patel,Columbus,OH,Canada
CUST7116,Aarav Singh,Washington,DC,United Kingdom
CUST7117,Rohit Kumar,Columbus,OH,India
CUST7118,Rohit Sharma,San Francisco,CA,Australia
CUST7119,Mohit Reddy,Philadelphia,PA,United States
CUST7120,Karan Patel,Austin,TX,Australia
CUST7121,Mohit Gupta,San Jose,CA,United States
CUST7122,Vihaan Verma,Indianapolis,IN,Australia
CUST7123,Aarav Mehta,Los Angeles,CA,Canada
CUST7124,Pooja Patel,Seattle,WA,India
CUST7125,Arjun Sharma,San Jose,CA,United States
CUST7126,Rohit Reddy,Charlotte,NC,United States
CUST7127,Vivaan Patel,Jacksonville,FL,Australia
CUST7128,Vihaan Kumar,Philadelphia,PA,Australia
CUST7129,Kabir Gupta,Chicago,IL,Australia
CUST7130,Anjali Mehta,San Jose,CA,Australia
CUST7131,Priya Gupta,San Antonio,TX,India
CUST7132,Ritika Reddy,Charlotte,NC,United States
CUST7133,Sneha Mehta,Los Angeles,CA,India
CUST7134,Ritika Reddy,New York,NY,Canada
CUST7135,Anjali Singh,San Francisco,CA,United States
CUST7136,Ritika Verma,Fort Worth,TX,India
CUST7137,Vikas Kumar,Jacksonville,FL,Canada
CUST7138,Karan Gupta,Phoenix,AZ,India
CUST7139,Vihaan Gupta,Chicago,IL,United States
CUST7140,Pooja Mehta,Indianapolis,IN,United Kingdom
CUST7141,Sneha Patel,New York,NY,Australia
CUST7142,Ritika Mehta,Dallas,TX,India
CUST7143,Rohit Reddy,Jacksonville,FL,United States
CUST7144,Sahil Singh,San Diego,CA,Australia
CUST7145,Aditya Mehta,Austin,TX,Australia
CUST7146,Vihaan Patel,Fort Worth,TX,United States
CUST7147,Rohit Joshi,Los Angeles,CA,Australia
CUST7148,Sneha Sharma,New York,NY,United Kingdom
CUST7149,Neha Kumar,Indianapolis,IN,Canada
CUST7150,Neha Singh,Los Angeles,CA,United Kingdom
CUST7151,Sunita Sharma,San Diego,CA,Australia
CUST7152,Priya Mehta,Fort Worth,TX,Canada
CUST7153,Anjali Gupta,Houston,TX,United States
CUST7154,Arjun Kapoor,Jacksonville,FL,India
CUST7155,Sunita Kumar,Austin,TX,Australia
CUST7156,Ritika Gupta,Houston,TX,India
CUST7157,Aarav Kumar,San Francisco,CA,India
CUST7158,Sunita Kapoor,Austin,TX,Australia
CUST7159,Aditya Verma,Fort Worth,TX,Australia
CUST7160,Karan Joshi,San Francisco,CA,India
CUST7161,Aarav Mehta,Columbus,OH,United Kingdom
CUST7162,Vihaan Mehta,Washington,DC,Canada
CUST7163,Vihaan Singh,Jacksonville,FL,Australia
CUST7164,Sunita Kumar,New York,NY,Canada
CUST7165,Pooja Kapoor,San Diego,CA,Australia
CUST7166,Neha Kumar,Columbus,OH,United States
CUST7167,Vivaan Kapoor,Columbus,OH,Canada
CUST7168,Sahil Gupta,Washington,DC,United States
CUST7169,Aditya Gupta,Denver,CO,Canada
CUST7170,Aarav Gupta,New York,NY,India
CUST7171,Karan Verma,San Francisco,CA,Australia
CUST7172,Vivaan Verma,Charlotte,NC,India
CUST7173,Vihaan Kumar,Los Angeles,CA,United States
CUST7174,Vihaan Joshi,New York,NY,India
CUST7175,Aditya Patel,Phoenix,AZ,India
CUST7176,Aman Reddy,Indianapolis,IN,Canada
CUST7177,Aditya Gupta,Austin,TX,India
CUST7178,Simran Gupta,Philadelphia,PA,Australia
CUST7179,Aman Patel,Houston,TX,India
CUST7180,Rohit Kapoor,San Antonio,TX,Australia
CUST7181,Priya Kapoor,San Jose,CA,United Kingdom
CUST7182,Priya Singh,Dallas,TX,India
CUST7183,Sneha Singh,Dallas,TX,Canada
CUST7184,Rohit Patel,Jacksonville,FL,India
CUST7185,Vivaan Mehta,Jacksonville,FL,Canada
CUST7186,Mohit Mehta,Chicago,IL,United States
CUST7187,Mohit Patel,Dallas,TX,India
CUST7188,Priya Verma,Fort Worth,TX,Canada
CUST7189,Aarav Singh,Philadelphia,PA,Canada
CUST7190,Kabir Gupta,Phoenix,AZ,Canada
CUST7191,Vikas Mehta,San Diego,CA,Canada
CUST7192,Priya Reddy,Seattle,WA,India
CUST7193,Ritika Kapoor,Jacksonville,FL,Australia
CUST7194,Sneha Sharma,New York,NY,Canada
CUST7195,Aarav Gupta,Indianapolis,IN,Canada
CUST7196,Simran Verma,San Diego,CA,United Kingdom
CUST7197,Sahil Kapoor,Indianapolis,IN,United States
CUST7198,Mohit Kumar,Washington,DC,United States
CUST7199,Vihaan Patel,Phoenix,AZ,India
CUST7200,Sneha Singh,New York,NY,United Kingdom
CUST7201,Neha Patel,Philadelphia,PA,Canada
CUST7202,Arjun Reddy,San Jose,CA,Australia
CUST7203,Pooja Verma,Seattle,WA,United Kingdom
CUST7204,Vihaan Verma,Indianapolis,IN,United Kingdom
CUST7205,Aarav Patel,New York,NY,United States
CUST7206,Rohit Patel,Fort Worth,TX,Australia
CUST7207,Mohit Reddy,Jacksonville,FL,United Kingdom
CUST7208,Ritika Singh,Fort Worth,TX,United Kingdom
CUST7209,Priya Verma,Indianapolis,IN,India
CUST7210,Vikas Joshi,San Diego,CA,Canada
CUST7211,Aman Kumar,Indianapolis,IN,United States
CUST7212,Sahil Sharma,Los Angeles,CA,United States
CUST7213,Arjun Reddy,Houston,TX,India
CUST7214,Vivaan Singh,Chicago,IL,India
CUST7215,Sunita Kumar,Washington,DC,United States
CUST7216,Vikas Joshi,Chicago,IL,United States
CUST7217,Pooja Kumar,Chicago,IL,Canada
CUST7218,Ritika Sharma,San Francisco,CA,Canada
CUST7219,Ritika Sharma,Jacksonville,FL,India
CUST7220,Karan Kapoor,Chicago,IL,Australia
CUST7221,Sunita Patel,San Jose,CA,India
CUST7222,Simran Gupta,Austin,TX,India
CUST7223,Arjun Joshi,Jacksonville,FL,United States
CUST7224,Sahil Sharma,Phoenix,AZ,United States
CUST7225,Priya Gupta,Washington,DC,United Kingdom
CUST7226,Arjun Gupta,Seattle,WA,United Kingdom
CUST7227,Anjali Reddy,Austin,TX,India
CUST7228,Simran Gupta,Seattle,WA,United States
CUST7229,Neha Kapoor,Fort Worth,TX,United States
CUST7230,Vivaan Gupta,Jacksonville,FL,United Kingdom
CUST7231,Kabir Mehta,New York,NY,India
CUST7232,Aarav Gupta,Indianapolis,IN,United States
CUST7233,Simran Reddy,Phoenix,AZ,India
CUST7234,Aman Sharma,Denver,CO,Canada
CUST7235,Priya Reddy,Jacksonville,FL,Australia
CUST7236,Mohit Singh,New York,NY,Australia
CUST7237,Ritika Kumar,Philadelphia,PA,United Kingdom
CUST7238,Sneha Joshi,Denver,CO,Canada
CUST7239,Vivaan Sharma,Charlotte,NC,Australia
CUST7240,Vivaan Sharma,Los Angeles,CA,India
CUST7241,Arjun Singh,Jacksonville,FL,India
CUST7242,Pooja Joshi,Seattle,WA,United States
CUST7243,Aditya Reddy,Jacksonville,FL,Australia
CUST7244,Ritika Kapoor,Indianapolis,IN,India
CUST7245,Simran Gupta,Chicago,IL,Canada
CUST7246,Vikas Kumar,New York,NY,United States
CUST7247,Aarav Kapoor,Philadelphia,PA,United Kingdom
CUST7248,Neha Reddy,Indianapolis,IN,United States
CUST7249,Vivaan Singh,Fort Worth,TX,United Kingdom
CUST7250,Rohit Patel,Philadelphia,PA,United Kingdom
CUST7251,Sneha Singh,Denver,CO,United States
CUST7252,Arjun Kumar,Jacksonville,FL,Australia
CUST7253,Neha Verma,Columbus,OH,United States
CUST7254,Priya Reddy,New York,NY,United Kingdom
CUST7255,Sneha Joshi,San Antonio,TX,United Kingdom
CUST7256,Aditya Verma,San Jose,CA,Australia
CUST7257,Kabir Gupta,Chicago,IL,India
CUST7258,Vivaan Sharma,Indianapolis,IN,India
CUST7259,Anjali Kumar,Denver,CO,United States
CUST7260,Pooja Mehta,Houston,TX,India
CUST7261,Vikas Kapoor,San Antonio,TX,United States
CUST7262,Aman Mehta,San Jose,CA,India
CUST7263,Rohit Joshi,Austin,TX,United Kingdom
CUST7264,Anjali Kumar,Los Angeles,CA,India
CUST7265,Aman Singh,Charlotte,NC,Australia
CUST7266,Vihaan Gupta,Indianapolis,IN,United States
CUST7267,Vikas Singh,Indianapolis,IN,India
CUST7268,Aditya Singh,Washington,DC,United Kingdom
CUST7269,Pooja Patel,Dallas,TX,India
CUST7270,Vikas Mehta,Charlotte,NC,India
CUST7271,Mohit Singh,San Francisco,CA,India
CUST7272,Pooja Kapoor,San Diego,CA,India
CUST7273,Aarav Mehta,Indianapolis,IN,India
CUST7274,Vivaan Mehta,Charlotte,NC,India
CUST7275,Mohit Kapoor,San Francisco,CA,United Kingdom
CUST7276,Sneha Patel,Denver,CO,India
CUST7277,Aarav Kapoor,Dallas,TX,India
CUST7278,Ritika Verma,Indianapolis,IN,United States
CUST7279,Mohit Singh,Charlotte,NC,Canada
CUST7280,Neha Joshi,Fort Worth,TX,Canada
CUST7281,Sahil Sharma,Fort Worth,TX,Canada
CUST7282,Neha Kapoor,Fort Worth,TX,Canada
CUST7283,Aman Gupta,Charlotte,NC,United States
CUST7284,Aman Singh,Jacksonville,FL,United States
CUST7285,Aditya Gupta,San Francisco,CA,Canada
CUST7286,Arjun Kumar,Houston,TX,United Kingdom
CUST7287,Rohit Joshi,Phoenix,AZ,United States
CUST7288,Vihaan Verma,Denver,CO,United States
CUST7289,Aman Gupta,Dallas,TX,United Kingdom
CUST7290,Aman Singh,Chicago,IL,India
CUST7291,Aditya Kapoor,San Jose,CA,United Kingdom
CUST7292,Aditya Verma,San Jose,CA,India
CUST7293,Sunita Verma,Jacksonville,FL,India
CUST7294,Pooja Verma,Austin,TX,United Kingdom
CUST7295,Vikas Mehta,Jacksonville,FL,India
CUST7296,Sunita Reddy,Austin,TX,Canada
CUST7297,Rohit Patel,Austin,TX,Canada
CUST7298,Aman Kumar,Chicago,IL,United States
CUST7299,Vivaan Kapoor,Washington,DC,Canada
CUST7300,Pooja Sharma,Dallas,TX,United Kingdom
CUST7301,Vihaan Mehta,Chicago,IL,Australia
CUST7302,Rohit Kumar,Columbus,OH,United States
CUST7303,Sahil Kumar,Denver,CO,Canada
CUST7304,Vikas Kumar,Dallas,TX,Australia
CUST7305,Sahil Verma,Columbus,OH,India
CUST7306,Karan Patel,Philadelphia,PA,India
CUST7307,Vivaan Verma,Charlotte,NC,Canada
CUST7308,Anjali Reddy,Columbus,OH,United Kingdom
CUST7309,Rohit Sharma,Denver,CO,Australia
CUST7310,Rohit Sharma,Fort Worth,TX,United Kingdom
CUST7311,Anjali Kumar,Chicago,IL,India
CUST7312,Karan Verma,San Antonio,TX,United States
CUST7313,Sneha Sharma,San Jose,CA,United Kingdom
CUST7314,Rohit Sharma,Columbus,OH,Canada
CUST7315,Neha Singh,San Francisco,CA,India
CUST7316,Aarav Joshi,San Diego,CA,United States
CUST7317,Sneha Reddy,Philadelphia,PA,United States
CUST7318,Simran Verma,Seattle,WA,United States
CUST7319,Sunita Kumar,Indianapolis,IN,Australia
CUST7320,Pooja Singh,Jacksonville,FL,Canada
CUST7321,Vihaan Kapoor,San Jose,CA,United States
CUST7322,Kabir Mehta,Washington,DC,United States
CUST7323,Karan Gupta,Chicago,IL,United Kingdom
CUST7324,Kabir Mehta,Fort Worth,TX,Australia
CUST7325,Aman Kumar,San Francisco,CA,India
CUST7326,Aarav Kapoor,Chicago,IL,United Kingdom
CUST7327,Mohit Gupta,New York,NY,India
CUST7328,Ritika Verma,Columbus,OH,India
CUST7329,Kabir Sharma,Los Angeles,CA,Canada
CUST7330,Vikas Gupta,San Diego,CA,India
CUST7331,Karan Sharma,Chicago,IL,United Kingdom
CUST7332,Neha Kapoor,Charlotte,NC,United States
CUST7333,Vihaan Verma,Philadelphia,PA,United Kingdom
CUST7334,Anjali Sharma,San Francisco,CA,India
CUST7335,Arjun Mehta,Los Angeles,CA,India
CUST7336,Aman Sharma,Denver,CO,United Kingdom
CUST7337,Arjun Mehta,Washington,DC,Australia
CUST7338,Pooja Joshi,Denver,CO,India
CUST7339,Aman Reddy,Los Angeles,CA,Australia
CUST7340,Kabir Singh,New York,NY,United Kingdom
CUST7341,Neha Kapoor,Philadelphia,PA,Canada
CUST7342,Aman Mehta,Los Angeles,CA,United States
CUST7343,Karan Patel,Indianapolis,IN,United Kingdom
CUST7344,Arjun Gupta,San Francisco,CA,United Kingdom
CUST7345,Sunita Reddy,Seattle,WA,India
CUST7346,Anjali Gupta,Chicago,IL,India
CUST7347,Ritika Singh,New York,NY,United States
CUST7348,Priya Sharma,New York,NY,India
CUST7349,Vivaan Sharma,San Antonio,TX,Australia
CUST7350,Rohit Singh,Los Angeles,CA,India
CUST7351,Neha Verma,Jacksonville,FL,India
CUST7352,Vivaan Kumar,Washington,DC,India
CUST7353,Karan Kumar,San Francisco,CA,India
CUST7354,Aditya Sharma,Chicago,IL,Canada
CUST7355,Aditya Reddy,Seattle,WA,United States
CUST7356,Simran Reddy,Columbus,OH,Australia
CUST7357,Aman Kumar,Columbus,OH,India
CUST7358,Anjali Gupta,Philadelphia,PA,India
CUST7359,Mohit Kapoor,Washington,DC,United Kingdom
CUST7360,Aman Verma,Houston,TX,United States
CUST7361,Arjun Singh,San Antonio,TX,Australia
CUST7362,Ritika Gupta,Washington,DC,Canada
CUST7363,Simran Gupta,San Antonio,TX,Australia
CUST7364,Sahil Kumar,Dallas,TX,India
CUST7365,Kabir Mehta,Phoenix,AZ,Canada
CUST7366,Vihaan Reddy,Columbus,OH,India
CUST7367,Aarav Verma,Dallas,TX,India
CUST7368,Sahil Reddy,Jacksonville,FL,United States
CUST7369,Sunita Singh,San Jose,CA,Canada
CUST7370,Neha Mehta,Dallas,TX,India
CUST7371,Anjali Sharma,Phoenix,AZ,India
CUST7372,Vihaan Mehta,San Jose,CA,Canada
CUST7373,Karan Sharma,Los Angeles,CA,United Kingdom
CUST7374,Vivaan Kumar,Los Angeles,CA,United Kingdom
CUST7375,Ritika Kumar,Houston,TX,India
CUST7376,Aditya Reddy,San Francisco,CA,Australia
CUST7377,Mohit Kapoor,Dallas,TX,United Kingdom
CUST7378,Aarav Mehta,New York,NY,India
CUST7379,Kabir Patel,San Francisco,CA,United States
CUST7380,Mohit Sharma,Fort Worth,TX,Canada
CUST7381,Karan Singh,Fort Worth,TX,India
CUST7382,Pooja Kapoor,San Francisco,CA,Canada
CUST7383,Sneha Joshi,Houston,TX,United States
CUST7384,Priya Sharma,Philadelphia,PA,India
CUST7385,Anjali Joshi,Dallas,TX,Canada
CUST7386,Aditya Gupta,Fort Worth,TX,United Kingdom
CUST7387,Pooja Sharma,Austin,TX,United States
CUST7388,Sunita Reddy,Seattle,WA,Canada
CUST7389,Vikas Gupta,Columbus,OH,United States
CUST7390,Aman Kumar,San Antonio,TX,United Kingdom
CUST7391,Priya Reddy,San Francisco,CA,India
CUST7392,Sneha Patel,Denver,CO,Canada
CUST7393,Sahil Mehta,San Jose,CA,Canada
CUST7394,Neha Kumar,Seattle,WA,Australia
CUST7395,Priya Reddy,Denver,CO,Canada
CUST7396,Anjali Sharma,Denver,CO,India
CUST7397,Mohit Sharma,Columbus,OH,Canada
CUST7398,Vivaan Joshi,Charlotte,NC,India
CUST7399,Aarav Kumar,Washington,DC,Canada
CUST7400,Sahil Patel,Washington,DC,United States
CUST7401,Aarav Gupta,San Francisco,CA,Canada
CUST7402,Anjali Sharma,Philadelphia,PA,United States
CUST7403,Mohit Reddy,Los Angeles,CA,Australia
CUST7404,Vihaan Gupta,Houston,TX,India
CUST7405,Rohit Patel,Charlotte,NC,India
CUST7406,Sneha Verma,Indianapolis,IN,United States
CUST7407,Kabir Gupta,Fort Worth,TX,Australia
CUST7408,Sunita Patel,Phoenix,AZ,India
CUST7409,Mohit Joshi,San Francisco,CA,India
CUST7410,Sunita Singh,Washington,DC,Canada
CUST7411,Vikas Joshi,Dallas,TX,India
CUST7412,Priya Patel,Los Angeles,CA,India
CUST7413,Kabir Verma,Denver,CO,Canada
CUST7414,Anjali Verma,Philadelphia,PA,Australia
CUST7415,Vikas Patel,Philadelphia,PA,India
CUST7416,Sneha Joshi,Charlotte,NC,India
CUST7417,Simran Kumar,Jacksonville,FL,United States
CUST7418,Aditya Patel,San Jose,CA,India
CUST7419,Karan Gupta,Columbus,OH,India
CUST7420,Karan Sharma,Philadelphia,PA,United States
CUST7421,Kabir Mehta,Los Angeles,CA,United Kingdom
CUST7422,Kabir Patel,San Antonio,TX,India
CUST7423,Sahil Singh,Columbus,OH,India
CUST7424,Simran Kumar,San Diego,CA,India
CUST7425,Arjun Reddy,Philadelphia,PA,United Kingdom
CUST7426,Vihaan Kumar,San Jose,CA,India
CUST7427,Pooja Singh,Indianapolis,IN,United Kingdom
CUST7428,Vikas Joshi,Jacksonville,FL,United Kingdom
CUST7429,Kabir Verma,Philadelphia,PA,India
CUST7430,Vihaan Patel,Austin,TX,Canada
CUST7431,Aarav Gupta,Jacksonville,FL,India
CUST7432,Sneha Verma,Phoenix,AZ,Australia
CUST7433,Kabir Singh,San Antonio,TX,Australia
CUST7434,Sunita Patel,Seattle,WA,Australia
CUST7435,Rohit Singh,Houston,TX,Australia
CUST7436,Aman Verma,Washington,DC,India
CUST7437,Karan Singh,Seattle,WA,Australia
CUST7438,Mohit Verma,San Diego,CA,United States
CUST7439,Anjali Joshi,Jacksonville,FL,India
CUST7440,Ritika Reddy,San Antonio,TX,Australia
CUST7441,Aditya Patel,Seattle,WA,India
CUST7442,Pooja Gupta,Houston,TX,Canada
CUST7443,Aarav Singh,Chicago,IL,India
CUST7444,Sunita Sharma,Columbus,OH,United Kingdom
CUST7445,Pooja Sharma,Phoenix,AZ,United Kingdom
CUST7446,Pooja Mehta,Phoenix,AZ,United Kingdom
CUST7447,Sneha Mehta,San Francisco,CA,India
CUST7448,Vihaan Sharma,Austin,TX,India
CUST7449,Aditya Kumar,Indianapolis,IN,United States
CUST7450,Anjali Verma,Phoenix,AZ,Australia
CUST7451,Pooja Mehta,San Diego,CA,India
CUST7452,Sneha Reddy,Phoenix,AZ,United States
CUST7453,Aman Verma,Indianapolis,IN,Australia
CUST7454,Priya Joshi,Washington,DC,India
CUST7455,Karan Joshi,Denver,CO,Australia
CUST7456,Vikas Singh,San Jose,CA,United States
CUST7457,Neha Sharma,Austin,TX,India
CUST7458,Karan Kumar,Philadelphia,PA,India
CUST7459,Vikas Sharma,Houston,TX,India
CUST7460,Anjali Verma,San Francisco,CA,United Kingdom
CUST7461,Simran Sharma,Charlotte,NC,United Kingdom
CUST7462,Aditya Verma,San Diego,CA,Australia
CUST7463,Ritika Verma,San Diego,CA,Australia
CUST7464,Kabir Gupta,Washington,DC,Canada
CUST7465,Sneha Joshi,Los Angeles,CA,Canada
CUST7466,Arjun Mehta,Indianapolis,IN,Canada
CUST7467,Sahil Kumar,San Diego,CA,Canada
CUST7468,Vikas Joshi,Phoenix,AZ,India
CUST7469,Vihaan Kumar,Phoenix,AZ,Canada
CUST7470,Arjun Kumar,Houston,TX,India
CUST7471,Aditya Gupta,Charlotte,NC,India
CUST7472,Priya Mehta,Philadelphia,PA,Australia
CUST7473,Rohit Kumar,Jacksonville,FL,United States
CUST7474,Aarav Gupta,San Diego,CA,Australia
CUST7475,Priya Reddy,Houston,TX,India
CUST7476,Sneha Verma,Indianapolis,IN,United Kingdom
CUST7477,Kabir Mehta,Denver,CO,Australia
CUST7478,Rohit Mehta,Dallas,TX,Canada
CUST7479,Neha Sharma,Denver,CO,United States
CUST7480,Sahil Reddy,Phoenix,AZ,United States
CUST7481,Sneha Sharma,Austin,TX,India
CUST7482,Aarav Gupta,Charlotte,NC,United States
CUST7483,Sneha Verma,Denver,CO,United States
CUST7484,Sneha Gupta,Houston,TX,United States
CUST7485,Neha Verma,Charlotte,NC,India
CUST7486,Anjali Mehta,Philadelphia,PA,United Kingdom
CUST7487,Kabir Reddy,Seattle,WA,United States
CUST7488,Neha Kumar,Jacksonville,FL,India
CUST7489,Karan Kumar,Los Angeles,CA,India
CUST7490,Kabir Joshi,San Antonio,TX,India
CUST7491,Vikas Patel,Washington,DC,Australia
CUST7492,Mohit Sharma,Charlotte,NC,India
CUST7493,Aditya Mehta,Indianapolis,IN,India
CUST7494,Rohit Singh,Seattle,WA,Australia
CUST7495,Vihaan Mehta,Fort Worth,TX,Canada
CUST7496,Karan Verma,Seattle,WA,United Kingdom
CUST7497,Aman Patel,Columbus,OH,India
CUST7498,Neha Singh,Fort Worth,TX,Australia
CUST7499,Aman Patel,Philadelphia,PA,India
CUST7500,Anjali Mehta,New York,NY,Australia
CUST7501,Ritika Reddy,Seattle,WA,India
CUST7502,Neha Gupta,Philadelphia,PA,United States
CUST7503,Arjun Singh,Washington,DC,United Kingdom
CUST7504,Pooja Verma,Fort Worth,TX,India
CUST7505,Anjali Reddy,Washington,DC,India
CUST7506,Neha Mehta,New York,NY,India
CUST7507,Mohit Verma,San Antonio,TX,Canada
CUST7508,Sunita Sharma,Austin,TX,India
CUST7509,Sunita Kumar,Jacksonville,FL,United States
CUST7510,Ritika Kapoor,San Diego,CA,United States
CUST7511,Rohit Reddy,Indianapolis,IN,United Kingdom
CUST7512,Rohit Sharma,Columbus,OH,India
CUST7513,Ritika Mehta,Fort Worth,TX,India
CUST7514,Ritika Reddy,San Antonio,TX,India
CUST7515,Kabir Singh,Austin,TX,Australia
CUST7516,Anjali Verma,Chicago,IL,Canada
CUST7517,Priya Sharma,Houston,TX,United States
CUST7518,Aman Kumar,Denver,CO,India
CUST7519,Sneha Singh,Chicago,IL,India
CUST7520,Sneha Mehta,Columbus,OH,Canada
CUST7521,Priya Gupta,Austin,TX,United States
CUST7522,Pooja Kumar,Indianapolis,IN,United States
CUST7523,Pooja Sharma,Denver,CO,India
CUST7524,Priya Joshi,Los Angeles,CA,Canada
CUST7525,Vivaan Patel,New York,NY,Australia
CUST7526,Priya Singh,Denver,CO,Australia
CUST7527,Aditya Kapoor,Philadelphia,PA,United States
CUST7528,Mohit Kumar,Charlotte,NC,United Kingdom
CUST7529,Mohit Kapoor,Denver,CO,Australia
CUST7530,Vikas Kumar,Columbus,OH,India
CUST7531,Kabir Sharma,San Antonio,TX,United States
CUST7532,Pooja Singh,Charlotte,NC,India
CUST7533,Rohit Gupta,Seattle,WA,India
CUST7534,Sneha Gupta,Seattle,WA,India
CUST7535,Aman Mehta,Philadelphia,PA,United States
CUST7536,Karan Kapoor,Columbus,OH,India
CUST7537,Anjali Sharma,Indianapolis,IN,India
CUST7538,Neha Sharma,Jacksonville,FL,United States
CUST7539,Anjali Kapoor,San Diego,CA,United Kingdom
CUST7540,Simran Verma,Jacksonville,FL,United States
CUST7541,Rohit Sharma,Chicago,IL,Australia
CUST7542,Vivaan Kapoor,San Diego,CA,India
CUST7543,Ritika Patel,San Diego,CA,India
CUST7544,Ritika Gupta,Philadelphia,PA,India
CUST7545,Vivaan Verma,San Antonio,TX,United States
CUST7546,Sunita Joshi,Chicago,IL,United Kingdom
CUST7547,Karan Patel,Philadelphia,PA,United States
CUST7548,Priya Gupta,Austin,TX,Canada
CUST7549,Kabir Mehta,Dallas,TX,India
CUST7550,Anjali Sharma,Los Angeles,CA,India
CUST7551,Arjun Gupta,Jacksonville,FL,United Kingdom
CUST7552,Mohit Reddy,San Diego,CA,Australia
CUST7553,Karan Verma,Washington,DC,Canada
CUST7554,Anjali Joshi,Houston,TX,United Kingdom
CUST7555,Sunita Gupta,San Francisco,CA,India
CUST7556,Aman Gupta,Washington,DC,Australia
CUST7557,Sunita Joshi,Washington,DC,United States
CUST7558,Vivaan Kumar,Indianapolis,IN,Canada
CUST7559,Sunita Patel,Columbus,OH,United States
CUST7560,Vihaan Reddy,Austin,TX,Australia
CUST7561,Vihaan Joshi,Seattle,WA,India
CUST7562,Mohit Mehta,Denver,CO,Canada
CUST7563,Simran Reddy,Charlotte,NC,United Kingdom
CUST7564,Anjali Sharma,Dallas,TX,India
CUST7565,Neha Joshi,Dallas,TX,United Kingdom
CUST7566,Pooja Joshi,San Francisco,CA,Australia
CUST7567,Pooja Gupta,Chicago,IL,Canada
CUST7568,Sneha Gupta,Philadelphia,PA,United Kingdom
CUST7569,Aman Patel,San Antonio,TX,India
CUST7570,Arjun Kapoor,Austin,TX,Canada
CUST7571,Vikas Kumar,San Jose,CA,United Kingdom
CUST7572,Sneha Joshi,San Antonio,TX,India
CUST7573,Simran Patel,Houston,TX,Australia
CUST7574,Vikas Kumar,Los Angeles,CA,Canada
CUST7575,Kabir Kapoor,San Jose,CA,United Kingdom
CUST7576,Vivaan Kapoor,Jacksonville,FL,United States
CUST7577,Karan Patel,Washington,DC,India
CUST7578,Aman Singh,Austin,TX,Australia
CUST7579,Sneha Reddy,Philadelphia,PA,United Kingdom
CUST7580,Vivaan Sharma,Charlotte,NC,India
CUST7581,Ritika Verma,Dallas,TX,Canada
CUST7582,Ritika Patel,Austin,TX,Australia
CUST7583,Sahil Verma,Fort Worth,TX,India
CUST7584,Pooja Mehta,San Francisco,CA,United Kingdom
CUST7585,Karan Verma,San Diego,CA,United Kingdom
CUST7586,Aman Joshi,Columbus,OH,United States
CUST7587,Simran Kapoor,Houston,TX,India
CUST7588,Arjun Kapoor,New York,NY,India
CUST7589,Kabir Kapoor,Fort Worth,TX,India
CUST7590,Vikas Sharma,Columbus,OH,Australia
CUST7591,Mohit Singh,San Francisco,CA,United Kingdom
CUST7592,Aditya Gupta,San Jose,CA,India
CUST7593,Vivaan Patel,San Francisco,CA,Australia
CUST7594,Aditya Kumar,Charlotte,NC,India
CUST7595,Vivaan Gupta,Philadelphia,PA,India
CUST7596,Ritika Verma,San Francisco,CA,United Kingdom
CUST7597,Pooja Joshi,Fort Worth,TX,Canada
CUST7598,Aman Patel,Columbus,OH,Australia
CUST7599,Pooja Gupta,Los Angeles,CA,Canada
CUST7600,Vihaan Sharma,Los Angeles,CA,Australia
CUST7601,Sneha Patel,Columbus,OH,Australia
CUST7602,Priya Joshi,San Antonio,TX,Australia
CUST7603,Vihaan Kumar,San Francisco,CA,Canada
CUST7604,Aditya Kumar,San Antonio,TX,India
CUST7605,Vikas Verma,San Francisco,CA,United Kingdom
CUST7606,Anjali Reddy,Indianapolis,IN,Canada
CUST7607,Vihaan Joshi,Austin,TX,United States
CUST7608,Anjali Patel,Charlotte,NC,India
CUST7609,Mohit Kumar,Charlotte,NC,India
CUST7610,Sahil Kumar,Indianapolis,IN,India
CUST7611,Aditya Reddy,Dallas,TX,India
CUST7612,Aditya Gupta,Chicago,IL,Australia
CUST7613,Kabir Singh,San Francisco,CA,United States
CUST7614,Vihaan Singh,Chicago,IL,Australia
CUST7615,Sunita Verma,Chicago,IL,Australia
CUST7616,Aditya Patel,Phoenix,AZ,Canada
CUST7617,Vivaan Kapoor,San Antonio,TX,India
CUST7618,Anjali Joshi,Seattle,WA,United States
CUST7619,Anjali Gupta,New York,NY,Australia
CUST7620,Vihaan Reddy,Seattle,WA,Canada
CUST7621,Arjun Sharma,Phoenix,AZ,Canada
CUST7622,Aditya Kapoor,Los Angeles,CA,Australia
CUST7623,Vihaan Sharma,Houston,TX,United States
CUST7624,Mohit Gupta,Chicago,IL,Canada
CUST7625,Arjun Mehta,San Antonio,TX,United States
CUST7626,Sunita Kapoor,Houston,TX,Australia
CUST7627,Aman Kumar,Chicago,IL,United Kingdom
CUST7628,Ritika Verma,Chicago,IL,India
CUST7629,Aman Mehta,Fort Worth,TX,Australia
CUST7630,Aarav Mehta,San Jose,CA,India
CUST7631,Vikas Mehta,Phoenix,AZ,United Kingdom
CUST7632,Neha Reddy,San Antonio,TX,Australia
CUST7633,Rohit Mehta,Dallas,TX,United Kingdom
CUST7634,Sunita Sharma,Austin,TX,United States
CUST7635,Aman Sharma,New York,NY,Australia
CUST7636,Vihaan Gupta,Austin,TX,India
CUST7637,Aman Kapoor,Austin,TX,Canada
CUST7638,Anjali Kumar,Dallas,TX,India
CUST7639,Pooja Joshi,New York,NY,Australia
CUST7640,Sneha Singh,San Antonio,TX,Canada
CUST7641,Aarav Reddy,Dallas,TX,Canada
CUST7642,Pooja Reddy,San Francisco,CA,India
CUST7643,Aman Mehta,Chicago,IL,United States
CUST7644,Sahil Gupta,San Antonio,TX,United States
CUST7645,Sahil Kumar,Seattle,WA,United Kingdom
CUST7646,Neha Patel,Fort Worth,TX,Canada
CUST7647,Vihaan Verma,Austin,TX,United Kingdom
CUST7648,Aditya Patel,San Francisco,CA,India
CUST7649,Vihaan Kapoor,San Diego,CA,Canada
CUST7650,Mohit Sharma,Jacksonville,FL,India
CUST7651,Arjun Singh,Austin,TX,India
CUST7652,Pooja Singh,Philadelphia,PA,India
CUST7653,Rohit Gupta,Denver,CO,India
CUST7654,Aman Gupta,Houston,TX,United States
CUST7655,Vivaan Gupta,Columbus,OH,Canada
CUST7656,Aditya Patel,Houston,TX,India
CUST7657,Pooja Mehta,Columbus,OH,United Kingdom
CUST7658,Sneha Kapoor,Dallas,TX,Canada
CUST7659,Pooja Mehta,San Diego,CA,United States
CUST7660,Arjun Sharma,Seattle,WA,United States
CUST7661,Mohit Verma,Austin,TX,United Kingdom
CUST7662,Rohit Reddy,Austin,TX,India
CUST7663,Sahil Singh,Indianapolis,IN,India
CUST7664,Pooja Gupta,Dallas,TX,India
CUST7665,Sunita Sharma,Philadelphia,PA,Australia
CUST7666,Kabir Sharma,Denver,CO,India
CUST7667,Kabir Reddy,Dallas,TX,United Kingdom
CUST7668,Neha Patel,San Antonio,TX,Canada
CUST7669,Arjun Kapoor,Charlotte,NC,India
CUST7670,Pooja Gupta,San Antonio,TX,India
CUST7671,Vihaan Gupta,Philadelphia,PA,Canada
CUST7672,Aman Patel,San Francisco,CA,Canada
CUST7673,Kabir Gupta,Fort Worth,TX,Canada
CUST7674,Sneha Mehta,Indianapolis,IN,Australia
CUST7675,Anjali Mehta,Austin,TX,United States
CUST7676,Ritika Singh,Denver,CO,United States
CUST7677,Neha Mehta,Fort Worth,TX,India
CUST7678,Sneha Gupta,Denver,CO,United Kingdom
CUST7679,Vihaan Patel,Columbus,OH,United States
CUST7680,Simran Joshi,San Jose,CA,Canada
CUST7681,Kabir Gupta,Los Angeles,CA,India
CUST7682,Sneha Verma,Philadelphia,PA,Australia
CUST7683,Anjali Gupta,Los Angeles,CA,India
CUST7684,Rohit Kapoor,San Antonio,TX,India
CUST7685,Anjali Singh,Washington,DC,United States
CUST7686,Neha Kapoor,Los Angeles,CA,United Kingdom
CUST7687,Priya Joshi,San Diego,CA,Canada
CUST7688,Vihaan Mehta,Philadelphia,PA,Australia
CUST7689,Sunita Sharma,Columbus,OH,India
CUST7690,Mohit Kumar,Dallas,TX,India
CUST7691,Priya Sharma,Columbus,OH,India
CUST7692,Ritika Joshi,Fort Worth,TX,United Kingdom
CUST7693,Priya Verma,Columbus,OH,United Kingdom
CUST7694,Aman Kumar,Austin,TX,India
CUST7695,Neha Gupta,San Jose,CA,India
CUST7696,Vikas Mehta,Columbus,OH,United Kingdom
CUST7697,Simran Sharma,Indianapolis,IN,United Kingdom
CUST7698,Rohit Kapoor,Columbus,OH,United Kingdom
CUST7699,Sunita Verma,Philadelphia,PA,United States
CUST7700,Simran Patel,San Francisco,CA,United States
CUST7701,Simran Sharma,Denver,CO,India
CUST7702,Sunita Joshi,San Diego,CA,Canada
CUST7703,Mohit Reddy,Charlotte,NC,United Kingdom
CUST7704,Arjun Verma,San Diego,CA,India
CUST7705,Mohit Joshi,Seattle,WA,India
CUST7706,Pooja Reddy,Los Angeles,CA,United Kingdom
CUST7707,Aarav Kumar,San Jose,CA,India
CUST7708,Aarav Sharma,Indianapolis,IN,Canada
CUST7709,Simran Kumar,Denver,CO,United Kingdom
CUST7710,Vikas Mehta,Austin,TX,India
CUST7711,Arjun Mehta,San Antonio,TX,Canada
CUST7712,Aarav Reddy,Philadelphia,PA,United States
CUST7713,Sneha Joshi,Indianapolis,IN,United Kingdom
CUST7714,Anjali Kapoor,Chicago,IL,India
CUST7715,Aman Verma,Seattle,WA,Canada
CUST7716,Aarav Patel,San Antonio,TX,Australia
CUST7717,Arjun Sharma,Chicago,IL,India
CUST7718,Sahil Verma,Philadelphia,PA,United States
CUST7719,Sunita Singh,Washington,DC,United Kingdom
CUST7720,Mohit Sharma,Philadelphia,PA,Australia
CUST7721,Aarav Joshi,San Antonio,TX,Canada
CUST7722,Karan Joshi,Fort Worth,TX,India
CUST7723,Priya Verma,Houston,TX,Canada
CUST7724,Mohit Mehta,Chicago,IL,Australia
CUST7725,Kabir Mehta,Chicago,IL,India
CUST7726,Vihaan Kapoor,Indianapolis,IN,Australia
CUST7727,Anjali Kumar,Seattle,WA,Canada
CUST7728,Vivaan Verma,Los Angeles,CA,India
CUST7729,Sahil Singh,Dallas,TX,United States
CUST7730,Mohit Verma,Houston,TX,India
CUST7731,Karan Kapoor,New York,NY,United States
CUST7732,Kabir Verma,Chicago,IL,Australia
CUST7733,Aarav Mehta,Denver,CO,United Kingdom
CUST7734,Aditya Joshi,San Francisco,CA,Australia
CUST7735,Priya Patel,Phoenix,AZ,Canada
CUST7736,Pooja Mehta,New York,NY,United States
CUST7737,Ritika Kumar,Austin,TX,India
CUST7738,Vikas Verma,Jacksonville,FL,Canada
CUST7739,Vivaan Verma,Philadelphia,PA,Canada
CUST7740,Arjun Reddy,Charlotte,NC,India
CUST7741,Sneha Kumar,Phoenix,AZ,United States
CUST7742,Aditya Kapoor,Dallas,TX,United States
CUST7743,Neha Verma,Columbus,OH,India
CUST7744,Aman Joshi,Fort Worth,TX,United States
CUST7745,Vivaan Kapoor,Austin,TX,Canada
CUST7746,Arjun Gupta,Austin,TX,United Kingdom
CUST7747,Anjali Kumar,San Francisco,CA,Canada
CUST7748,Sunita Joshi,Dallas,TX,India
CUST7749,Sunita Gupta,Fort Worth,TX,United States
CUST7750,Sneha Gupta,Fort Worth,TX,Australia
CUST7751,Simran Kumar,Phoenix,AZ,Canada
CUST7752,Ritika Gupta,San Antonio,TX,India
CUST7753,Anjali Gupta,San Francisco,CA,Canada
CUST7754,Karan Verma,San Jose,CA,United Kingdom
CUST7755,Ritika Kumar,San Antonio,TX,Canada
CUST7756,Priya Reddy,Seattle,WA,United States
CUST7757,Anjali Gupta,San Francisco,CA,United States
CUST7758,Aarav Kumar,Houston,TX,India
CUST7759,Ritika Kapoor,Austin,TX,India
CUST7760,Neha Sharma,Philadelphia,PA,India
CUST7761,Simran Kapoor,Seattle,WA,India
CUST7762,Sunita Kumar,Seattle,WA,Australia
CUST7763,Simran Verma,San Diego,CA,United States
CUST7764,Simran Kumar,San Francisco,CA,India
CUST7765,Vikas Verma,San Francisco,CA,India
CUST7766,Priya Kumar,San Francisco,CA,Australia
CUST7767,Rohit Kumar,Phoenix,AZ,India
CUST7768,Ritika Kumar,Los Angeles,CA,India
CUST7769,Pooja Gupta,Indianapolis,IN,Canada
CUST7770,Sunita Sharma,Chicago,IL,India
CUST7771,Arjun Kumar,Fort Worth,TX,India
CUST7772,Sahil Mehta,Washington,DC,Canada
CUST7773,Kabir Gupta,Columbus,OH,India
CUST7774,Aditya Singh,San Antonio,TX,India
CUST7775,Aman Patel,Jacksonville,FL,United States
CUST7776,Neha Patel,Austin,TX,United Kingdom
CUST7777,Sneha Verma,Philadelphia,PA,United States
CUST7778,Sahil Mehta,Los Angeles,CA,Canada
CUST7779,Sneha Kapoor,San Diego,CA,Canada
CUST7780,Sahil Mehta,Houston,TX,India
CUST7781,Arjun Reddy,Chicago,IL,Australia
CUST7782,Aman Joshi,Fort Worth,TX,India
CUST7783,Mohit Reddy,San Diego,CA,United Kingdom
CUST7784,Vivaan Singh,Dallas,TX,Canada
CUST7785,Aditya Singh,Jacksonville,FL,Canada
CUST7786,Mohit Sharma,Chicago,IL,United Kingdom
CUST7787,Vikas Gupta,Fort Worth,TX,Canada
CUST7788,Sunita Mehta,San Diego,CA,India
CUST7789,Anjali Sharma,Jacksonville,FL,India
CUST7790,Sahil Patel,Fort Worth,TX,United States
CUST7791,Priya Reddy,San Antonio,TX,Canada
CUST7792,Vikas Reddy,Fort Worth,TX,Canada
CUST7793,Rohit Mehta,Jacksonville,FL,United Kingdom
CUST7794,Aditya Gupta,San Antonio,TX,India
CUST7795,Sahil Patel,New York,NY,Australia
CUST7796,Vikas Sharma,Philadelphia,PA,Australia
CUST7797,Kabir Singh,Jacksonville,FL,United States
CUST7798,Sahil Patel,Denver,CO,India
CUST7799,Ritika Joshi,Fort Worth,TX,Canada
CUST7800,Neha Kapoor,San Jose,CA,United States
CUST7801,Anjali Reddy,Los Angeles,CA,Australia
CUST7802,Mohit Kapoor,Houston,TX,Australia
CUST7803,Vihaan Patel,New York,NY,United States
CUST7804,Anjali Verma,San Antonio,TX,India
CUST7805,Priya Kapoor,San Jose,CA,India
CUST7806,Simran Gupta,Indianapolis,IN,Canada
CUST7807,Sahil Joshi,Jacksonville,FL,India
CUST7808,Aditya Singh,Chicago,IL,Canada
CUST7809,Priya Kapoor,Charlotte,NC,India
CUST7810,Priya Kumar,Austin,TX,Australia
CUST7811,Kabir Joshi,Phoenix,AZ,India
CUST7812,Sunita Patel,San Jose,CA,United States
CUST7813,Priya Joshi,Indianapolis,IN,Canada
CUST7814,Ritika Mehta,Washington,DC,India
CUST7815,Neha Mehta,Austin,TX,India
CUST7816,Arjun Gupta,Columbus,OH,India
CUST7817,Arjun Patel,Seattle,WA,India
CUST7818,Arjun Sharma,Jacksonville,FL,India
CUST7819,Kabir Kumar,Jacksonville,FL,United Kingdom
CUST7820,Simran Singh,San Jose,CA,Australia
CUST7821,Anjali Mehta,San Diego,CA,India
CUST7822,Ritika Sharma,Jacksonville,FL,United Kingdom
CUST7823,Aman Gupta,Phoenix,AZ,Canada
CUST7824,Arjun Kapoor,Phoenix,AZ,India
CUST7825,Aman Gupta,Charlotte,NC,India
CUST7826,Kabir Mehta,Chicago,IL,Canada
CUST7827,Neha Verma,San Jose,CA,India
CUST7828,Priya Joshi,Houston,TX,Canada
CUST7829,Arjun Kapoor,Phoenix,AZ,United Kingdom
CUST7830,Ritika Sharma,Austin,TX,Australia
CUST7831,Ritika Sharma,Philadelphia,PA,India
CUST7832,Vivaan Mehta,San Diego,CA,Australia
CUST7833,Priya Gupta,Charlotte,NC,Canada
CUST7834,Vivaan Gupta,Philadelphia,PA,Australia
CUST7835,Mohit Kumar,Washington,DC,Canada
CUST7836,Vihaan Mehta,Houston,TX,India
CUST7837,Aarav Gupta,Chicago,IL,Canada
CUST7838,Ritika Singh,Houston,TX,India
CUST7839,Rohit Kumar,Los Angeles,CA,Australia
CUST7840,Sneha Kumar,Dallas,TX,India
CUST7841,Aarav Joshi,Chicago,IL,United States
CUST7842,Sneha Gupta,Phoenix,AZ,Canada
CUST7843,Rohit Sharma,Los Angeles,CA,India
CUST7844,Aarav Kapoor,Austin,TX,Canada
CUST7845,Rohit Joshi,Philadelphia,PA,Canada
CUST7846,Sneha Kumar,Seattle,WA,Canada
CUST7847,Sunita Sharma,Washington,DC,India
CUST7848,Ritika Gupta,Seattle,WA,India
CUST7849,Priya Patel,Columbus,OH,Australia
CUST7850,Aman Verma,Houston,TX,Australia
CUST7851,Anjali Patel,Houston,TX,Australia
CUST7852,Pooja Mehta,Columbus,OH,Australia
CUST7853,Karan Verma,Seattle,WA,India
CUST7854,Aditya Reddy,Charlotte,NC,Canada
CUST7855,Vikas Mehta,Phoenix,AZ,United States
CUST7856,Arjun Sharma,Washington,DC,Australia
CUST7857,Vikas Mehta,Los Angeles,CA,India
CUST7858,Simran Verma,San Diego,CA,Canada
CUST7859,Rohit Mehta,Fort Worth,TX,India
CUST7860,Aarav Reddy,San Jose,CA,India
CUST7861,Vivaan Verma,San Diego,CA,United States
CUST7862,Vihaan Sharma,New York,NY,United Kingdom
CUST7863,Vikas Mehta,Washington,DC,India
CUST7864,Kabir Sharma,San Diego,CA,Canada
CUST7865,Anjali Mehta,Austin,TX,India
CUST7866,Aman Sharma,Philadelphia,PA,Canada
CUST7867,Aarav Joshi,New York,NY,Australia
CUST7868,Mohit Sharma,Seattle,WA,United Kingdom
CUST7869,Sahil Verma,Austin,TX,India
CUST7870,Arjun Kumar,Chicago,IL,India
CUST7871,Aman Kapoor,Charlotte,NC,Australia
CUST7872,Sunita Joshi,Fort Worth,TX,India
CUST7873,Aman Mehta,Charlotte,NC,India
CUST7874,Anjali Joshi,Los Angeles,CA,Australia
CUST7875,Vihaan Verma,Fort Worth,TX,India
CUST7876,Vivaan Patel,San Jose,CA,India
CUST7877,Kabir Patel,Columbus,OH,India
CUST7878,Vikas Reddy,Washington,DC,India
CUST7879,Sneha Joshi,Los Angeles,CA,India
CUST7880,Sahil Joshi,San Antonio,TX,United States
CUST7881,Neha Singh,Charlotte,NC,United Kingdom
CUST7882,Arjun Gupta,Philadelphia,PA,India
CUST7883,Vivaan Singh,Los Angeles,CA,Canada
CUST7884,Ritika Joshi,Washington,DC,Canada
CUST7885,Sunita Verma,San Diego,CA,United Kingdom
CUST7886,Sunita Kumar,Seattle,WA,United States
CUST7887,Aarav Kapoor,New York,NY,United Kingdom
CUST7888,Mohit Kapoor,Jacksonville,FL,United Kingdom
CUST7889,Priya Kapoor,San Diego,CA,India
CUST7890,Sneha Sharma,New York,NY,India
CUST7891,Neha Gupta,Denver,CO,India
CUST7892,Sunita Singh,Fort Worth,TX,India
CUST7893,Aman Kapoor,Austin,TX,India
CUST7894,Neha Kumar,Phoenix,AZ,India
CUST7895,Arjun Patel,Houston,TX,United Kingdom
CUST7896,Arjun Kumar,San Diego,CA,United States
CUST7897,Vikas Mehta,New York,NY,India
CUST7898,Aman Sharma,Dallas,TX,India
CUST7899,Neha Reddy,Dallas,TX,Australia
CUST7900,Ritika Reddy,Fort Worth,TX,India
CUST7901,Priya Gupta,Charlotte,NC,India
CUST7902,Pooja Reddy,San Jose,CA,India
CUST7903,Sahil Reddy,Houston,TX,United States
CUST7904,Arjun Mehta,San Antonio,TX,United Kingdom
CUST7905,Vihaan Gupta,Indianapolis,IN,United Kingdom
CUST7906,Vihaan Kapoor,Los Angeles,CA,India
CUST7907,Sneha Kapoor,Phoenix,AZ,Canada
CUST7908,Aarav Gupta,Denver,CO,India
CUST7909,Sneha Singh,Columbus,OH,Canada
CUST7910,Vivaan Reddy,Chicago,IL,Australia
CUST7911,Vihaan Gupta,Charlotte,NC,Canada
CUST7912,Aditya Sharma,Phoenix,AZ,United Kingdom
CUST7913,Sunita Gupta,Columbus,OH,Canada
CUST7914,Simran Patel,Los Angeles,CA,United States
CUST7915,Priya Verma,Fort Worth,TX,India
CUST7916,Aarav Mehta,Charlotte,NC,Canada
CUST7917,Aarav Kumar,Indianapolis,IN,United States
CUST7918,Mohit Mehta,Fort Worth,TX,India
CUST7919,Sneha Verma,Phoenix,AZ,India
CUST7920,Sahil Sharma,Chicago,IL,India
CUST7921,Sunita Kumar,Columbus,OH,United Kingdom
CUST7922,Aditya Sharma,Fort Worth,TX,United States
CUST7923,Sunita Gupta,Columbus,OH,United Kingdom
CUST7924,Vivaan Joshi,Austin,TX,United Kingdom
CUST7925,Neha Kumar,Philadelphia,PA,Australia
CUST7926,Rohit Sharma,San Francisco,CA,United Kingdom
CUST7927,Priya Kapoor,Houston,TX,United Kingdom
CUST7928,Vivaan Gupta,Philadelphia,PA,United States
CUST7929,Ritika Singh,Chicago,IL,Australia
CUST7930,Anjali Kumar,Jacksonville,FL,Australia
CUST7931,Aditya Gupta,Fort Worth,TX,India
CUST7932,Pooja Kapoor,San Jose,CA,Canada
CUST7933,Sunita Joshi,Los Angeles,CA,United Kingdom
CUST7934,Vihaan Joshi,Washington,DC,India
CUST7935,Sneha Patel,San Francisco,CA,Canada
CUST7936,Simran Kapoor,Dallas,TX,India
CUST7937,Arjun Patel,Austin,TX,Canada
CUST7938,Aarav Mehta,San Antonio,TX,Australia
CUST7939,Kabir Kumar,Austin,TX,Australia
CUST7940,Vivaan Verma,Washington,DC,United Kingdom
CUST7941,Simran Kumar,Philadelphia,PA,United States
CUST7942,Arjun Verma,Jacksonville,FL,United Kingdom
CUST7943,Sunita Joshi,Seattle,WA,India
CUST7944,Arjun Kumar,Seattle,WA,Canada
CUST7945,Vivaan Gupta,Seattle,WA,Australia
CUST7946,Aditya Kapoor,San Diego,CA,Canada
CUST7947,Vihaan Joshi,Houston,TX,India
CUST7948,Vihaan Mehta,Philadelphia,PA,India
CUST7949,Sneha Singh,Washington,DC,India
CUST7950,Sneha Joshi,Washington,DC,India
CUST7951,Mohit Singh,San Jose,CA,United States
CUST7952,Anjali Singh,San Diego,CA,Canada
CUST7953,Kabir Mehta,San Antonio,TX,India
CUST7954,Pooja Kumar,Los Angeles,CA,India
CUST7955,Karan Reddy,Indianapolis,IN,Canada
CUST7956,Sneha Kumar,San Francisco,CA,Australia
CUST7957,Vivaan Mehta,Seattle,WA,Australia
CUST7958,Pooja Sharma,Philadelphia,PA,United States
CUST7959,Aarav Patel,Fort Worth,TX,India
CUST7960,Sahil Joshi,Houston,TX,Australia
CUST7961,Sahil Sharma,Seattle,WA,Canada
CUST7962,Anjali Patel,Austin,TX,Canada
CUST7963,Pooja Verma,New York,NY,United States
CUST7964,Arjun Patel,Denver,CO,United States
CUST7965,Priya Singh,Seattle,WA,Australia
CUST7966,Pooja Reddy,Fort Worth,TX,India
CUST7967,Sneha Mehta,Phoenix,AZ,Australia
CUST7968,Aditya Mehta,Houston,TX,India
CUST7969,Mohit Joshi,Philadelphia,PA,Canada
CUST7970,Arjun Singh,Fort Worth,TX,United States
CUST7971,Sneha Patel,Phoenix,AZ,Australia
CUST7972,Vivaan Singh,Indianapolis,IN,India
CUST7973,Simran Patel,San Antonio,TX,Australia
CUST7974,Sneha Verma,New York,NY,Canada
CUST7975,Sahil Joshi,Seattle,WA,India
CUST7976,Priya Sharma,Jacksonville,FL,Canada
CUST7977,Aarav Gupta,San Diego,CA,India
CUST7978,Aarav Mehta,Dallas,TX,Canada
CUST7979,Sunita Gupta,Los Angeles,CA,India
CUST7980,Aman Sharma,Philadelphia,PA,Australia
CUST7981,Aarav Patel,Austin,TX,United States
CUST7982,Vivaan Patel,San Jose,CA,Australia
CUST7983,Pooja Sharma,San Diego,CA,Canada
CUST7984,Kabir Patel,Washington,DC,Canada
CUST7985,Aditya Verma,Jacksonville,FL,Australia
CUST7986,Mohit Mehta,Austin,TX,Australia
CUST7987,Vivaan Kumar,San Francisco,CA,Australia
CUST7988,Priya Patel,San Antonio,TX,India
CUST7989,Vikas Kapoor,Chicago,IL,India
CUST7990,Vihaan Kumar,Charlotte,NC,Canada
CUST7991,Aarav Reddy,San Francisco,CA,India
CUST7992,Aarav Reddy,Los Angeles,CA,United States
CUST7993,Sneha Kapoor,Chicago,IL,United Kingdom
CUST7994,Ritika Kapoor,San Antonio,TX,India
CUST7995,Vihaan Patel,New York,NY,Canada
CUST7996,Aman Joshi,Jacksonville,FL,Canada
CUST7997,Sneha Joshi,Columbus,OH,United States
CUST7998,Priya Gupta,Austin,TX,India
CUST7999,Simran Mehta,Charlotte,NC,India
CUST8000,Rohit Kapoor,San Francisco,CA,India
CUST8001,Vikas Reddy,Dallas,TX,Canada
CUST8002,Aman Kumar,Austin,TX,United States
CUST8003,Neha Reddy,Austin,TX,India
CUST8004,Aarav Joshi,Houston,TX,United Kingdom
CUST8005,Anjali Gupta,New York,NY,Canada
CUST8006,Kabir Patel,Chicago,IL,United Kingdom
CUST8007,Anjali Sharma,Dallas,TX,Australia
CUST8008,Aditya Singh,Charlotte,NC,Australia
CUST8009,Neha Gupta,Charlotte,NC,India
CUST8010,Pooja Patel,Denver,CO,Canada
CUST8011,Neha Mehta,Seattle,WA,Canada
CUST8012,Vihaan Reddy,Chicago,IL,Canada
CUST8013,Ritika Kumar,San Diego,CA,Australia
CUST8014,Anjali Sharma,Phoenix,AZ,Australia
CUST8015,Neha Joshi,San Francisco,CA,India
CUST8016,Neha Reddy,San Diego,CA,United States
CUST8017,Vivaan Gupta,Charlotte,NC,United States
CUST8018,Aarav Reddy,Seattle,WA,United Kingdom
CUST8019,Simran Sharma,Charlotte,NC,Australia
CUST8020,Vivaan Sharma,Seattle,WA,Australia
CUST8021,Vivaan Joshi,Washington,DC,Canada
CUST8022,Sahil Kumar,Charlotte,NC,Australia
CUST8023,Sneha Kumar,Washington,DC,India
CUST8024,Ritika Verma,San Francisco,CA,Canada
CUST8025,Kabir Singh,Seattle,WA,Canada
CUST8026,Ritika Mehta,Fort Worth,TX,United States
CUST8027,Kabir Singh,Jacksonville,FL,India
CUST8028,Anjali Kumar,Fort Worth,TX,United Kingdom
CUST8029,Sneha Joshi,Phoenix,AZ,India
CUST8030,Mohit Joshi,Denver,CO,United States
CUST8031,Aman Sharma,Phoenix,AZ,United Kingdom
CUST8032,Aditya Singh,Houston,TX,India
CUST8033,Karan Kapoor,Chicago,IL,India
CUST8034,Karan Sharma,Columbus,OH,India
CUST8035,Simran Kumar,San Francisco,CA,Australia
CUST8036,Neha Joshi,San Antonio,TX,Australia
CUST8037,Arjun Reddy,Indianapolis,IN,India
CUST8038,Simran Sharma,Jacksonville,FL,India
CUST8039,Rohit Joshi,San Diego,CA,Australia
CUST8040,Aman Kumar,New York,NY,United Kingdom
CUST8041,Pooja Singh,Fort Worth,TX,Canada
CUST8042,Kabir Reddy,Seattle,WA,India
CUST8043,Aarav Reddy,Seattle,WA,Australia
CUST8044,Neha Gupta,Jacksonville,FL,United States
CUST8045,Neha Sharma,Phoenix,AZ,India
CUST8046,Vivaan Singh,Charlotte,NC,Canada
CUST8047,Aarav Singh,Indianapolis,IN,Canada
CUST8048,Anjali Kumar,Seattle,WA,India
CUST8049,Pooja Singh,Fort Worth,TX,Australia
CUST8050,Vikas Singh,San Diego,CA,Australia
CUST8051,Sunita Kapoor,New York,NY,Australia
CUST8052,Priya Verma,Dallas,TX,Australia
CUST8053,Sunita Reddy,Philadelphia,PA,India
CUST8054,Neha Verma,Phoenix,AZ,United Kingdom
CUST8055,Pooja Gupta,Indianapolis,IN,United Kingdom
CUST8056,Ritika Kapoor,Denver,CO,Canada
CUST8057,Ritika Reddy,Columbus,OH,United States
CUST8058,Sahil Patel,Los Angeles,CA,United States
CUST8059,Sneha Patel,Jacksonville,FL,United Kingdom
CUST8060,Pooja Reddy,Houston,TX,India
CUST8061,Aarav Sharma,Columbus,OH,India
CUST8062,Priya Reddy,San Antonio,TX,Australia
CUST8063,Aman Joshi,Dallas,TX,United Kingdom
CUST8064,Kabir Singh,Chicago,IL,Australia
CUST8065,Neha Gupta,San Antonio,TX,United States
CUST8066,Pooja Joshi,San Antonio,TX,India
CUST8067,Mohit Kapoor,New York,NY,United States
CUST8068,Neha Singh,San Francisco,CA,United Kingdom
CUST8069,Sahil Sharma,Los Angeles,CA,Australia
CUST8070,Arjun Kapoor,San Diego,CA,India
CUST8071,Anjali Verma,Indianapolis,IN,Canada
CUST8072,Ritika Kumar,Charlotte,NC,India
CUST8073,Sneha Mehta,Washington,DC,India
CUST8074,Sneha Sharma,San Jose,CA,India
CUST8075,Vihaan Mehta,Dallas,TX,India
CUST8076,Karan Kumar,Chicago,IL,Australia
CUST8077,Arjun Verma,Houston,TX,India
CUST8078,Rohit Reddy,San Jose,CA,Australia
CUST8079,Sunita Mehta,Dallas,TX,Australia
CUST8080,Aditya Patel,Charlotte,NC,India
CUST8081,Sunita Mehta,San Francisco,CA,Australia
CUST8082,Priya Verma,Denver,CO,United Kingdom
CUST8083,Aman Sharma,Austin,TX,India
CUST8084,Aman Singh,Chicago,IL,Australia
CUST8085,Aditya Kumar,New York,NY,Canada
CUST8086,Mohit Kapoor,Seattle,WA,Canada
CUST8087,Sahil Reddy,Indianapolis,IN,United Kingdom
CUST8088,Neha Reddy,Philadelphia,PA,United Kingdom
CUST8089,Aarav Reddy,Fort Worth,TX,United Kingdom
CUST8090,Neha Joshi,San Antonio,TX,United Kingdom
CUST8091,Aditya Sharma,Seattle,WA,India
CUST8092,Sahil Kumar,Chicago,IL,United Kingdom
CUST8093,Neha Kumar,Seattle,WA,India
CUST8094,Mohit Kumar,Houston,TX,Australia
CUST8095,Vivaan Gupta,San Diego,CA,United Kingdom
CUST8096,Anjali Reddy,San Diego,CA,United States
CUST8097,Neha Kumar,Austin,TX,Canada
CUST8098,Sahil Patel,San Jose,CA,India
CUST8099,Aman Kapoor,Jacksonville,FL,Canada
CUST8100,Priya Mehta,Jacksonville,FL,Canada
CUST8101,Aman Mehta,Columbus,OH,India
CUST8102,Kabir Sharma,Seattle,WA,India
CUST8103,Priya Gupta,Phoenix,AZ,United States
CUST8104,Karan Joshi,Chicago,IL,Australia
CUST8105,Mohit Gupta,Charlotte,NC,India
CUST8106,Sahil Kapoor,Washington,DC,India
CUST8107,Mohit Kumar,Austin,TX,Australia
CUST8108,Pooja Sharma,Denver,CO,United States
CUST8109,Kabir Patel,San Francisco,CA,Australia
CUST8110,Rohit Sharma,Chicago,IL,United Kingdom
CUST8111,Vihaan Kumar,Washington,DC,India
CUST8112,Aditya Mehta,San Jose,CA,Canada
CUST8113,Sahil Verma,Charlotte,NC,United Kingdom
CUST8114,Vikas Kumar,Los Angeles,CA,United States
CUST8115,Pooja Kumar,Fort Worth,TX,United Kingdom
CUST8116,Anjali Mehta,San Francisco,CA,Canada
CUST8117,Neha Patel,Seattle,WA,Canada
CUST8118,Vikas Patel,Washington,DC,India
CUST8119,Priya Reddy,San Jose,CA,Australia
CUST8120,Aditya Gupta,Dallas,TX,Canada
CUST8121,Neha Mehta,Philadelphia,PA,Canada
CUST8122,Kabir Gupta,Charlotte,NC,Canada
CUST8123,Simran Kumar,Los Angeles,CA,United States
CUST8124,Rohit Patel,Jacksonville,FL,Australia
CUST8125,Mohit Patel,Houston,TX,United States
CUST8126,Aarav Gupta,Phoenix,AZ,United States
CUST8127,Aarav Verma,Dallas,TX,United Kingdom
CUST8128,Sahil Kapoor,Phoenix,AZ,United States
CUST8129,Rohit Gupta,Austin,TX,India
CUST8130,Aditya Singh,Austin,TX,United Kingdom
CUST8131,Mohit Kapoor,Charlotte,NC,United States
CUST8132,Aditya Gupta,Philadelphia,PA,India
CUST8133,Sahil Sharma,Los Angeles,CA,India
CUST8134,Mohit Kapoor,San Diego,CA,United Kingdom
CUST8135,Sahil Reddy,Fort Worth,TX,Australia
CUST8136,Vihaan Kapoor,Charlotte,NC,Canada
CUST8137,Aditya Kumar,Jacksonville,FL,India
CUST8138,Rohit Reddy,San Francisco,CA,India
CUST8139,Aman Joshi,Seattle,WA,India
CUST8140,Pooja Gupta,Philadelphia,PA,India
CUST8141,Pooja Reddy,Jacksonville,FL,Australia
CUST8142,Neha Joshi,San Diego,CA,United States
CUST8143,Vikas Singh,New York,NY,India
CUST8144,Vikas Joshi,Phoenix,AZ,Australia
CUST8145,Sunita Sharma,Philadelphia,PA,United Kingdom
CUST8146,Aarav Kumar,Jacksonville,FL,United States
CUST8147,Aarav Sharma,Seattle,WA,United Kingdom
CUST8148,Aarav Sharma,Washington,DC,United Kingdom
CUST8149,Rohit Gupta,Fort Worth,TX,India
CUST8150,Sahil Joshi,New York,NY,United Kingdom
CUST8151,Kabir Singh,Indianapolis,IN,India
CUST8152,Anjali Kapoor,Los Angeles,CA,United Kingdom
CUST8153,Arjun Reddy,Los Angeles,CA,Australia
CUST8154,Sahil Patel,San Diego,CA,United States
CUST8155,Rohit Gupta,Denver,CO,Australia
CUST8156,Neha Reddy,Chicago,IL,India
CUST8157,Arjun Kumar,Charlotte,NC,India
CUST8158,Aditya Singh,Phoenix,AZ,Canada
CUST8159,Aman Gupta,Columbus,OH,Australia
CUST8160,Vihaan Verma,Chicago,IL,Australia
CUST8161,Aditya Patel,Austin,TX,India
CUST8162,Sahil Mehta,Denver,CO,United Kingdom
CUST8163,Sunita Verma,Seattle,WA,Australia
CUST8164,Kabir Singh,San Diego,CA,India
CUST8165,Anjali Gupta,Indianapolis,IN,India
CUST8166,Sunita Patel,San Diego,CA,Canada
CUST8167,Sneha Joshi,Seattle,WA,India
CUST8168,Pooja Sharma,Jacksonville,FL,India
CUST8169,Ritika Patel,Chicago,IL,India
CUST8170,Aditya Verma,Indianapolis,IN,India
CUST8171,Arjun Verma,Austin,TX,Australia
CUST8172,Vikas Sharma,Jacksonville,FL,Canada
CUST8173,Simran Sharma,Austin,TX,India
CUST8174,Kabir Kapoor,San Francisco,CA,Canada
CUST8175,Vikas Sharma,San Francisco,CA,Australia
CUST8176,Sahil Verma,Charlotte,NC,India
CUST8177,Aarav Kumar,San Antonio,TX,United Kingdom
CUST8178,Pooja Kumar,Charlotte,NC,United States
CUST8179,Kabir Patel,San Diego,CA,Canada
CUST8180,Neha Patel,Houston,TX,Australia
CUST8181,Aarav Sharma,Jacksonville,FL,India
CUST8182,Karan Kumar,Indianapolis,IN,United States
CUST8183,Vivaan Verma,Indianapolis,IN,Australia
CUST8184,Simran Reddy,Columbus,OH,United Kingdom
CUST8185,Anjali Joshi,Fort Worth,TX,Australia
CUST8186,Sneha Sharma,Columbus,OH,India
CUST8187,Pooja Kapoor,Charlotte,NC,Australia
CUST8188,Priya Verma,Philadelphia,PA,United Kingdom
CUST8189,Sneha Patel,San Antonio,TX,United States
CUST8190,Rohit Joshi,Jacksonville,FL,United Kingdom
CUST8191,Vivaan Singh,San Diego,CA,Canada
CUST8192,Simran Joshi,Washington,DC,India
CUST8193,Anjali Reddy,Denver,CO,India
CUST8194,Pooja Verma,San Francisco,CA,United States
CUST8195,Aarav Joshi,Philadelphia,PA,India
CUST8196,Vihaan Verma,Chicago,IL,India
CUST8197,Priya Joshi,Los Angeles,CA,India
CUST8198,Neha Reddy,San Jose,CA,India
CUST8199,Arjun Patel,Charlotte,NC,United Kingdom
CUST8200,Kabir Mehta,Indianapolis,IN,India
CUST8201,Rohit Joshi,Washington,DC,India
CUST8202,Aarav Kapoor,Chicago,IL,India
CUST8203,Aman Mehta,San Diego,CA,Canada
CUST8204,Arjun Mehta,New York,NY,India
CUST8205,Karan Joshi,Dallas,TX,India
CUST8206,Pooja Verma,Columbus,OH,Australia
CUST8207,Mohit Mehta,Denver,CO,India
CUST8208,Kabir Kumar,Denver,CO,United Kingdom
CUST8209,Simran Gupta,Indianapolis,IN,United Kingdom
CUST8210,Vivaan Mehta,Phoenix,AZ,United States
CUST8211,Arjun Patel,Washington,DC,India
CUST8212,Sahil Kumar,Austin,TX,Australia
CUST8213,Neha Kapoor,Indianapolis,IN,United Kingdom
CUST8214,Vivaan Patel,San Francisco,CA,United States
CUST8215,Karan Kapoor,Jacksonville,FL,Australia
CUST8216,Sahil Kapoor,Phoenix,AZ,United Kingdom
CUST8217,Sahil Reddy,Philadelphia,PA,Canada
CUST8218,Sunita Verma,Denver,CO,India
CUST8219,Ritika Reddy,Charlotte,NC,Australia
CUST8220,Sahil Sharma,Philadelphia,PA,India
CUST8221,Arjun Verma,Columbus,OH,India
CUST8222,Sahil Kumar,Seattle,WA,India
CUST8223,Simran Kapoor,San Francisco,CA,United Kingdom
CUST8224,Arjun Joshi,San Diego,CA,India
CUST8225,Rohit Kapoor,San Diego,CA,Canada
CUST8226,Pooja Singh,Washington,DC,Australia
CUST8227,Simran Reddy,Columbus,OH,Canada
CUST8228,Aarav Kumar,Dallas,TX,India
CUST8229,Mohit Gupta,San Jose,CA,Canada
CUST8230,Arjun Joshi,New York,NY,United Kingdom
CUST8231,Aarav Kumar,San Diego,CA,United States
CUST8232,Sahil Kapoor,Philadelphia,PA,Canada
CUST8233,Vivaan Sharma,Columbus,OH,India
CUST8234,Sunita Mehta,Columbus,OH,India
CUST8235,Sneha Singh,Indianapolis,IN,India
CUST8236,Rohit Gupta,Denver,CO,Canada
CUST8237,Rohit Kapoor,Phoenix,AZ,Canada
CUST8238,Priya Gupta,New York,NY,Canada
CUST8239,Simran Reddy,Los Angeles,CA,United States
CUST8240,Vikas Kapoor,Los Angeles,CA,India
CUST8241,Vikas Gupta,Dallas,TX,Canada
CUST8242,Pooja Mehta,Phoenix,AZ,United States
CUST8243,Simran Reddy,Austin,TX,India
CUST8244,Arjun Reddy,Jacksonville,FL,Australia
CUST8245,Rohit Joshi,Los Angeles,CA,Canada
CUST8246,Sahil Gupta,Fort Worth,TX,Canada
CUST8247,Aman Kumar,Charlotte,NC,Australia
CUST8248,Kabir Mehta,Philadelphia,PA,India
CUST8249,Aman Patel,San Diego,CA,United States
CUST8250,Anjali Sharma,San Diego,CA,Australia
CUST8251,Arjun Kumar,Los Angeles,CA,India
CUST8252,Sneha Gupta,Fort Worth,TX,India
CUST8253,Sunita Kapoor,Philadelphia,PA,India
CUST8254,Vihaan Patel,Dallas,TX,India
CUST8255,Sneha Reddy,Houston,TX,Canada
CUST8256,Priya Mehta,Austin,TX,United Kingdom
CUST8257,Rohit Joshi,San Antonio,TX,India
CUST8258,Mohit Verma,New York,NY,Canada
CUST8259,Anjali Sharma,Phoenix,AZ,United States
CUST8260,Rohit Kumar,Seattle,WA,United States
CUST8261,Sunita Sharma,Los Angeles,CA,India
CUST8262,Anjali Sharma,Seattle,WA,United Kingdom
CUST8263,Vihaan Kumar,San Antonio,TX,India
CUST8264,Anjali Verma,Chicago,IL,United Kingdom
CUST8265,Ritika Mehta,Jacksonville,FL,United Kingdom
CUST8266,Sahil Joshi,Philadelphia,PA,Canada
CUST8267,Kabir Kumar,Philadelphia,PA,United States
CUST8268,Pooja Kapoor,Chicago,IL,India
CUST8269,Ritika Gupta,San Jose,CA,Australia
CUST8270,Aarav Mehta,Philadelphia,PA,Australia
CUST8271,Sunita Verma,San Antonio,TX,Australia
CUST8272,Aditya Singh,Charlotte,NC,United Kingdom
CUST8273,Vihaan Verma,Houston,TX,United Kingdom
CUST8274,Vivaan Verma,Indianapolis,IN,India
CUST8275,Kabir Kumar,Charlotte,NC,United Kingdom
CUST8276,Aman Joshi,Chicago,IL,India
CUST8277,Vihaan Gupta,San Jose,CA,India
CUST8278,Karan Reddy,Philadelphia,PA,India
CUST8279,Vihaan Sharma,Phoenix,AZ,United States
CUST8280,Vihaan Kapoor,Austin,TX,India
CUST8281,Vikas Sharma,Charlotte,NC,India
CUST8282,Vikas Singh,San Antonio,TX,United States
CUST8283,Aditya Verma,Chicago,IL,Canada
CUST8284,Rohit Mehta,San Francisco,CA,Canada
CUST8285,Pooja Verma,San Diego,CA,India
CUST8286,Vihaan Gupta,Columbus,OH,United Kingdom
CUST8287,Vivaan Reddy,Indianapolis,IN,India
CUST8288,Anjali Gupta,Austin,TX,India
CUST8289,Karan Singh,Houston,TX,Canada
CUST8290,Kabir Reddy,Charlotte,NC,United States
CUST8291,Arjun Kapoor,Philadelphia,PA,India
CUST8292,Aarav Gupta,Austin,TX,United States
CUST8293,Simran Joshi,Washington,DC,Canada
CUST8294,Vikas Kumar,New York,NY,United Kingdom
CUST8295,Neha Singh,Houston,TX,Canada
CUST8296,Aditya Verma,Charlotte,NC,India
CUST8297,Priya Kapoor,Jacksonville,FL,India
CUST8298,Pooja Mehta,Washington,DC,United Kingdom
CUST8299,Vikas Joshi,New York,NY,India
CUST8300,Anjali Singh,Dallas,TX,United Kingdom
CUST8301,Rohit Patel,Chicago,IL,Canada
CUST8302,Sunita Sharma,Phoenix,AZ,India
CUST8303,Pooja Gupta,Houston,TX,United States
CUST8304,Sneha Verma,Phoenix,AZ,United States
CUST8305,Pooja Sharma,Indianapolis,IN,India
CUST8306,Arjun Kumar,Jacksonville,FL,India
CUST8307,Ritika Reddy,Charlotte,NC,United Kingdom
CUST8308,Karan Patel,San Francisco,CA,United States
CUST8309,Arjun Patel,San Jose,CA,Canada
CUST8310,Aditya Joshi,San Francisco,CA,India
CUST8311,Sahil Reddy,New York,NY,Canada
CUST8312,Vivaan Reddy,Phoenix,AZ,India
CUST8313,Aarav Mehta,Charlotte,NC,India
CUST8314,Rohit Verma,New York,NY,United Kingdom
CUST8315,Ritika Joshi,San Jose,CA,India
CUST8316,Mohit Kapoor,Austin,TX,United States
CUST8317,Priya Kumar,San Diego,CA,United Kingdom
CUST8318,Neha Patel,Chicago,IL,Australia
CUST8319,Aman Mehta,Los Angeles,CA,India
CUST8320,Vihaan Patel,Washington,DC,United Kingdom
CUST8321,Ritika Sharma,Washington,DC,India
CUST8322,Mohit Singh,Indianapolis,IN,United States
CUST8323,Sahil Sharma,Charlotte,NC,United Kingdom
CUST8324,Sahil Joshi,Jacksonville,FL,United States
CUST8325,Sunita Mehta,Dallas,TX,Canada
CUST8326,Simran Singh,Chicago,IL,Australia
CUST8327,Rohit Kapoor,Indianapolis,IN,India
CUST8328,Vikas Kumar,Austin,TX,Canada
CUST8329,Vihaan Singh,Indianapolis,IN,India
CUST8330,Pooja Kapoor,Houston,TX,India
CUST8331,Vikas Verma,Dallas,TX,United Kingdom
CUST8332,Vikas Reddy,Seattle,WA,Canada
CUST8333,Vihaan Kumar,Chicago,IL,Australia
CUST8334,Karan Kumar,San Diego,CA,Australia
CUST8335,Mohit Joshi,Austin,TX,India
CUST8336,Karan Reddy,San Francisco,CA,Canada
CUST8337,Vikas Reddy,Los Angeles,CA,Canada
CUST8338,Pooja Kapoor,Columbus,OH,United Kingdom
CUST8339,Arjun Kumar,Washington,DC,Canada
CUST8340,Kabir Sharma,Denver,CO,United Kingdom
CUST8341,Anjali Gupta,Austin,TX,Canada
CUST8342,Karan Gupta,Indianapolis,IN,India
CUST8343,Aman Mehta,Columbus,OH,United States
CUST8344,Kabir Sharma,Washington,DC,United Kingdom
CUST8345,Mohit Sharma,Seattle,WA,India
CUST8346,Mohit Kumar,Houston,TX,Canada
CUST8347,Vivaan Patel,Denver,CO,United States
CUST8348,Pooja Patel,Chicago,IL,India
CUST8349,Kabir Joshi,Indianapolis,IN,United Kingdom
CUST8350,Vikas Joshi,Fort Worth,TX,United States
CUST8351,Anjali Gupta,Denver,CO,United Kingdom
CUST8352,Simran Joshi,Chicago,IL,United Kingdom
CUST8353,Karan Reddy,San Jose,CA,United Kingdom
CUST8354,Sahil Reddy,Jacksonville,FL,Canada
CUST8355,Neha Kapoor,Dallas,TX,United States
CUST8356,Priya Kumar,Jacksonville,FL,United States
CUST8357,Pooja Gupta,Houston,TX,India
CUST8358,Neha Mehta,San Francisco,CA,Canada
CUST8359,Simran Mehta,Austin,TX,Canada
CUST8360,Pooja Joshi,Los Angeles,CA,India
CUST8361,Vikas Kumar,San Antonio,TX,India
CUST8362,Aarav Reddy,San Jose,CA,Canada
CUST8363,Vikas Gupta,Fort Worth,TX,United Kingdom
CUST8364,Neha Reddy,Charlotte,NC,United States
CUST8365,Sahil Patel,Indianapolis,IN,Australia
CUST8366,Kabir Verma,Philadelphia,PA,Australia
CUST8367,Sneha Mehta,Austin,TX,Canada
CUST8368,Kabir Mehta,Columbus,OH,Canada
CUST8369,Pooja Verma,Seattle,WA,Australia
CUST8370,Aarav Patel,Columbus,OH,India
CUST8371,Sneha Reddy,Indianapolis,IN,Canada
CUST8372,Sneha Kumar,Charlotte,NC,United Kingdom
CUST8373,Aditya Sharma,Jacksonville,FL,United Kingdom
CUST8374,Mohit Joshi,Philadelphia,PA,Australia
CUST8375,Neha Reddy,Columbus,OH,India
CUST8376,Anjali Verma,San Antonio,TX,United States
CUST8377,Ritika Joshi,Chicago,IL,India
CUST8378,Rohit Patel,San Diego,CA,Canada
CUST8379,Kabir Kapoor,Los Angeles,CA,United States
CUST8380,Karan Reddy,Austin,TX,United Kingdom
CUST8381,Aman Gupta,Fort Worth,TX,Canada
CUST8382,Pooja Reddy,Fort Worth,TX,United Kingdom
CUST8383,Rohit Mehta,San Antonio,TX,Canada
CUST8384,Anjali Gupta,Jacksonville,FL,India
CUST8385,Aarav Kumar,Philadelphia,PA,United Kingdom
CUST8386,Aditya Mehta,Houston,TX,United States
CUST8387,Anjali Kapoor,Indianapolis,IN,United States
CUST8388,Vivaan Joshi,Jacksonville,FL,India
CUST8389,Vikas Singh,Chicago,IL,United Kingdom
CUST8390,Rohit Sharma,Phoenix,AZ,Canada
CUST8391,Sunita Mehta,Austin,TX,Canada
CUST8392,Rohit Kumar,Fort Worth,TX,Australia
CUST8393,Vikas Gupta,Los Angeles,CA,Canada
CUST8394,Kabir Kapoor,New York,NY,United States
CUST8395,Rohit Singh,Seattle,WA,Canada
CUST8396,Anjali Sharma,Washington,DC,India
CUST8397,Priya Reddy,Washington,DC,United Kingdom
CUST8398,Vikas Joshi,Charlotte,NC,Canada
CUST8399,Simran Kumar,Dallas,TX,India
CUST8400,Arjun Gupta,San Jose,CA,United Kingdom
CUST8401,Vihaan Patel,Los Angeles,CA,India
CUST8402,Aditya Reddy,Philadelphia,PA,Canada
CUST8403,Aman Singh,Denver,CO,United States
CUST8404,Kabir Patel,San Antonio,TX,Australia
CUST8405,Aman Joshi,Phoenix,AZ,India
CUST8406,Anjali Sharma,New York,NY,Canada
CUST8407,Priya Mehta,San Jose,CA,Australia
CUST8408,Vikas Patel,Los Angeles,CA,Canada
CUST8409,Simran Joshi,Chicago,IL,United States
CUST8410,Anjali Gupta,Charlotte,NC,India
CUST8411,Priya Kapoor,New York,NY,United States
CUST8412,Vivaan Gupta,Charlotte,NC,India
CUST8413,Sahil Gupta,Fort Worth,TX,India
CUST8414,Simran Gupta,Houston,TX,Australia
CUST8415,Neha Verma,Seattle,WA,India
CUST8416,Arjun Patel,San Jose,CA,India
CUST8417,Vikas Kapoor,San Antonio,TX,Australia
CUST8418,Priya Patel,Phoenix,AZ,Australia
CUST8419,Kabir Patel,Columbus,OH,United States
CUST8420,Vikas Joshi,San Jose,CA,Canada
CUST8421,Karan Mehta,San Antonio,TX,United States
CUST8422,Aman Sharma,Philadelphia,PA,United States
CUST8423,Sahil Kapoor,San Antonio,TX,India
CUST8424,Priya Kapoor,Los Angeles,CA,United Kingdom
CUST8425,Vikas Patel,Denver,CO,Australia
CUST8426,Aditya Kapoor,San Antonio,TX,United Kingdom
CUST8427,Vikas Patel,Seattle,WA,United Kingdom
CUST8428,Karan Kumar,Charlotte,NC,India
CUST8429,Neha Kapoor,Seattle,WA,Australia
CUST8430,Aarav Kumar,New York,NY,Australia
CUST8431,Aman Gupta,Philadelphia,PA,Australia
CUST8432,Karan Joshi,Austin,TX,United Kingdom
CUST8433,Priya Singh,San Jose,CA,Australia
CUST8434,Sunita Mehta,Philadelphia,PA,Australia
CUST8435,Simran Kapoor,Philadelphia,PA,Canada
CUST8436,Priya Gupta,San Diego,CA,Canada
CUST8437,Sunita Reddy,Jacksonville,FL,Australia
CUST8438,Anjali Patel,Chicago,IL,Australia
CUST8439,Karan Mehta,Charlotte,NC,India
CUST8440,Rohit Kapoor,Philadelphia,PA,Australia
CUST8441,Ritika Mehta,San Jose,CA,United Kingdom
CUST8442,Simran Kumar,Phoenix,AZ,United States
CUST8443,Sneha Joshi,Philadelphia,PA,United Kingdom
CUST8444,Aman Patel,Fort Worth,TX,Canada
CUST8445,Neha Reddy,Indianapolis,IN,India
CUST8446,Kabir Gupta,Denver,CO,Australia
CUST8447,Rohit Gupta,Jacksonville,FL,United States
CUST8448,Vihaan Patel,San Jose,CA,Australia
CUST8449,Arjun Sharma,Austin,TX,United States
CUST8450,Sneha Patel,Seattle,WA,United States
CUST8451,Aditya Kapoor,San Diego,CA,United Kingdom
CUST8452,Sneha Patel,Columbus,OH,United States
CUST8453,Rohit Singh,San Francisco,CA,Canada
CUST8454,Vivaan Gupta,Phoenix,AZ,India
CUST8455,Arjun Kumar,Indianapolis,IN,Canada
CUST8456,Vihaan Sharma,Washington,DC,Australia
CUST8457,Aman Kapoor,Dallas,TX,Australia
CUST8458,Vivaan Sharma,New York,NY,United Kingdom
CUST8459,Arjun Kapoor,Philadelphia,PA,Canada
CUST8460,Vikas Kapoor,Charlotte,NC,Australia
CUST8461,Vihaan Gupta,Seattle,WA,Canada
CUST8462,Rohit Patel,Charlotte,NC,Canada
CUST8463,Aditya Sharma,Washington,DC,United Kingdom
CUST8464,Vihaan Gupta,Fort Worth,TX,India
CUST8465,Simran Kumar,Washington,DC,United States
CUST8466,Arjun Sharma,Houston,TX,India
CUST8467,Aditya Kapoor,Charlotte,NC,Australia
CUST8468,Arjun Joshi,Phoenix,AZ,India
CUST8469,Karan Patel,Austin,TX,Canada
CUST8470,Rohit Mehta,Indianapolis,IN,United Kingdom
CUST8471,Aditya Mehta,Seattle,WA,Canada
CUST8472,Arjun Joshi,Jacksonville,FL,India
CUST8473,Vikas Kumar,Jacksonville,FL,India
CUST8474,Anjali Joshi,Denver,CO,United Kingdom
CUST8475,Pooja Mehta,Denver,CO,India
CUST8476,Anjali Verma,San Antonio,TX,Australia
CUST8477,Pooja Kumar,San Diego,CA,United States
CUST8478,Simran Joshi,Philadelphia,PA,Australia
CUST8479,Vihaan Singh,New York,NY,India
CUST8480,Ritika Joshi,Seattle,WA,India
CUST8481,Aditya Joshi,Washington,DC,Canada
CUST8482,Neha Kumar,Fort Worth,TX,India
CUST8483,Vivaan Patel,Austin,TX,India
CUST8484,Sunita Gupta,Seattle,WA,United Kingdom
CUST8485,Pooja Gupta,Indianapolis,IN,Australia
CUST8486,Vivaan Mehta,Charlotte,NC,Australia
CUST8487,Vikas Sharma,Houston,TX,Canada
CUST8488,Aarav Singh,Dallas,TX,Canada
CUST8489,Aarav Verma,Columbus,OH,Canada
CUST8490,Aarav Reddy,Indianapolis,IN,United States
CUST8491,Aditya Gupta,Dallas,TX,United Kingdom
CUST8492,Arjun Mehta,Denver,CO,India
CUST8493,Karan Kapoor,Los Angeles,CA,United Kingdom
CUST8494,Vivaan Patel,Houston,TX,Australia
CUST8495,Sneha Kapoor,Dallas,TX,India
CUST8496,Aman Kapoor,San Antonio,TX,Australia
CUST8497,Simran Gupta,New York,NY,United States
CUST8498,Neha Kumar,Washington,DC,India
CUST8499,Vihaan Reddy,Columbus,OH,Canada
CUST8500,Sahil Gupta,Indianapolis,IN,Canada
CUST8501,Rohit Reddy,San Francisco,CA,Canada
CUST8502,Sunita Kapoor,Seattle,WA,India
CUST8503,Ritika Kapoor,Seattle,WA,United States
CUST8504,Rohit Patel,Houston,TX,India
CUST8505,Anjali Singh,Houston,TX,United Kingdom
CUST8506,Sahil Joshi,Chicago,IL,India
CUST8507,Pooja Joshi,Seattle,WA,Canada
CUST8508,Aman Verma,New York,NY,Canada
CUST8509,Vihaan Singh,Jacksonville,FL,India
CUST8510,Sunita Kapoor,Jacksonville,FL,Australia
CUST8511,Vihaan Joshi,Phoenix,AZ,India
CUST8512,Sneha Verma,Columbus,OH,United States
CUST8513,Sneha Kapoor,San Jose,CA,Australia
CUST8514,Pooja Joshi,Indianapolis,IN,India
CUST8515,Vikas Sharma,Los Angeles,CA,India
CUST8516,Vikas Joshi,San Jose,CA,United Kingdom
CUST8517,Vikas Mehta,San Antonio,TX,Australia
CUST8518,Mohit Kapoor,San Antonio,TX,India
CUST8519,Vihaan Mehta,New York,NY,India
CUST8520,Sahil Mehta,Fort Worth,TX,Canada
CUST8521,Simran Sharma,Chicago,IL,Canada
CUST8522,Aman Reddy,Fort Worth,TX,United Kingdom
CUST8523,Ritika Gupta,Dallas,TX,Australia
CUST8524,Sneha Kapoor,Charlotte,NC,Australia
CUST8525,Pooja Gupta,San Jose,CA,India
CUST8526,Aditya Sharma,Dallas,TX,India
CUST8527,Neha Kapoor,Dallas,TX,Australia
CUST8528,Neha Gupta,Los Angeles,CA,Canada
CUST8529,Kabir Kumar,Jacksonville,FL,Canada
CUST8530,Aditya Reddy,Jacksonville,FL,Canada
CUST8531,Ritika Kumar,Charlotte,NC,United Kingdom
CUST8532,Vikas Joshi,Chicago,IL,Canada
CUST8533,Aman Gupta,San Francisco,CA,Australia
CUST8534,Vihaan Verma,San Antonio,TX,India
CUST8535,Anjali Patel,Washington,DC,Canada
CUST8536,Pooja Mehta,Indianapolis,IN,India
CUST8537,Sneha Gupta,New York,NY,India
CUST8538,Anjali Gupta,Dallas,TX,United Kingdom
CUST8539,Aditya Singh,San Francisco,CA,Australia
CUST8540,Kabir Patel,Denver,CO,India
CUST8541,Karan Gupta,San Jose,CA,India
CUST8542,Vihaan Kumar,Washington,DC,United Kingdom
CUST8543,Arjun Reddy,San Jose,CA,Canada
CUST8544,Neha Reddy,Los Angeles,CA,India
CUST8545,Mohit Gupta,Phoenix,AZ,United States
CUST8546,Ritika Singh,Seattle,WA,India
CUST8547,Aarav Verma,San Jose,CA,Australia
CUST8548,Mohit Mehta,San Jose,CA,United Kingdom
CUST8549,Anjali Singh,San Antonio,TX,Canada
CUST8550,Priya Sharma,Washington,DC,United States
CUST8551,Arjun Sharma,Charlotte,NC,United Kingdom
CUST8552,Pooja Kapoor,Austin,TX,India
CUST8553,Vihaan Patel,San Antonio,TX,United Kingdom
CUST8554,Aarav Verma,Fort Worth,TX,India
CUST8555,Rohit Verma,Charlotte,NC,United Kingdom
CUST8556,Vikas Mehta,Chicago,IL,United Kingdom
CUST8557,Pooja Sharma,Houston,TX,United Kingdom
CUST8558,Sneha Singh,Houston,TX,India
CUST8559,Aarav Singh,San Jose,CA,India
CUST8560,Pooja Singh,San Antonio,TX,India
CUST8561,Vivaan Reddy,Chicago,IL,India
CUST8562,Arjun Verma,Denver,CO,United Kingdom
CUST8563,Anjali Singh,Indianapolis,IN,India
CUST8564,Priya Sharma,San Antonio,TX,India
CUST8565,Vikas Verma,Houston,TX,Canada
CUST8566,Sneha Kapoor,Denver,CO,United States
CUST8567,Sahil Verma,Phoenix,AZ,Canada
CUST8568,Aman Kapoor,Phoenix,AZ,India
CUST8569,Rohit Mehta,Phoenix,AZ,Australia
CUST8570,Sneha Verma,Washington,DC,Canada
CUST8571,Ritika Kumar,Fort Worth,TX,Australia
CUST8572,Neha Patel,Indianapolis,IN,Canada
CUST8573,Kabir Mehta,San Antonio,TX,Canada
CUST8574,Aman Mehta,Austin,TX,United Kingdom
CUST8575,Vikas Verma,Seattle,WA,United States
CUST8576,Vihaan Kumar,Seattle,WA,Canada
CUST8577,Ritika Mehta,Seattle,WA,Canada
CUST8578,Neha Singh,Fort Worth,TX,United Kingdom
CUST8579,Arjun Kumar,San Jose,CA,India
CUST8580,Aman Joshi,Austin,TX,India
CUST8581,Sahil Verma,Seattle,WA,India
CUST8582,Kabir Kapoor,San Jose,CA,Canada
CUST8583,Anjali Singh,Denver,CO,Australia
CUST8584,Priya Kapoor,Seattle,WA,Canada
CUST8585,Aditya Gupta,San Antonio,TX,United Kingdom
CUST8586,Mohit Verma,Chicago,IL,United Kingdom
CUST8587,Kabir Kapoor,Houston,TX,India
CUST8588,Neha Sharma,Seattle,WA,United States
CUST8589,Rohit Singh,San Diego,CA,Australia
CUST8590,Neha Gupta,New York,NY,Australia
CUST8591,Priya Gupta,Dallas,TX,United Kingdom
CUST8592,Vivaan Sharma,Washington,DC,India
CUST8593,Aarav Verma,Columbus,OH,India
CUST8594,Aarav Gupta,Seattle,WA,United Kingdom
CUST8595,Vihaan Kumar,New York,NY,Australia
CUST8596,Aditya Reddy,San Diego,CA,Canada
CUST8597,Kabir Reddy,Seattle,WA,Canada
CUST8598,Simran Joshi,San Francisco,CA,India
CUST8599,Simran Patel,Phoenix,AZ,United Kingdom
CUST8600,Aditya Kumar,Chicago,IL,United States
CUST8601,Mohit Sharma,Chicago,IL,India
CUST8602,Pooja Reddy,Charlotte,NC,Canada
CUST8603,Neha Kumar,Columbus,OH,Canada
CUST8604,Anjali Patel,Austin,TX,India
CUST8605,Ritika Mehta,Houston,TX,Australia
CUST8606,Vikas Joshi,Seattle,WA,Canada
CUST8607,Anjali Mehta,Washington,DC,United Kingdom
CUST8608,Simran Verma,San Jose,CA,United States
CUST8609,Simran Joshi,New York,NY,Canada
CUST8610,Vihaan Sharma,Columbus,OH,India
CUST8611,Kabir Gupta,Philadelphia,PA,Canada
CUST8612,Sahil Sharma,San Francisco,CA,United Kingdom
CUST8613,Priya Gupta,Dallas,TX,Australia
CUST8614,Vihaan Reddy,Fort Worth,TX,Australia
CUST8615,Karan Reddy,Seattle,WA,United Kingdom
CUST8616,Rohit Sharma,Washington,DC,India
CUST8617,Priya Joshi,Chicago,IL,India
CUST8618,Aman Verma,Austin,TX,India
CUST8619,Priya Kumar,Houston,TX,United States
CUST8620,Vikas Mehta,Houston,TX,United Kingdom
CUST8621,Mohit Joshi,Indianapolis,IN,Canada
CUST8622,Vikas Kapoor,San Francisco,CA,India
CUST8623,Arjun Kumar,New York,NY,Canada
CUST8624,Vihaan Verma,Denver,CO,Australia
CUST8625,Vihaan Kumar,Indianapolis,IN,India
CUST8626,Aditya Gupta,Dallas,TX,India
CUST8627,Pooja Singh,Los Angeles,CA,United Kingdom
CUST8628,Sunita Reddy,Chicago,IL,Canada
CUST8629,Arjun Kapoor,Washington,DC,United Kingdom
CUST8630,Neha Reddy,Los Angeles,CA,Canada
CUST8631,Simran Kumar,Columbus,OH,Australia
CUST8632,Priya Singh,Chicago,IL,India
CUST8633,Pooja Joshi,San Diego,CA,Australia
CUST8634,Pooja Kapoor,San Francisco,CA,United Kingdom
CUST8635,Sneha Sharma,San Diego,CA,Australia
CUST8636,Sunita Gupta,Fort Worth,TX,India
CUST8637,Simran Kapoor,Philadelphia,PA,United States
CUST8638,Mohit Patel,Charlotte,NC,Australia
CUST8639,Pooja Patel,Indianapolis,IN,Australia
CUST8640,Arjun Patel,Dallas,TX,United States
CUST8641,Vivaan Kumar,Chicago,IL,United Kingdom
CUST8642,Sneha Kapoor,Los Angeles,CA,United Kingdom
CUST8643,Pooja Gupta,Columbus,OH,United Kingdom
CUST8644,Vikas Singh,Seattle,WA,India
CUST8645,Pooja Patel,San Jose,CA,India
CUST8646,Priya Kapoor,Chicago,IL,India
CUST8647,Arjun Joshi,Philadelphia,PA,India
CUST8648,Aarav Singh,Jacksonville,FL,India
CUST8649,Pooja Kumar,Denver,CO,India
CUST8650,Sneha Joshi,Columbus,OH,Australia
CUST8651,Rohit Kapoor,Phoenix,AZ,Australia
CUST8652,Karan Kapoor,Philadelphia,PA,Canada
CUST8653,Rohit Gupta,Seattle,WA,United States
CUST8654,Neha Verma,Washington,DC,United Kingdom
CUST8655,Vikas Patel,San Jose,CA,United States
CUST8656,Vikas Singh,Austin,TX,India
CUST8657,Vivaan Joshi,Houston,TX,United States
CUST8658,Aman Patel,Fort Worth,TX,Australia
CUST8659,Neha Singh,Denver,CO,India
CUST8660,Mohit Sharma,San Antonio,TX,United States
CUST8661,Vihaan Reddy,San Jose,CA,India
CUST8662,Anjali Kapoor,New York,NY,Canada
CUST8663,Simran Reddy,Charlotte,NC,India
CUST8664,Sahil Mehta,Jacksonville,FL,Canada
CUST8665,Aarav Kapoor,Washington,DC,United Kingdom
CUST8666,Simran Singh,San Diego,CA,United Kingdom
CUST8667,Vivaan Joshi,Charlotte,NC,United Kingdom
CUST8668,Sneha Kapoor,Houston,TX,India
CUST8669,Kabir Patel,Houston,TX,United States
CUST8670,Rohit Joshi,Houston,TX,India
CUST8671,Aditya Singh,Seattle,WA,Australia
CUST8672,Karan Gupta,Charlotte,NC,India
CUST8673,Vikas Kapoor,Dallas,TX,India
CUST8674,Neha Kapoor,Columbus,OH,United Kingdom
CUST8675,Neha Singh,Dallas,TX,Australia
CUST8676,Aman Kapoor,San Antonio,TX,India
CUST8677,Sahil Kumar,San Antonio,TX,Australia
CUST8678,Aarav Joshi,Phoenix,AZ,Australia
CUST8679,Vihaan Gupta,Denver,CO,Canada
CUST8680,Priya Kumar,Columbus,OH,United Kingdom
CUST8681,Sunita Reddy,Columbus,OH,Canada
CUST8682,Anjali Gupta,Philadelphia,PA,Canada
CUST8683,Pooja Singh,Seattle,WA,Australia
CUST8684,Vihaan Kapoor,San Francisco,CA,Australia
CUST8685,Neha Singh,New York,NY,United Kingdom
CUST8686,Ritika Kapoor,Fort Worth,TX,India
CUST8687,Priya Gupta,Charlotte,NC,Australia
CUST8688,Vikas Mehta,Phoenix,AZ,India
CUST8689,Simran Joshi,Indianapolis,IN,India
CUST8690,Aditya Patel,Dallas,TX,United Kingdom
CUST8691,Simran Mehta,Fort Worth,TX,United States
CUST8692,Karan Reddy,Seattle,WA,Australia
CUST8693,Ritika Verma,Houston,TX,Canada
CUST8694,Neha Mehta,San Diego,CA,Canada
CUST8695,Sunita Mehta,Los Angeles,CA,India
CUST8696,Pooja Joshi,San Jose,CA,Australia
CUST8697,Sahil Reddy,San Diego,CA,United Kingdom
CUST8698,Aarav Mehta,Washington,DC,India
CUST8699,Vikas Sharma,San Jose,CA,India
CUST8700,Vivaan Kumar,San Diego,CA,Canada
CUST8701,Aarav Verma,Indianapolis,IN,Canada
CUST8702,Anjali Patel,Dallas,TX,India
CUST8703,Pooja Patel,Chicago,IL,United States
CUST8704,Ritika Reddy,San Antonio,TX,United Kingdom
CUST8705,Rohit Reddy,San Antonio,TX,India
CUST8706,Simran Reddy,San Antonio,TX,Australia
CUST8707,Arjun Gupta,Dallas,TX,India
CUST8708,Priya Singh,Los Angeles,CA,India
CUST8709,Vikas Verma,Washington,DC,India
CUST8710,Karan Joshi,Phoenix,AZ,Canada
CUST8711,Aditya Kapoor,Denver,CO,India
CUST8712,Mohit Gupta,Seattle,WA,United States
CUST8713,Pooja Mehta,Dallas,TX,United Kingdom
CUST8714,Vivaan Verma,Fort Worth,TX,United Kingdom
CUST8715,Karan Mehta,Columbus,OH,Australia
CUST8716,Arjun Patel,Dallas,TX,India
CUST8717,Vivaan Singh,San Francisco,CA,Australia
CUST8718,Priya Kumar,Los Angeles,CA,India
CUST8719,Rohit Verma,San Diego,CA,Australia
CUST8720,Neha Verma,Austin,TX,United Kingdom
CUST8721,Neha Joshi,Washington,DC,India
CUST8722,Arjun Joshi,Indianapolis,IN,United Kingdom
CUST8723,Priya Joshi,Phoenix,AZ,Canada
CUST8724,Aditya Patel,Phoenix,AZ,Australia
CUST8725,Vivaan Verma,Chicago,IL,India
CUST8726,Arjun Kapoor,Austin,TX,Australia
CUST8727,Vihaan Kapoor,Charlotte,NC,Australia
CUST8728,Kabir Kumar,Houston,TX,Canada
CUST8729,Aditya Sharma,Seattle,WA,United Kingdom
CUST8730,Pooja Kumar,Seattle,WA,United States
CUST8731,Mohit Kapoor,Houston,TX,United Kingdom
CUST8732,Aarav Sharma,Dallas,TX,India
CUST8733,Aman Sharma,Denver,CO,United States
CUST8734,Rohit Singh,San Diego,CA,India
CUST8735,Simran Sharma,Columbus,OH,India
CUST8736,Sneha Gupta,Fort Worth,TX,United Kingdom
CUST8737,Karan Kumar,Seattle,WA,United States
CUST8738,Anjali Mehta,Seattle,WA,Canada
CUST8739,Aarav Sharma,Phoenix,AZ,Canada
CUST8740,Sneha Kumar,Philadelphia,PA,India
CUST8741,Anjali Verma,Houston,TX,United Kingdom
CUST8742,Rohit Joshi,Chicago,IL,United Kingdom
CUST8743,Arjun Kumar,Charlotte,NC,Canada
CUST8744,Karan Sharma,San Francisco,CA,United States
CUST8745,Sneha Joshi,San Francisco,CA,United Kingdom
CUST8746,Aarav Kapoor,Phoenix,AZ,United Kingdom
CUST8747,Rohit Patel,Jacksonville,FL,United States
CUST8748,Arjun Gupta,Houston,TX,Australia
CUST8749,Arjun Singh,Chicago,IL,India
CUST8750,Sunita Mehta,Los Angeles,CA,United Kingdom
CUST8751,Karan Sharma,Charlotte,NC,Australia
CUST8752,Rohit Singh,Phoenix,AZ,United Kingdom
CUST8753,Vihaan Sharma,Charlotte,NC,United Kingdom
CUST8754,Kabir Patel,Philadelphia,PA,United States
CUST8755,Karan Kapoor,Austin,TX,Australia
CUST8756,Priya Gupta,Denver,CO,Canada
CUST8757,Karan Kapoor,Los Angeles,CA,India
CUST8758,Neha Kapoor,Houston,TX,Australia
CUST8759,Sneha Kapoor,San Francisco,CA,India
CUST8760,Mohit Joshi,New York,NY,India
CUST8761,Vivaan Singh,San Francisco,CA,Canada
CUST8762,Sunita Patel,Indianapolis,IN,India
CUST8763,Kabir Verma,Los Angeles,CA,Canada
CUST8764,Arjun Reddy,Philadelphia,PA,Canada
CUST8765,Sneha Reddy,San Jose,CA,United States
CUST8766,Aarav Reddy,San Francisco,CA,Canada
CUST8767,Ritika Verma,Houston,TX,India
CUST8768,Aarav Patel,Austin,TX,Australia
CUST8769,Kabir Kumar,Columbus,OH,India
CUST8770,Mohit Gupta,Fort Worth,TX,United Kingdom
CUST8771,Aditya Reddy,Philadelphia,PA,United Kingdom
CUST8772,Sneha Singh,Columbus,OH,India
CUST8773,Arjun Sharma,Houston,TX,United Kingdom
CUST8774,Mohit Verma,Denver,CO,India
CUST8775,Sneha Verma,Philadelphia,PA,India
CUST8776,Vikas Gupta,Indianapolis,IN,United Kingdom
CUST8777,Mohit Reddy,San Antonio,TX,Canada
CUST8778,Arjun Kapoor,Indianapolis,IN,Canada
CUST8779,Aman Mehta,New York,NY,India
CUST8780,Sneha Sharma,Seattle,WA,India
CUST8781,Vivaan Patel,Charlotte,NC,United States
CUST8782,Anjali Patel,Seattle,WA,Canada
CUST8783,Aarav Reddy,New York,NY,India
CUST8784,Pooja Reddy,Austin,TX,India
CUST8785,Sahil Gupta,New York,NY,Canada
CUST8786,Karan Joshi,Dallas,TX,United States
CUST8787,Priya Sharma,Seattle,WA,United Kingdom
CUST8788,Anjali Reddy,Dallas,TX,India
CUST8789,Anjali Sharma,Houston,TX,Australia
CUST8790,Aditya Joshi,Seattle,WA,United Kingdom
CUST8791,Mohit Joshi,Jacksonville,FL,India
CUST8792,Kabir Joshi,Indianapolis,IN,Canada
CUST8793,Sneha Singh,Charlotte,NC,Canada
CUST8794,Rohit Gupta,Los Angeles,CA,India
CUST8795,Aditya Kapoor,Chicago,IL,Australia
CUST8796,Mohit Gupta,Indianapolis,IN,United Kingdom
CUST8797,Anjali Verma,San Jose,CA,India
CUST8798,Sahil Mehta,San Antonio,TX,India
CUST8799,Priya Gupta,Columbus,OH,India
CUST8800,Aman Verma,San Antonio,TX,India
CUST8801,Ritika Sharma,Chicago,IL,Australia
CUST8802,Pooja Patel,Columbus,OH,United Kingdom
CUST8803,Karan Joshi,Indianapolis,IN,India
CUST8804,Rohit Reddy,Austin,TX,Australia
CUST8805,Vikas Kapoor,San Diego,CA,India
CUST8806,Pooja Reddy,Fort Worth,TX,Australia
CUST8807,Kabir Kumar,Fort Worth,TX,Australia
CUST8808,Aman Gupta,Los Angeles,CA,Canada
CUST8809,Sneha Patel,Austin,TX,United Kingdom
CUST8810,Sunita Singh,San Diego,CA,United States
CUST8811,Sunita Singh,San Diego,CA,Australia
CUST8812,Karan Mehta,San Jose,CA,United States
CUST8813,Rohit Kumar,Philadelphia,PA,Canada
CUST8814,Vivaan Gupta,San Jose,CA,Canada
CUST8815,Sahil Gupta,Seattle,WA,India
CUST8816,Neha Kapoor,Denver,CO,Australia
CUST8817,Mohit Gupta,Indianapolis,IN,India
CUST8818,Sunita Gupta,Jacksonville,FL,Canada
CUST8819,Pooja Joshi,Philadelphia,PA,India
CUST8820,Aarav Sharma,Washington,DC,India
CUST8821,Aarav Reddy,Seattle,WA,Canada
CUST8822,Priya Kumar,Los Angeles,CA,United Kingdom
CUST8823,Aarav Mehta,Dallas,TX,United Kingdom
CUST8824,Aditya Reddy,Washington,DC,Canada
CUST8825,Vikas Sharma,Washington,DC,India
CUST8826,Sunita Mehta,Indianapolis,IN,India
CUST8827,Pooja Singh,Philadelphia,PA,Australia
CUST8828,Aditya Patel,Washington,DC,Australia
CUST8829,Neha Mehta,Houston,TX,Australia
CUST8830,Anjali Patel,San Diego,CA,Australia
CUST8831,Rohit Mehta,Austin,TX,Australia
CUST8832,Kabir Gupta,Dallas,TX,United Kingdom
CUST8833,Sneha Patel,Indianapolis,IN,India
CUST8834,Vivaan Verma,Chicago,IL,United Kingdom
CUST8835,Priya Sharma,Phoenix,AZ,Australia
CUST8836,Kabir Kumar,Chicago,IL,India
CUST8837,Vikas Kumar,Indianapolis,IN,Canada
CUST8838,Vivaan Joshi,San Francisco,CA,Australia
CUST8839,Anjali Joshi,San Antonio,TX,Canada
CUST8840,Anjali Reddy,San Jose,CA,United Kingdom
CUST8841,Mohit Singh,Washington,DC,United Kingdom
CUST8842,Pooja Kapoor,Los Angeles,CA,Canada
CUST8843,Neha Gupta,Chicago,IL,India
CUST8844,Arjun Sharma,Fort Worth,TX,India
CUST8845,Aditya Gupta,Dallas,TX,Australia
CUST8846,Pooja Sharma,Chicago,IL,United Kingdom
CUST8847,Arjun Sharma,Los Angeles,CA,United Kingdom
CUST8848,Sunita Kumar,San Diego,CA,India
CUST8849,Sunita Sharma,San Antonio,TX,Canada
CUST8850,Karan Mehta,Jacksonville,FL,United States
CUST8851,Vivaan Singh,Dallas,TX,United Kingdom
CUST8852,Karan Joshi,Indianapolis,IN,United Kingdom
CUST8853,Simran Joshi,Phoenix,AZ,United Kingdom
CUST8854,Simran Kumar,Philadelphia,PA,Australia
CUST8855,Simran Mehta,Philadelphia,PA,United Kingdom
CUST8856,Vivaan Singh,Philadelphia,PA,United Kingdom
CUST8857,Vivaan Reddy,Dallas,TX,India
CUST8858,Rohit Patel,Chicago,IL,United States
CUST8859,Aditya Gupta,New York,NY,India
CUST8860,Pooja Sharma,San Jose,CA,Canada
CUST8861,Sneha Gupta,Philadelphia,PA,India
CUST8862,Priya Sharma,San Jose,CA,India
CUST8863,Karan Kapoor,Charlotte,NC,United States
CUST8864,Mohit Sharma,Fort Worth,TX,Australia
CUST8865,Kabir Patel,Austin,TX,Australia
CUST8866,Aditya Mehta,Phoenix,AZ,India
CUST8867,Vikas Singh,San Francisco,CA,India
CUST8868,Pooja Joshi,New York,NY,Canada
CUST8869,Aman Kapoor,Jacksonville,FL,India
CUST8870,Arjun Patel,San Antonio,TX,Australia
CUST8871,Aman Sharma,Philadelphia,PA,United Kingdom
CUST8872,Vihaan Kumar,Houston,TX,Canada
CUST8873,Aditya Patel,Los Angeles,CA,Canada
CUST8874,Vikas Joshi,Charlotte,NC,India
CUST8875,Vikas Mehta,Indianapolis,IN,United Kingdom
CUST8876,Priya Sharma,Los Angeles,CA,Canada
CUST8877,Karan Kumar,Jacksonville,FL,India
CUST8878,Anjali Kapoor,Philadelphia,PA,United Kingdom
CUST8879,Vihaan Verma,Dallas,TX,India
CUST8880,Sneha Kumar,San Antonio,TX,Canada
CUST8881,Karan Kumar,Austin,TX,India
CUST8882,Sahil Gupta,Denver,CO,India
CUST8883,Rohit Verma,Seattle,WA,India
CUST8884,Ritika Mehta,Houston,TX,India
CUST8885,Pooja Kumar,Philadelphia,PA,Canada
CUST8886,Vikas Kapoor,Philadelphia,PA,Canada
CUST8887,Vihaan Singh,Dallas,TX,United Kingdom
CUST8888,Ritika Reddy,San Diego,CA,Australia
CUST8889,Karan Kumar,Charlotte,NC,United States
CUST8890,Rohit Patel,San Diego,CA,United Kingdom
CUST8891,Karan Joshi,San Francisco,CA,Canada
CUST8892,Rohit Patel,Denver,CO,United Kingdom
CUST8893,Neha Joshi,Denver,CO,Canada
CUST8894,Vikas Mehta,Fort Worth,TX,India
CUST8895,Mohit Kapoor,Denver,CO,Canada
CUST8896,Priya Sharma,Charlotte,NC,Canada
CUST8897,Rohit Sharma,San Diego,CA,India
CUST8898,Arjun Kumar,Los Angeles,CA,United Kingdom
CUST8899,Aarav Mehta,Seattle,WA,India
CUST8900,Arjun Verma,San Jose,CA,India
CUST8901,Ritika Reddy,San Jose,CA,Canada
CUST8902,Sneha Joshi,Fort Worth,TX,India
CUST8903,Arjun Gupta,Washington,DC,Canada
CUST8904,Karan Joshi,Denver,CO,United States
CUST8905,Simran Verma,Washington,DC,India
CUST8906,Kabir Verma,New York,NY,India
CUST8907,Mohit Kapoor,Indianapolis,IN,India
CUST8908,Aman Kumar,Columbus,OH,United States
CUST8909,Sneha Mehta,Austin,TX,United Kingdom
CUST8910,Aditya Mehta,Dallas,TX,India
CUST8911,Ritika Patel,Dallas,TX,India
CUST8912,Ritika Gupta,Chicago,IL,Canada
CUST8913,Anjali Patel,San Diego,CA,Canada
CUST8914,Rohit Singh,New York,NY,Australia
CUST8915,Aditya Singh,Dallas,TX,India
CUST8916,Simran Singh,Fort Worth,TX,India
CUST8917,Aarav Singh,Indianapolis,IN,India
CUST8918,Aarav Patel,San Antonio,TX,United Kingdom
CUST8919,Neha Gupta,Houston,TX,Canada
CUST8920,Anjali Gupta,San Francisco,CA,India
CUST8921,Sunita Joshi,Jacksonville,FL,Canada
CUST8922,Kabir Sharma,Los Angeles,CA,Australia
CUST8923,Pooja Mehta,Columbus,OH,Canada
CUST8924,Neha Kumar,Chicago,IL,Australia
CUST8925,Vihaan Sharma,Seattle,WA,Canada
CUST8926,Neha Reddy,Seattle,WA,Australia
CUST8927,Aman Sharma,Denver,CO,India
CUST8928,Aditya Gupta,Los Angeles,CA,Canada
CUST8929,Sunita Verma,Fort Worth,TX,United States
CUST8930,Aman Reddy,New York,NY,India
CUST8931,Sahil Kapoor,Houston,TX,United States
CUST8932,Priya Sharma,Fort Worth,TX,United Kingdom
CUST8933,Ritika Gupta,Chicago,IL,Australia
CUST8934,Sahil Joshi,Dallas,TX,India
CUST8935,Sahil Kumar,San Francisco,CA,Canada
CUST8936,Rohit Sharma,Los Angeles,CA,Australia
CUST8937,Aman Verma,Fort Worth,TX,United Kingdom
CUST8938,Aman Kumar,Austin,TX,Canada
CUST8939,Karan Kumar,Austin,TX,Australia
CUST8940,Priya Reddy,Dallas,TX,Canada
CUST8941,Anjali Joshi,Phoenix,AZ,United States
CUST8942,Sahil Kapoor,Dallas,TX,India
CUST8943,Arjun Reddy,Los Angeles,CA,Canada
CUST8944,Mohit Kumar,Fort Worth,TX,India
CUST8945,Karan Sharma,Houston,TX,India
CUST8946,Neha Reddy,San Antonio,TX,Canada
CUST8947,Pooja Kapoor,Jacksonville,FL,India
CUST8948,Sunita Patel,Fort Worth,TX,India
CUST8949,Sunita Gupta,San Antonio,TX,Canada
CUST8950,Vikas Joshi,New York,NY,Australia
CUST8951,Arjun Mehta,Columbus,OH,India
CUST8952,Vihaan Patel,San Jose,CA,United Kingdom
CUST8953,Sahil Patel,San Jose,CA,Canada
CUST8954,Aarav Kapoor,Fort Worth,TX,Canada
CUST8955,Aditya Kapoor,Dallas,TX,India
CUST8956,Vivaan Singh,Phoenix,AZ,India
CUST8957,Neha Patel,Austin,TX,Australia
CUST8958,Vivaan Kumar,San Antonio,TX,United Kingdom
CUST8959,Sahil Kapoor,Austin,TX,Canada
CUST8960,Arjun Kumar,San Antonio,TX,Australia
CUST8961,Simran Gupta,Denver,CO,Australia
CUST8962,Neha Mehta,Columbus,OH,India
CUST8963,Karan Reddy,Austin,TX,Australia
CUST8964,Rohit Verma,Indianapolis,IN,India
CUST8965,Aditya Gupta,Austin,TX,Canada
CUST8966,Neha Kumar,San Diego,CA,India
CUST8967,Vikas Sharma,New York,NY,United States
CUST8968,Priya Joshi,Jacksonville,FL,India
CUST8969,Aman Reddy,San Jose,CA,United States
CUST8970,Aarav Kapoor,Houston,TX,India
CUST8971,Sunita Joshi,Indianapolis,IN,Australia
CUST8972,Simran Kapoor,Jacksonville,FL,Canada
CUST8973,Mohit Kapoor,San Jose,CA,United Kingdom
CUST8974,Vikas Verma,New York,NY,India
CUST8975,Vihaan Sharma,San Jose,CA,Canada
CUST8976,Aditya Sharma,San Francisco,CA,Canada
CUST8977,Simran Gupta,San Diego,CA,India
CUST8978,Sunita Singh,Columbus,OH,Australia
CUST8979,Priya Gupta,San Francisco,CA,India
CUST8980,Karan Mehta,Phoenix,AZ,Canada
CUST8981,Anjali Joshi,Chicago,IL,Australia
CUST8982,Vikas Sharma,New York,NY,India
CUST8983,Mohit Gupta,Los Angeles,CA,Australia
CUST8984,Aarav Joshi,Fort Worth,TX,India
CUST8985,Mohit Kapoor,Los Angeles,CA,India
CUST8986,Aman Patel,Seattle,WA,United Kingdom
CUST8987,Aman Reddy,Charlotte,NC,India
CUST8988,Pooja Kapoor,Columbus,OH,Canada
CUST8989,Vivaan Kumar,Columbus,OH,United States
CUST8990,Ritika Kapoor,Seattle,WA,United Kingdom
CUST8991,Sahil Mehta,Jacksonville,FL,United Kingdom
CUST8992,Sneha Singh,Phoenix,AZ,Canada
CUST8993,Vivaan Gupta,Chicago,IL,Australia
CUST8994,Neha Gupta,Indianapolis,IN,Australia
CUST8995,Neha Gupta,Fort Worth,TX,United Kingdom
CUST8996,Sunita Mehta,Charlotte,NC,India
CUST8997,Sahil Sharma,Dallas,TX,India
CUST8998,Aman Kapoor,Indianapolis,IN,Australia
CUST8999,Rohit Reddy,Seattle,WA,United Kingdom
CUST9000,Simran Patel,San Antonio,TX,India
CUST9001,Vihaan Mehta,Dallas,TX,Canada
CUST9002,Pooja Reddy,Austin,TX,United States
CUST9003,Aditya Kumar,Seattle,WA,Canada
CUST9004,Anjali Kumar,Washington,DC,India
CUST9005,Pooja Singh,New York,NY,United Kingdom
CUST9006,Kabir Reddy,Denver,CO,United Kingdom
CUST9007,Rohit Singh,Seattle,WA,India
CUST9008,Kabir Reddy,San Diego,CA,Canada
CUST9009,Priya Sharma,Phoenix,AZ,Canada
CUST9010,Simran Joshi,San Diego,CA,Canada
CUST9011,Vivaan Kapoor,Charlotte,NC,India
CUST9012,Kabir Gupta,San Jose,CA,United Kingdom
CUST9013,Sunita Verma,Jacksonville,FL,Australia
CUST9014,Rohit Mehta,Washington,DC,Australia
CUST9015,Mohit Verma,Chicago,IL,India
CUST9016,Ritika Kapoor,Philadelphia,PA,India
CUST9017,Sunita Patel,Washington,DC,Canada
CUST9018,Sahil Verma,Dallas,TX,United Kingdom
CUST9019,Sahil Singh,San Jose,CA,India
CUST9020,Mohit Joshi,Indianapolis,IN,United Kingdom
CUST9021,Pooja Kapoor,Washington,DC,India
CUST9022,Ritika Verma,Austin,TX,India
CUST9023,Priya Verma,Charlotte,NC,Australia
CUST9024,Pooja Kumar,San Antonio,TX,Australia
CUST9025,Rohit Verma,San Francisco,CA,Australia
CUST9026,Vihaan Sharma,San Jose,CA,India
CUST9027,Mohit Kapoor,Phoenix,AZ,India
CUST9028,Sahil Reddy,Dallas,TX,Australia
CUST9029,Vikas Verma,Columbus,OH,Australia
CUST9030,Karan Patel,New York,NY,United States
CUST9031,Simran Reddy,Washington,DC,India
CUST9032,Aditya Sharma,San Diego,CA,India
CUST9033,Anjali Kumar,Charlotte,NC,India
CUST9034,Priya Verma,Jacksonville,FL,Australia
CUST9035,Neha Sharma,Los Angeles,CA,United States
CUST9036,Mohit Joshi,Los Angeles,CA,India
CUST9037,Kabir Sharma,Chicago,IL,United States
CUST9038,Sneha Gupta,Indianapolis,IN,India
CUST9039,Neha Kumar,Dallas,TX,India
CUST9040,Aditya Singh,Charlotte,NC,Canada
CUST9041,Mohit Gupta,Charlotte,NC,United Kingdom
CUST9042,Karan Kapoor,San Diego,CA,Canada
CUST9043,Mohit Reddy,Dallas,TX,India
CUST9044,Simran Reddy,Dallas,TX,Canada
CUST9045,Sahil Verma,Columbus,OH,United Kingdom
CUST9046,Sneha Reddy,Washington,DC,India
CUST9047,Vivaan Patel,Austin,TX,United States
CUST9048,Vikas Singh,Indianapolis,IN,United Kingdom
CUST9049,Arjun Kumar,New York,NY,Australia
CUST9050,Mohit Patel,Jacksonville,FL,Australia
CUST9051,Kabir Singh,Charlotte,NC,United Kingdom
CUST9052,Ritika Joshi,San Francisco,CA,Australia
CUST9053,Aditya Singh,New York,NY,Canada
CUST9054,Aarav Verma,Chicago,IL,United States
CUST9055,Pooja Mehta,Dallas,TX,United States
CUST9056,Arjun Mehta,San Francisco,CA,Canada
CUST9057,Neha Kapoor,Washington,DC,India
CUST9058,Aarav Reddy,San Jose,CA,United States
CUST9059,Aarav Patel,Chicago,IL,Canada
CUST9060,Aman Reddy,Austin,TX,India
CUST9061,Anjali Sharma,San Francisco,CA,United Kingdom
CUST9062,Sneha Verma,New York,NY,United Kingdom
CUST9063,Karan Kapoor,Washington,DC,India
CUST9064,Priya Mehta,Philadelphia,PA,India
CUST9065,Aarav Singh,San Antonio,TX,India
CUST9066,Aditya Singh,Washington,DC,United States
CUST9067,Priya Mehta,San Diego,CA,India
CUST9068,Arjun Patel,Los Angeles,CA,United Kingdom
CUST9069,Mohit Sharma,Denver,CO,Canada
CUST9070,Sneha Kumar,Jacksonville,FL,United Kingdom
CUST9071,Neha Verma,Fort Worth,TX,India
CUST9072,Karan Mehta,Philadelphia,PA,United Kingdom
CUST9073,Vivaan Gupta,Seattle,WA,Canada
CUST9074,Arjun Singh,Charlotte,NC,Canada
CUST9075,Neha Singh,Indianapolis,IN,United States
CUST9076,Vikas Joshi,Austin,TX,India
CUST9077,Pooja Patel,Fort Worth,TX,United Kingdom
CUST9078,Aarav Patel,Phoenix,AZ,Canada
CUST9079,Aarav Mehta,Houston,TX,United Kingdom
CUST9080,Karan Singh,Phoenix,AZ,India
CUST9081,Anjali Kumar,San Jose,CA,United Kingdom
CUST9082,Vivaan Singh,San Jose,CA,India
CUST9083,Vikas Sharma,Denver,CO,United Kingdom
CUST9084,Arjun Mehta,Dallas,TX,Canada
CUST9085,Ritika Gupta,Fort Worth,TX,India
CUST9086,Sneha Verma,Los Angeles,CA,India
CUST9087,Karan Joshi,Austin,TX,India
CUST9088,Vivaan Gupta,Chicago,IL,United States
CUST9089,Mohit Mehta,San Antonio,TX,Canada
CUST9090,Aarav Verma,Austin,TX,India
CUST9091,Sneha Kapoor,Columbus,OH,India
CUST9092,Simran Gupta,Dallas,TX,Canada
CUST9093,Priya Singh,Dallas,TX,United States
CUST9094,Vihaan Reddy,Charlotte,NC,Australia
CUST9095,Sunita Kumar,Fort Worth,TX,Australia
CUST9096,Neha Patel,Chicago,IL,United Kingdom
CUST9097,Ritika Mehta,Austin,TX,Canada
CUST9098,Arjun Kapoor,Denver,CO,United Kingdom
CUST9099,Rohit Sharma,Dallas,TX,Australia
CUST9100,Vikas Verma,Los Angeles,CA,United Kingdom
CUST9101,Simran Kumar,Philadelphia,PA,Canada
CUST9102,Pooja Singh,Indianapolis,IN,Australia
CUST9103,Sunita Patel,Jacksonville,FL,Australia
CUST9104,Ritika Joshi,Charlotte,NC,United Kingdom
CUST9105,Pooja Sharma,San Antonio,TX,Canada
CUST9106,Aman Sharma,San Diego,CA,United States
CUST9107,Ritika Kapoor,San Francisco,CA,Australia
CUST9108,Pooja Mehta,San Francisco,CA,India
CUST9109,Anjali Reddy,Fort Worth,TX,Australia
CUST9110,Anjali Sharma,Houston,TX,United Kingdom
CUST9111,Aditya Sharma,Denver,CO,India
CUST9112,Aman Kumar,Phoenix,AZ,Canada
CUST9113,Simran Mehta,Los Angeles,CA,Australia
CUST9114,Sunita Verma,Jacksonville,FL,United Kingdom
CUST9115,Simran Patel,San Francisco,CA,United Kingdom
CUST9116,Ritika Sharma,Austin,TX,Canada
CUST9117,Vikas Verma,Houston,TX,Australia
CUST9118,Aman Joshi,Fort Worth,TX,Canada
CUST9119,Vivaan Gupta,Denver,CO,Australia
CUST9120,Aman Verma,Columbus,OH,Canada
CUST9121,Vikas Singh,Charlotte,NC,Canada
CUST9122,Kabir Patel,Dallas,TX,Canada
CUST9123,Vikas Gupta,Los Angeles,CA,India
CUST9124,Ritika Sharma,Denver,CO,India
CUST9125,Neha Verma,San Jose,CA,Australia
CUST9126,Vihaan Patel,Washington,DC,India
CUST9127,Mohit Joshi,Fort Worth,TX,United Kingdom
CUST9128,Aarav Sharma,Austin,TX,United Kingdom
CUST9129,Vihaan Kumar,San Francisco,CA,India
CUST9130,Arjun Mehta,Jacksonville,FL,United Kingdom
CUST9131,Aditya Patel,Denver,CO,United Kingdom
CUST9132,Neha Joshi,Seattle,WA,Canada
CUST9133,Aditya Singh,San Jose,CA,Australia
CUST9134,Sahil Joshi,San Diego,CA,India
CUST9135,Vikas Kumar,Chicago,IL,India
CUST9136,Pooja Mehta,Washington,DC,India
CUST9137,Vihaan Sharma,San Antonio,TX,United Kingdom
CUST9138,Vikas Sharma,Denver,CO,India
CUST9139,Aman Reddy,Charlotte,NC,Australia
CUST9140,Vivaan Reddy,San Francisco,CA,India
CUST9141,Neha Patel,Dallas,TX,India
CUST9142,Vihaan Sharma,Columbus,OH,Canada
CUST9143,Aarav Verma,Seattle,WA,United Kingdom
CUST9144,Sahil Mehta,Phoenix,AZ,Australia
CUST9145,Neha Kapoor,Fort Worth,TX,United Kingdom
CUST9146,Sunita Kumar,Los Angeles,CA,United States
CUST9147,Sunita Patel,New York,NY,Australia
CUST9148,Sneha Gupta,San Francisco,CA,Australia
CUST9149,Simran Joshi,Dallas,TX,Australia
CUST9150,Pooja Kapoor,Fort Worth,TX,United Kingdom
CUST9151,Karan Kumar,San Jose,CA,United Kingdom
CUST9152,Aarav Singh,San Jose,CA,Australia
CUST9153,Sahil Joshi,Austin,TX,Australia
CUST9154,Sneha Gupta,Columbus,OH,United Kingdom
CUST9155,Aman Patel,San Francisco,CA,Australia
CUST9156,Aman Joshi,Dallas,TX,India
CUST9157,Vihaan Kumar,San Diego,CA,United States
CUST9158,Sahil Gupta,Washington,DC,United Kingdom
CUST9159,Aditya Mehta,San Francisco,CA,United Kingdom
CUST9160,Simran Singh,Seattle,WA,United Kingdom
CUST9161,Sneha Reddy,Washington,DC,United Kingdom
CUST9162,Ritika Reddy,Dallas,TX,Canada
CUST9163,Neha Patel,Denver,CO,India
CUST9164,Mohit Kapoor,Chicago,IL,Australia
CUST9165,Ritika Sharma,Fort Worth,TX,India
CUST9166,Sahil Patel,Chicago,IL,India
CUST9167,Priya Singh,Chicago,IL,United States
CUST9168,Sahil Sharma,Columbus,OH,Australia
CUST9169,Neha Reddy,Phoenix,AZ,Australia
CUST9170,Sahil Singh,Houston,TX,United States
CUST9171,Neha Reddy,Indianapolis,IN,Australia
CUST9172,Vikas Sharma,Philadelphia,PA,Canada
CUST9173,Aarav Joshi,Phoenix,AZ,United Kingdom
CUST9174,Sunita Kumar,Columbus,OH,Australia
CUST9175,Kabir Gupta,Washington,DC,Australia
CUST9176,Karan Joshi,Denver,CO,Canada
CUST9177,Simran Joshi,Seattle,WA,India
CUST9178,Ritika Reddy,Los Angeles,CA,Canada
CUST9179,Simran Singh,Phoenix,AZ,United Kingdom
CUST9180,Aman Reddy,Jacksonville,FL,Australia
CUST9181,Anjali Kumar,Fort Worth,TX,India
CUST9182,Vivaan Joshi,San Antonio,TX,United States
CUST9183,Simran Singh,Los Angeles,CA,Australia
CUST9184,Sahil Verma,Los Angeles,CA,Australia
CUST9185,Aarav Singh,San Antonio,TX,United Kingdom
CUST9186,Vihaan Gupta,San Francisco,CA,India
CUST9187,Karan Kumar,Indianapolis,IN,India
CUST9188,Ritika Sharma,Seattle,WA,India
CUST9189,Aman Patel,Dallas,TX,United Kingdom
CUST9190,Aman Kumar,San Antonio,TX,India
CUST9191,Karan Reddy,Indianapolis,IN,United Kingdom
CUST9192,Neha Joshi,Los Angeles,CA,India
CUST9193,Ritika Patel,Philadelphia,PA,India
CUST9194,Priya Sharma,San Francisco,CA,Canada
CUST9195,Priya Patel,San Jose,CA,India
CUST9196,Aarav Gupta,Jacksonville,FL,United Kingdom
CUST9197,Aditya Patel,Philadelphia,PA,United Kingdom
CUST9198,Vivaan Joshi,Los Angeles,CA,India
CUST9199,Aditya Kumar,Washington,DC,Canada
CUST9200,Sahil Gupta,Dallas,TX,India
CUST9201,Arjun Joshi,Denver,CO,India
CUST9202,Aarav Mehta,Philadelphia,PA,Canada
CUST9203,Ritika Kapoor,New York,NY,United Kingdom
CUST9204,Vivaan Mehta,Chicago,IL,Canada
CUST9205,Sneha Mehta,Charlotte,NC,United Kingdom
CUST9206,Vivaan Reddy,Charlotte,NC,India
CUST9207,Sunita Kumar,Chicago,IL,India
CUST9208,Anjali Verma,San Jose,CA,Australia
CUST9209,Vihaan Joshi,Charlotte,NC,Canada
CUST9210,Sunita Mehta,San Francisco,CA,India
CUST9211,Sunita Kapoor,San Antonio,TX,United Kingdom
CUST9212,Arjun Patel,Columbus,OH,United States
CUST9213,Simran Mehta,San Jose,CA,United Kingdom
CUST9214,Neha Kapoor,Los Angeles,CA,Canada
CUST9215,Vivaan Reddy,Denver,CO,United Kingdom
CUST9216,Sneha Verma,Jacksonville,FL,India
CUST9217,Vivaan Gupta,San Antonio,TX,United Kingdom
CUST9218,Mohit Mehta,Philadelphia,PA,Australia
CUST9219,Vikas Reddy,San Jose,CA,India
CUST9220,Arjun Kapoor,San Diego,CA,United Kingdom
CUST9221,Sahil Sharma,Indianapolis,IN,Canada
CUST9222,Rohit Reddy,Philadelphia,PA,India
CUST9223,Rohit Joshi,San Jose,CA,United Kingdom
CUST9224,Karan Sharma,Washington,DC,United Kingdom
CUST9225,Karan Gupta,Columbus,OH,United Kingdom
CUST9226,Karan Singh,Indianapolis,IN,United Kingdom
CUST9227,Vikas Verma,Los Angeles,CA,Australia
CUST9228,Sahil Reddy,Columbus,OH,India
CUST9229,Arjun Mehta,Denver,CO,Canada
CUST9230,Priya Sharma,Phoenix,AZ,India
CUST9231,Karan Joshi,Jacksonville,FL,India
CUST9232,Simran Mehta,Columbus,OH,United Kingdom
CUST9233,Sunita Reddy,Charlotte,NC,United States
CUST9234,Priya Kapoor,New York,NY,Canada
CUST9235,Kabir Sharma,Houston,TX,Australia
CUST9236,Aarav Patel,Dallas,TX,India
CUST9237,Sahil Reddy,Chicago,IL,Canada
CUST9238,Aman Sharma,Columbus,OH,Canada
CUST9239,Mohit Kumar,New York,NY,Canada
CUST9240,Sneha Kapoor,Los Angeles,CA,Canada
CUST9241,Vihaan Patel,Denver,CO,United Kingdom
CUST9242,Karan Singh,Chicago,IL,Canada
CUST9243,Arjun Gupta,Fort Worth,TX,India
CUST9244,Kabir Kapoor,Los Angeles,CA,Australia
CUST9245,Aman Mehta,San Diego,CA,United Kingdom
CUST9246,Karan Patel,Columbus,OH,Canada
CUST9247,Vivaan Reddy,Dallas,TX,Canada
CUST9248,Rohit Kapoor,Phoenix,AZ,India
CUST9249,Sneha Singh,Los Angeles,CA,Canada
CUST9250,Simran Kumar,Indianapolis,IN,United States
CUST9251,Priya Kapoor,San Jose,CA,United States
CUST9252,Aman Reddy,San Jose,CA,India
CUST9253,Ritika Singh,Phoenix,AZ,India
CUST9254,Vikas Patel,Denver,CO,India
CUST9255,Aarav Gupta,Columbus,OH,Canada
CUST9256,Rohit Verma,Los Angeles,CA,India
CUST9257,Rohit Kumar,Indianapolis,IN,Canada
CUST9258,Aditya Gupta,San Antonio,TX,Australia
CUST9259,Sunita Sharma,Chicago,IL,Canada
CUST9260,Rohit Kumar,Austin,TX,India
CUST9261,Anjali Singh,Charlotte,NC,Australia
CUST9262,Aarav Mehta,Fort Worth,TX,Australia
CUST9263,Vihaan Mehta,Indianapolis,IN,Australia
CUST9264,Aditya Joshi,Indianapolis,IN,India
CUST9265,Aarav Patel,San Antonio,TX,India
CUST9266,Karan Joshi,San Francisco,CA,United Kingdom
CUST9267,Vikas Singh,Philadelphia,PA,Australia
CUST9268,Pooja Verma,Austin,TX,India
CUST9269,Simran Joshi,Houston,TX,Australia
CUST9270,Aditya Joshi,Chicago,IL,Canada
CUST9271,Vikas Singh,Dallas,TX,India
CUST9272,Rohit Verma,Seattle,WA,Canada
CUST9273,Rohit Joshi,Charlotte,NC,India
CUST9274,Aditya Joshi,San Diego,CA,Australia
CUST9275,Pooja Verma,Phoenix,AZ,India
CUST9276,Ritika Sharma,San Antonio,TX,Australia
CUST9277,Vivaan Verma,San Diego,CA,India
CUST9278,Aditya Reddy,San Jose,CA,United Kingdom
CUST9279,Arjun Gupta,Dallas,TX,Canada
CUST9280,Rohit Gupta,Seattle,WA,United Kingdom
CUST9281,Mohit Gupta,Washington,DC,Canada
CUST9282,Anjali Gupta,San Francisco,CA,United Kingdom
CUST9283,Arjun Verma,Jacksonville,FL,United States
CUST9284,Karan Gupta,San Francisco,CA,United States
CUST9285,Sneha Verma,Philadelphia,PA,United Kingdom
CUST9286,Karan Gupta,San Francisco,CA,India
CUST9287,Ritika Patel,San Jose,CA,Australia
CUST9288,Vivaan Patel,Charlotte,NC,Australia
CUST9289,Vihaan Patel,Houston,TX,Australia
CUST9290,Neha Gupta,Charlotte,NC,Australia
CUST9291,Aditya Joshi,Fort Worth,TX,Canada
CUST9292,Ritika Kumar,Fort Worth,TX,India
CUST9293,Anjali Patel,Los Angeles,CA,United Kingdom
CUST9294,Simran Kapoor,Los Angeles,CA,United States
CUST9295,Anjali Mehta,Fort Worth,TX,Canada
CUST9296,Arjun Kumar,San Jose,CA,Canada
CUST9297,Vihaan Gupta,New York,NY,India
CUST9298,Arjun Sharma,Indianapolis,IN,Australia
CUST9299,Sneha Joshi,Chicago,IL,United States
CUST9300,Pooja Verma,Indianapolis,IN,United States
CUST9301,Kabir Kapoor,San Francisco,CA,Australia
CUST9302,Simran Kapoor,New York,NY,India
CUST9303,Aman Verma,Denver,CO,Canada
CUST9304,Arjun Verma,San Diego,CA,Australia
CUST9305,Aditya Kumar,Denver,CO,India
CUST9306,Vihaan Sharma,Jacksonville,FL,Australia
CUST9307,Vihaan Singh,Houston,TX,India
CUST9308,Aman Patel,Phoenix,AZ,Australia
CUST9309,Aman Patel,Jacksonville,FL,Canada
CUST9310,Rohit Joshi,Columbus,OH,United States
CUST9311,Priya Gupta,San Antonio,TX,United States
CUST9312,Anjali Kumar,Washington,DC,Canada
CUST9313,Arjun Kumar,Phoenix,AZ,India
CUST9314,Pooja Reddy,San Antonio,TX,United Kingdom
CUST9315,Vihaan Verma,New York,NY,Canada
CUST9316,Aman Sharma,Austin,TX,United Kingdom
CUST9317,Simran Verma,Washington,DC,Australia
CUST9318,Simran Sharma,Houston,TX,United Kingdom
CUST9319,Aditya Verma,Denver,CO,United States
CUST9320,Karan Verma,Houston,TX,India
CUST9321,Neha Kapoor,Houston,TX,India
CUST9322,Vikas Reddy,Dallas,TX,India
CUST9323,Simran Kapoor,Phoenix,AZ,Canada
CUST9324,Kabir Patel,San Francisco,CA,United Kingdom
CUST9325,Neha Reddy,Jacksonville,FL,United Kingdom
CUST9326,Sahil Verma,Phoenix,AZ,India
CUST9327,Vivaan Sharma,San Francisco,CA,India
CUST9328,Karan Sharma,Indianapolis,IN,India
CUST9329,Ritika Kapoor,Philadelphia,PA,Canada
CUST9330,Aditya Verma,Washington,DC,India
CUST9331,Mohit Patel,Houston,TX,Canada
CUST9332,Vihaan Patel,Denver,CO,India
CUST9333,Neha Joshi,New York,NY,Canada
CUST9334,Sneha Singh,Seattle,WA,Canada
CUST9335,Pooja Gupta,Seattle,WA,United Kingdom
CUST9336,Pooja Mehta,Columbus,OH,United States
CUST9337,Ritika Mehta,Washington,DC,United Kingdom
CUST9338,Mohit Gupta,Phoenix,AZ,India
CUST9339,Priya Verma,San Jose,CA,Canada
CUST9340,Sahil Kumar,Phoenix,AZ,India
CUST9341,Pooja Joshi,Columbus,OH,Australia
CUST9342,Priya Reddy,San Francisco,CA,Canada
CUST9343,Sunita Patel,Phoenix,AZ,Canada
CUST9344,Vihaan Reddy,Philadelphia,PA,Canada
CUST9345,Karan Mehta,Phoenix,AZ,India
CUST9346,Kabir Kumar,Austin,TX,Canada
CUST9347,Karan Kapoor,Seattle,WA,Canada
CUST9348,Anjali Kapoor,Columbus,OH,Canada
CUST9349,Rohit Kapoor,Charlotte,NC,Canada
CUST9350,Sahil Patel,San Diego,CA,Australia
CUST9351,Anjali Kumar,San Jose,CA,India
CUST9352,Aman Singh,Jacksonville,FL,Canada
CUST9353,Neha Mehta,Houston,TX,Canada
CUST9354,Pooja Singh,Jacksonville,FL,United States
CUST9355,Aarav Kumar,Phoenix,AZ,Australia
CUST9356,Simran Mehta,Denver,CO,United Kingdom
CUST9357,Neha Kapoor,Dallas,TX,United Kingdom
CUST9358,Neha Joshi,San Diego,CA,Canada
CUST9359,Ritika Verma,Dallas,TX,Australia
CUST9360,Anjali Sharma,Austin,TX,Canada
CUST9361,Anjali Kapoor,Denver,CO,Australia
CUST9362,Aditya Patel,New York,NY,India
CUST9363,Vivaan Joshi,Chicago,IL,United Kingdom
CUST9364,Rohit Kumar,Chicago,IL,United Kingdom
CUST9365,Vihaan Verma,Chicago,IL,United States
CUST9366,Vihaan Reddy,New York,NY,India
CUST9367,Vihaan Gupta,San Jose,CA,United States
CUST9368,Ritika Patel,San Antonio,TX,India
CUST9369,Vihaan Verma,Fort Worth,TX,Canada
CUST9370,Ritika Sharma,San Jose,CA,India
CUST9371,Rohit Kapoor,Philadelphia,PA,Canada
CUST9372,Priya Singh,Washington,DC,Australia
CUST9373,Aman Reddy,San Diego,CA,United Kingdom
CUST9374,Aditya Joshi,Dallas,TX,India
CUST9375,Pooja Gupta,Washington,DC,India
CUST9376,Aman Kumar,Chicago,IL,Australia
CUST9377,Kabir Verma,Charlotte,NC,India
CUST9378,Sahil Mehta,Dallas,TX,United States
CUST9379,Kabir Verma,San Antonio,TX,United Kingdom
CUST9380,Kabir Mehta,Philadelphia,PA,United Kingdom
CUST9381,Aman Sharma,Seattle,WA,United Kingdom
CUST9382,Arjun Sharma,Washington,DC,India
CUST9383,Priya Sharma,Washington,DC,Australia
CUST9384,Sneha Kumar,Los Angeles,CA,India
CUST9385,Vikas Joshi,Dallas,TX,Canada
CUST9386,Aman Verma,Seattle,WA,India
CUST9387,Priya Kapoor,Austin,TX,Australia
CUST9388,Aarav Verma,Phoenix,AZ,India
CUST9389,Aditya Verma,Columbus,OH,Australia
CUST9390,Aarav Verma,Philadelphia,PA,United Kingdom
CUST9391,Vivaan Sharma,Columbus,OH,United Kingdom
CUST9392,Vihaan Joshi,Houston,TX,Canada
CUST9393,Priya Kapoor,Fort Worth,TX,Canada
CUST9394,Vihaan Joshi,New York,NY,United States
CUST9395,Neha Sharma,Seattle,WA,Australia
CUST9396,Vivaan Verma,Houston,TX,United Kingdom
CUST9397,Kabir Joshi,Columbus,OH,Australia
CUST9398,Vivaan Gupta,New York,NY,United Kingdom
CUST9399,Arjun Sharma,San Antonio,TX,Canada
CUST9400,Simran Patel,Fort Worth,TX,India
CUST9401,Vihaan Reddy,Chicago,IL,India
CUST9402,Vikas Joshi,Los Angeles,CA,Australia
CUST9403,Arjun Verma,Charlotte,NC,India
CUST9404,Aarav Kapoor,Columbus,OH,India
CUST9405,Vikas Singh,Philadelphia,PA,United Kingdom
CUST9406,Vihaan Singh,San Jose,CA,United Kingdom
CUST9407,Ritika Kapoor,Los Angeles,CA,Australia
CUST9408,Ritika Reddy,Columbus,OH,United Kingdom
CUST9409,Sahil Sharma,Indianapolis,IN,United Kingdom
CUST9410,Mohit Patel,Seattle,WA,Australia
CUST9411,Rohit Mehta,New York,NY,Australia
CUST9412,Sahil Mehta,Chicago,IL,Australia
CUST9413,Rohit Mehta,Austin,TX,Canada
CUST9414,Mohit Patel,Indianapolis,IN,United Kingdom
CUST9415,Pooja Patel,Austin,TX,United Kingdom
CUST9416,Aarav Mehta,Phoenix,AZ,Australia
CUST9417,Sahil Joshi,Washington,DC,India
CUST9418,Anjali Mehta,San Francisco,CA,India
CUST9419,Sneha Joshi,New York,NY,United Kingdom
CUST9420,Vivaan Verma,Phoenix,AZ,United Kingdom
CUST9421,Neha Gupta,Philadelphia,PA,Australia
CUST9422,Vikas Patel,Phoenix,AZ,India
CUST9423,Arjun Reddy,New York,NY,United Kingdom
CUST9424,Vivaan Verma,San Jose,CA,Canada
CUST9425,Rohit Patel,Seattle,WA,Canada
CUST9426,Simran Verma,San Francisco,CA,United Kingdom
CUST9427,Aditya Joshi,San Diego,CA,United Kingdom
CUST9428,Aarav Patel,Fort Worth,TX,Canada
CUST9429,Vivaan Gupta,Austin,TX,India
CUST9430,Ritika Kapoor,Austin,TX,Canada
CUST9431,Kabir Kumar,San Diego,CA,United Kingdom
CUST9432,Vivaan Kapoor,Indianapolis,IN,India
CUST9433,Kabir Sharma,Fort Worth,TX,India
CUST9434,Priya Verma,Chicago,IL,United Kingdom
CUST9435,Aditya Kapoor,Fort Worth,TX,Canada
CUST9436,Vikas Kumar,Chicago,IL,Canada
CUST9437,Anjali Kapoor,Denver,CO,United Kingdom
CUST9438,Pooja Patel,Philadelphia,PA,India
CUST9439,Vihaan Gupta,Austin,TX,Canada
CUST9440,Vihaan Reddy,Philadelphia,PA,Australia
CUST9441,Sneha Kumar,Chicago,IL,United Kingdom
CUST9442,Sneha Reddy,Columbus,OH,Canada
CUST9443,Priya Kumar,Chicago,IL,India
CUST9444,Sunita Mehta,Phoenix,AZ,Canada
CUST9445,Simran Sharma,San Diego,CA,Australia
CUST9446,Anjali Joshi,Columbus,OH,India
CUST9447,Aman Kapoor,Los Angeles,CA,Canada
CUST9448,Aman Sharma,Chicago,IL,United States
CUST9449,Ritika Reddy,Seattle,WA,United Kingdom
CUST9450,Aditya Singh,Jacksonville,FL,United Kingdom
CUST9451,Neha Kapoor,New York,NY,India
CUST9452,Anjali Reddy,Columbus,OH,India
CUST9453,Simran Kapoor,Charlotte,NC,India
CUST9454,Arjun Singh,San Francisco,CA,India
CUST9455,Priya Verma,Phoenix,AZ,Australia
CUST9456,Rohit Verma,Phoenix,AZ,United Kingdom
CUST9457,Rohit Gupta,Jacksonville,FL,India
CUST9458,Aditya Reddy,New York,NY,Australia
CUST9459,Anjali Kapoor,Philadelphia,PA,India
CUST9460,Neha Reddy,Charlotte,NC,India
CUST9461,Mohit Patel,Seattle,WA,India
CUST9462,Vihaan Singh,Los Angeles,CA,Canada
CUST9463,Anjali Joshi,Denver,CO,India
CUST9464,Priya Singh,Houston,TX,Australia
CUST9465,Vivaan Reddy,Fort Worth,TX,India
CUST9466,Vihaan Patel,San Antonio,TX,India
CUST9467,Simran Joshi,Austin,TX,Australia
CUST9468,Priya Mehta,Jacksonville,FL,India
CUST9469,Anjali Gupta,Columbus,OH,United Kingdom
CUST9470,Aman Singh,Houston,TX,Canada
CUST9471,Sahil Reddy,Phoenix,AZ,India
CUST9472,Kabir Singh,San Francisco,CA,Australia
CUST9473,Sahil Sharma,Denver,CO,United Kingdom
CUST9474,Vivaan Verma,San Antonio,TX,India
CUST9475,Karan Gupta,Denver,CO,Canada
CUST9476,Sneha Sharma,Austin,TX,Canada
CUST9477,Vivaan Verma,Fort Worth,TX,Canada
CUST9478,Vivaan Joshi,San Jose,CA,Canada
CUST9479,Vihaan Mehta,San Francisco,CA,United Kingdom
CUST9480,Aarav Singh,San Francisco,CA,Canada
CUST9481,Vikas Sharma,Los Angeles,CA,Canada
CUST9482,Sneha Gupta,San Jose,CA,Canada
CUST9483,Arjun Mehta,Phoenix,AZ,India
CUST9484,Sahil Joshi,San Antonio,TX,India
CUST9485,Vikas Patel,Houston,TX,United Kingdom
CUST9486,Mohit Kumar,Chicago,IL,United Kingdom
CUST9487,Sneha Kumar,San Antonio,TX,United Kingdom
CUST9488,Simran Reddy,Seattle,WA,United Kingdom
CUST9489,Simran Singh,Austin,TX,India
CUST9490,Pooja Kapoor,Indianapolis,IN,Australia
CUST9491,Karan Joshi,Indianapolis,IN,Canada
CUST9492,Vivaan Kapoor,Los Angeles,CA,India
CUST9493,Priya Reddy,Fort Worth,TX,India
CUST9494,Vikas Reddy,Houston,TX,Australia
CUST9495,Sneha Patel,Chicago,IL,Canada
CUST9496,Aditya Verma,Houston,TX,Canada
CUST9497,Sunita Gupta,Indianapolis,IN,Canada
CUST9498,Simran Joshi,San Francisco,CA,Australia
CUST9499,Vivaan Patel,Charlotte,NC,India
CUST9500,Vikas Sharma,Austin,TX,Australia
CUST9501,Anjali Joshi,San Diego,CA,Canada
CUST9502,Pooja Joshi,Jacksonville,FL,India
CUST9503,Aman Kapoor,San Diego,CA,Australia
CUST9504,Sneha Joshi,Houston,TX,Australia
CUST9505,Anjali Singh,Fort Worth,TX,India
CUST9506,Priya Patel,New York,NY,United Kingdom
CUST9507,Arjun Reddy,Jacksonville,FL,United Kingdom
CUST9508,Vihaan Patel,Denver,CO,Canada
CUST9509,Rohit Verma,Seattle,WA,Australia
CUST9510,Mohit Joshi,Fort Worth,TX,Canada
CUST9511,Aman Joshi,New York,NY,India
CUST9512,Arjun Patel,Indianapolis,IN,United Kingdom
CUST9513,Rohit Verma,Chicago,IL,United States
CUST9514,Mohit Singh,Washington,DC,India
CUST9515,Kabir Joshi,San Francisco,CA,Canada
CUST9516,Vikas Singh,San Diego,CA,Canada
CUST9517,Ritika Kapoor,San Jose,CA,United Kingdom
CUST9518,Sunita Singh,Chicago,IL,Canada
CUST9519,Aarav Kapoor,Jacksonville,FL,Australia
CUST9520,Sneha Mehta,New York,NY,United Kingdom
CUST9521,Aman Patel,Austin,TX,United States
CUST9522,Aditya Reddy,Austin,TX,United Kingdom
CUST9523,Neha Patel,Chicago,IL,Canada
CUST9524,Anjali Joshi,San Jose,CA,Australia
CUST9525,Sunita Gupta,Phoenix,AZ,Australia
CUST9526,Vikas Joshi,Seattle,WA,India
CUST9527,Vivaan Kapoor,Philadelphia,PA,Canada
CUST9528,Vihaan Mehta,San Diego,CA,India
CUST9529,Simran Kumar,Phoenix,AZ,India
CUST9530,Neha Reddy,Jacksonville,FL,India
CUST9531,Sneha Mehta,Indianapolis,IN,United Kingdom
CUST9532,Simran Sharma,San Jose,CA,United Kingdom
CUST9533,Arjun Singh,Jacksonville,FL,Australia
CUST9534,Sneha Sharma,San Antonio,TX,United Kingdom
CUST9535,Aman Joshi,Phoenix,AZ,United Kingdom
CUST9536,Priya Joshi,Houston,TX,Australia
CUST9537,Rohit Mehta,Fort Worth,TX,United Kingdom
CUST9538,Ritika Gupta,Washington,DC,United States
CUST9539,Ritika Mehta,Chicago,IL,Australia
CUST9540,Aman Verma,Columbus,OH,United Kingdom
CUST9541,Aarav Gupta,San Diego,CA,Canada
CUST9542,Simran Kapoor,Philadelphia,PA,India
CUST9543,Karan Gupta,San Antonio,TX,Canada
CUST9544,Vikas Reddy,Fort Worth,TX,United Kingdom
CUST9545,Sneha Kapoor,New York,NY,India
CUST9546,Ritika Verma,New York,NY,United States
CUST9547,Vivaan Sharma,Philadelphia,PA,United Kingdom
CUST9548,Kabir Reddy,Denver,CO,India
CUST9549,Vihaan Joshi,Denver,CO,Australia
CUST9550,Simran Singh,San Antonio,TX,India
CUST9551,Kabir Gupta,San Jose,CA,Canada
CUST9552,Aman Patel,Charlotte,NC,United Kingdom
CUST9553,Vivaan Kumar,Houston,TX,Canada
CUST9554,Vivaan Kumar,Denver,CO,India
CUST9555,Aditya Reddy,Denver,CO,Canada
CUST9556,Priya Joshi,Austin,TX,United Kingdom
CUST9557,Vikas Reddy,Washington,DC,Australia
CUST9558,Rohit Singh,Phoenix,AZ,India
CUST9559,Aarav Singh,Houston,TX,Australia
CUST9560,Karan Reddy,Houston,TX,Australia
CUST9561,Vikas Verma,Columbus,OH,India
CUST9562,Rohit Kapoor,San Jose,CA,India
CUST9563,Neha Kumar,Phoenix,AZ,Canada
CUST9564,Sahil Sharma,Jacksonville,FL,Canada
CUST9565,Aman Joshi,Seattle,WA,United States
CUST9566,Aarav Mehta,Chicago,IL,United Kingdom
CUST9567,Vikas Sharma,Columbus,OH,United Kingdom
CUST9568,Aditya Verma,Seattle,WA,India
CUST9569,Aarav Kumar,New York,NY,Canada
CUST9570,Priya Verma,Charlotte,NC,India
CUST9571,Priya Joshi,Fort Worth,TX,Australia
CUST9572,Sahil Verma,San Francisco,CA,Canada
CUST9573,Sneha Kapoor,Philadelphia,PA,Canada
CUST9574,Rohit Joshi,Los Angeles,CA,India
CUST9575,Sunita Gupta,Seattle,WA,Canada
CUST9576,Ritika Mehta,San Francisco,CA,India
CUST9577,Simran Verma,Austin,TX,India
CUST9578,Vivaan Mehta,San Antonio,TX,India
CUST9579,Kabir Singh,New York,NY,Australia
CUST9580,Aman Patel,Chicago,IL,India
CUST9581,Neha Verma,San Francisco,CA,United Kingdom
CUST9582,Aarav Patel,Houston,TX,United Kingdom
CUST9583,Sunita Kapoor,Chicago,IL,India
CUST9584,Ritika Sharma,San Francisco,CA,United Kingdom
CUST9585,Rohit Mehta,Phoenix,AZ,India
CUST9586,Karan Joshi,Phoenix,AZ,India
CUST9587,Ritika Verma,Philadelphia,PA,United Kingdom
CUST9588,Aman Sharma,Dallas,TX,United Kingdom
CUST9589,Sahil Sharma,Dallas,TX,Canada
CUST9590,Aditya Reddy,Fort Worth,TX,India
CUST9591,Kabir Joshi,Columbus,OH,Canada
CUST9592,Priya Mehta,Phoenix,AZ,Australia
CUST9593,Rohit Verma,Seattle,WA,United Kingdom
CUST9594,Neha Reddy,San Antonio,TX,United States
CUST9595,Mohit Mehta,San Jose,CA,Canada
CUST9596,Mohit Patel,Fort Worth,TX,United States
CUST9597,Simran Sharma,Indianapolis,IN,India
CUST9598,Priya Sharma,Houston,TX,Australia
CUST9599,Sunita Kapoor,Philadelphia,PA,United Kingdom
CUST9600,Sneha Mehta,San Francisco,CA,Canada
CUST9601,Ritika Reddy,San Jose,CA,India
CUST9602,Aarav Verma,Jacksonville,FL,Canada
CUST9603,Anjali Verma,Chicago,IL,India
CUST9604,Neha Kumar,Charlotte,NC,United Kingdom
CUST9605,Aarav Kapoor,Charlotte,NC,India
CUST9606,Aditya Kumar,Dallas,TX,Australia
CUST9607,Aman Patel,Washington,DC,Canada
CUST9608,Neha Gupta,Fort Worth,TX,India
CUST9609,Kabir Verma,New York,NY,Australia
CUST9610,Ritika Patel,Denver,CO,Canada
CUST9611,Vikas Reddy,San Francisco,CA,India
CUST9612,Mohit Sharma,San Antonio,TX,India
CUST9613,Aarav Kapoor,Dallas,TX,Australia
CUST9614,Simran Patel,Charlotte,NC,India
CUST9615,Pooja Reddy,Los Angeles,CA,Canada
CUST9616,Aman Singh,San Francisco,CA,India
CUST9617,Simran Gupta,San Diego,CA,United Kingdom
CUST9618,Vihaan Joshi,Austin,TX,India
CUST9619,Rohit Kapoor,Seattle,WA,United Kingdom
CUST9620,Kabir Mehta,Phoenix,AZ,United Kingdom
CUST9621,Karan Patel,Charlotte,NC,Australia
CUST9622,Ritika Singh,Dallas,TX,Canada
CUST9623,Vihaan Gupta,Los Angeles,CA,Australia
CUST9624,Sneha Reddy,Fort Worth,TX,Canada
CUST9625,Aarav Kumar,Washington,DC,India
CUST9626,Ritika Verma,Denver,CO,Canada
CUST9627,Vivaan Patel,San Antonio,TX,United Kingdom
CUST9628,Sneha Sharma,Dallas,TX,India
CUST9629,Sahil Reddy,San Jose,CA,Australia
CUST9630,Ritika Verma,Chicago,IL,Canada
CUST9631,Aarav Joshi,Washington,DC,India
CUST9632,Kabir Patel,Houston,TX,India
CUST9633,Vihaan Gupta,Seattle,WA,United States
CUST9634,Sahil Gupta,Jacksonville,FL,United Kingdom
CUST9635,Mohit Joshi,Denver,CO,United Kingdom
CUST9636,Vivaan Patel,Indianapolis,IN,Canada
CUST9637,Vihaan Joshi,San Antonio,TX,United Kingdom
CUST9638,Pooja Singh,San Diego,CA,Australia
CUST9639,Sneha Joshi,Indianapolis,IN,India
CUST9640,Pooja Kumar,Austin,TX,Canada
CUST9641,Neha Verma,Indianapolis,IN,United Kingdom
CUST9642,Aman Reddy,San Antonio,TX,India
CUST9643,Pooja Kumar,Phoenix,AZ,Canada
CUST9644,Sunita Patel,San Antonio,TX,India
CUST9645,Karan Verma,San Diego,CA,Canada
CUST9646,Simran Kumar,Jacksonville,FL,Canada
CUST9647,Arjun Kapoor,Philadelphia,PA,United States
CUST9648,Rohit Reddy,Phoenix,AZ,United States
CUST9649,Sneha Sharma,Jacksonville,FL,India
CUST9650,Aman Kumar,San Francisco,CA,United Kingdom
CUST9651,Sunita Gupta,Dallas,TX,India
CUST9652,Vivaan Kumar,Columbus,OH,Canada
CUST9653,Aman Verma,Charlotte,NC,India
CUST9654,Sahil Patel,Denver,CO,United Kingdom
CUST9655,Vivaan Reddy,Charlotte,NC,Australia
CUST9656,Simran Reddy,Denver,CO,Australia
CUST9657,Aditya Patel,Fort Worth,TX,Australia
CUST9658,Sahil Reddy,Fort Worth,TX,United Kingdom
CUST9659,Rohit Kapoor,New York,NY,India
CUST9660,Neha Patel,Philadelphia,PA,Australia
CUST9661,Aman Gupta,Denver,CO,United Kingdom
CUST9662,Simran Joshi,Jacksonville,FL,United Kingdom
CUST9663,Sahil Kapoor,Denver,CO,Australia
CUST9664,Vikas Mehta,Fort Worth,TX,United Kingdom
CUST9665,Neha Sharma,San Diego,CA,Australia
CUST9666,Aditya Mehta,Phoenix,AZ,Canada
CUST9667,Mohit Kapoor,Denver,CO,United Kingdom
CUST9668,Pooja Verma,Washington,DC,Canada
CUST9669,Mohit Mehta,Jacksonville,FL,Canada
CUST9670,Kabir Reddy,Philadelphia,PA,India
CUST9671,Aarav Reddy,San Jose,CA,United Kingdom
CUST9672,Simran Sharma,Charlotte,NC,Canada
CUST9673,Kabir Gupta,Chicago,IL,Canada
CUST9674,Vivaan Singh,Jacksonville,FL,Canada
CUST9675,Aman Mehta,Los Angeles,CA,Australia
CUST9676,Aarav Joshi,San Diego,CA,Canada
CUST9677,Rohit Verma,Indianapolis,IN,United Kingdom
CUST9678,Simran Mehta,Chicago,IL,Australia
CUST9679,Priya Patel,Fort Worth,TX,India
CUST9680,Sunita Kapoor,Phoenix,AZ,Canada
CUST9681,Simran Patel,San Diego,CA,Canada
CUST9682,Vikas Gupta,Washington,DC,United Kingdom
CUST9683,Aman Reddy,Houston,TX,Australia
CUST9684,Mohit Gupta,Houston,TX,United Kingdom
CUST9685,Mohit Verma,Fort Worth,TX,Australia
CUST9686,Neha Mehta,Austin,TX,United States
CUST9687,Neha Kumar,Dallas,TX,Australia
CUST9688,Anjali Gupta,Jacksonville,FL,Canada
CUST9689,Rohit Reddy,Charlotte,NC,India
CUST9690,Aman Singh,Denver,CO,India
CUST9691,Sunita Kapoor,San Antonio,TX,India
CUST9692,Priya Verma,San Antonio,TX,Canada
CUST9693,Arjun Patel,Philadelphia,PA,Canada
CUST9694,Karan Verma,San Jose,CA,India
CUST9695,Simran Patel,San Diego,CA,India
CUST9696,Aditya Kapoor,Washington,DC,India
CUST9697,Neha Joshi,San Francisco,CA,Canada
CUST9698,Aditya Reddy,Charlotte,NC,United Kingdom
CUST9699,Sunita Singh,Charlotte,NC,Canada
CUST9700,Simran Sharma,San Antonio,TX,Canada
CUST9701,Vivaan Reddy,Columbus,OH,United Kingdom
CUST9702,Aarav Sharma,Chicago,IL,India
CUST9703,Priya Patel,Chicago,IL,India
CUST9704,Aditya Kapoor,Austin,TX,Australia
CUST9705,Anjali Joshi,San Antonio,TX,United Kingdom
CUST9706,Anjali Reddy,San Diego,CA,United Kingdom
CUST9707,Sneha Kumar,Chicago,IL,Australia
CUST9708,Ritika Patel,San Jose,CA,India
CUST9709,Neha Kumar,San Jose,CA,India
CUST9710,Anjali Kumar,Houston,TX,Australia
CUST9711,Sneha Reddy,San Jose,CA,Canada
CUST9712,Karan Patel,Houston,TX,India
CUST9713,Vivaan Mehta,Fort Worth,TX,India
CUST9714,Aarav Kumar,Houston,TX,Canada
CUST9715,Rohit Kapoor,Houston,TX,Australia
CUST9716,Sneha Gupta,Charlotte,NC,Canada
CUST9717,Sunita Singh,New York,NY,United Kingdom
CUST9718,Sunita Patel,Denver,CO,Australia
CUST9719,Kabir Kumar,Chicago,IL,United States
CUST9720,Vikas Joshi,Denver,CO,Canada
CUST9721,Aman Singh,Columbus,OH,India
CUST9722,Ritika Patel,Phoenix,AZ,Australia
CUST9723,Kabir Joshi,Houston,TX,India
CUST9724,Vikas Kapoor,Charlotte,NC,Canada
CUST9725,Simran Gupta,Austin,TX,Canada
CUST9726,Neha Patel,Denver,CO,United States
CUST9727,Pooja Mehta,San Diego,CA,United Kingdom
CUST9728,Neha Kumar,Phoenix,AZ,United States
CUST9729,Sneha Patel,Dallas,TX,India
CUST9730,Mohit Joshi,San Jose,CA,India
CUST9731,Sneha Verma,Jacksonville,FL,Australia
CUST9732,Aarav Verma,Chicago,IL,Canada
CUST9733,Ritika Sharma,San Antonio,TX,Canada
CUST9734,Priya Verma,Denver,CO,Australia
CUST9735,Priya Mehta,Austin,TX,India
CUST9736,Vivaan Mehta,Fort Worth,TX,Australia
CUST9737,Pooja Joshi,Jacksonville,FL,Australia
CUST9738,Vikas Joshi,Washington,DC,Australia
CUST9739,Priya Reddy,Charlotte,NC,United States
CUST9740,Sunita Patel,Philadelphia,PA,United States
CUST9741,Sahil Singh,Phoenix,AZ,India
CUST9742,Aarav Joshi,Los Angeles,CA,Canada
CUST9743,Vivaan Sharma,Dallas,TX,India
CUST9744,Aarav Singh,Los Angeles,CA,Canada
CUST9745,Pooja Joshi,Chicago,IL,Canada
CUST9746,Sahil Sharma,San Jose,CA,Australia
CUST9747,Aditya Verma,Phoenix,AZ,United Kingdom
CUST9748,Sunita Patel,New York,NY,India
CUST9749,Arjun Verma,New York,NY,United Kingdom
CUST9750,Vihaan Singh,San Antonio,TX,India
CUST9751,Karan Mehta,Indianapolis,IN,Canada
CUST9752,Aarav Joshi,San Jose,CA,United Kingdom
CUST9753,Anjali Singh,New York,NY,Canada
CUST9754,Neha Kumar,San Diego,CA,Canada
CUST9755,Sneha Joshi,Charlotte,NC,Australia
CUST9756,Karan Verma,Fort Worth,TX,Australia
CUST9757,Aarav Mehta,Jacksonville,FL,Australia
CUST9758,Mohit Reddy,New York,NY,India
CUST9759,Sunita Sharma,New York,NY,Australia
CUST9760,Ritika Kumar,Philadelphia,PA,India
CUST9761,Karan Kumar,New York,NY,Australia
CUST9762,Aman Sharma,Phoenix,AZ,Australia
CUST9763,Priya Gupta,San Antonio,TX,Canada
CUST9764,Sahil Joshi,Chicago,IL,United States
CUST9765,Karan Gupta,Phoenix,AZ,Canada
CUST9766,Karan Singh,Los Angeles,CA,India
CUST9767,Pooja Sharma,Fort Worth,TX,United States
CUST9768,Pooja Verma,Dallas,TX,United Kingdom
CUST9769,Anjali Singh,Charlotte,NC,Canada
CUST9770,Sunita Kapoor,Indianapolis,IN,Canada
CUST9771,Anjali Sharma,Fort Worth,TX,United Kingdom
CUST9772,Anjali Reddy,Denver,CO,Canada
CUST9773,Priya Verma,Seattle,WA,India
CUST9774,Priya Reddy,Los Angeles,CA,Canada
CUST9775,Priya Verma,San Francisco,CA,United Kingdom
CUST9776,Neha Mehta,Phoenix,AZ,Canada
CUST9777,Vikas Gupta,Washington,DC,India
CUST9778,Karan Verma,Denver,CO,Canada
CUST9779,Vihaan Sharma,Los Angeles,CA,Canada
CUST9780,Vihaan Gupta,New York,NY,Canada
CUST9781,Pooja Gupta,Denver,CO,United Kingdom
CUST9782,Vihaan Patel,Los Angeles,CA,United Kingdom
CUST9783,Simran Gupta,Austin,TX,Australia
CUST9784,Kabir Singh,Indianapolis,IN,Canada
CUST9785,Vivaan Singh,New York,NY,India
CUST9786,Ritika Kumar,Washington,DC,United Kingdom
CUST9787,Pooja Patel,Indianapolis,IN,Canada
CUST9788,Vivaan Sharma,Dallas,TX,Australia
CUST9789,Vikas Kapoor,Indianapolis,IN,Australia
CUST9790,Sahil Singh,Los Angeles,CA,India
CUST9791,Sahil Mehta,New York,NY,Australia
CUST9792,Mohit Singh,San Jose,CA,Australia
CUST9793,Vikas Verma,Indianapolis,IN,United Kingdom
CUST9794,Ritika Reddy,Los Angeles,CA,Australia
CUST9795,Aarav Singh,Charlotte,NC,India
CUST9796,Kabir Singh,Houston,TX,United Kingdom
CUST9797,Aman Kumar,Seattle,WA,United Kingdom
CUST9798,Kabir Sharma,San Jose,CA,India
CUST9799,Vikas Patel,San Jose,CA,Canada
CUST9800,Aarav Singh,Philadelphia,PA,India
CUST9801,Ritika Kapoor,Chicago,IL,Australia
CUST9802,Vivaan Kapoor,Houston,TX,India
CUST9803,Mohit Joshi,Austin,TX,United Kingdom
CUST9804,Pooja Patel,Fort Worth,TX,Australia
CUST9805,Sahil Kapoor,Phoenix,AZ,Australia
CUST9806,Vivaan Kapoor,Dallas,TX,Australia
CUST9807,Aarav Patel,Jacksonville,FL,India
CUST9808,Arjun Patel,Austin,TX,India
CUST9809,Aarav Reddy,Austin,TX,India
CUST9810,Rohit Mehta,Phoenix,AZ,Canada
CUST9811,Vivaan Kapoor,Fort Worth,TX,Canada
CUST9812,Vikas Joshi,Los Angeles,CA,United Kingdom
CUST9813,Aarav Gupta,San Antonio,TX,United Kingdom
CUST9814,Arjun Singh,Dallas,TX,Canada
CUST9815,Simran Kumar,Chicago,IL,India
CUST9816,Mohit Patel,Charlotte,NC,Canada
CUST9817,Vivaan Patel,Chicago,IL,Canada
CUST9818,Ritika Mehta,San Francisco,CA,Canada
CUST9819,Ritika Gupta,San Francisco,CA,United Kingdom
CUST9820,Ritika Reddy,Denver,CO,India
CUST9821,Simran Joshi,San Jose,CA,United Kingdom
CUST9822,Aman Sharma,Houston,TX,India
CUST9823,Vihaan Mehta,Austin,TX,India
CUST9824,Pooja Reddy,Los Angeles,CA,India
CUST9825,Kabir Sharma,Washington,DC,Canada
CUST9826,Anjali Kapoor,Denver,CO,India
CUST9827,Vihaan Gupta,Austin,TX,United Kingdom
CUST9828,Kabir Kumar,Houston,TX,United Kingdom
CUST9829,Sunita Reddy,Jacksonville,FL,India
CUST9830,Rohit Reddy,Dallas,TX,United Kingdom
CUST9831,Sahil Gupta,New York,NY,United Kingdom
CUST9832,Anjali Joshi,San Antonio,TX,India
CUST9833,Arjun Reddy,Denver,CO,United States
CUST9834,Priya Patel,San Francisco,CA,India
CUST9835,Arjun Kumar,Charlotte,NC,United Kingdom
CUST9836,Arjun Reddy,Indianapolis,IN,United Kingdom
CUST9837,Sunita Sharma,Dallas,TX,Australia
CUST9838,Neha Singh,Jacksonville,FL,India
CUST9839,Aman Patel,Philadelphia,PA,United Kingdom
CUST9840,Vivaan Gupta,Dallas,TX,India
CUST9841,Arjun Kumar,Philadelphia,PA,India
CUST9842,Neha Singh,Columbus,OH,India
CUST9843,Neha Sharma,Philadelphia,PA,Canada
CUST9844,Vikas Patel,San Antonio,TX,Australia
CUST9845,Arjun Reddy,Chicago,IL,Canada
CUST9846,Ritika Reddy,Dallas,TX,India
CUST9847,Arjun Singh,San Diego,CA,Australia
CUST9848,Sneha Sharma,Philadelphia,PA,Australia
CUST9849,Vivaan Mehta,Charlotte,NC,Canada
CUST9850,Ritika Verma,New York,NY,Canada
CUST9851,Aarav Singh,Seattle,WA,United Kingdom
CUST9852,Sneha Singh,San Francisco,CA,United States
CUST9853,Vivaan Sharma,San Francisco,CA,Australia
CUST9854,Ritika Joshi,Philadelphia,PA,United Kingdom
CUST9855,Neha Mehta,Denver,CO,United Kingdom
CUST9856,Sahil Kapoor,San Francisco,CA,India
CUST9857,Simran Sharma,Dallas,TX,Australia
CUST9858,Sunita Kumar,Austin,TX,United Kingdom
CUST9859,Mohit Kapoor,San Francisco,CA,Australia
CUST9860,Arjun Gupta,Indianapolis,IN,Australia
CUST9861,Sahil Kapoor,Philadelphia,PA,Australia
CUST9862,Mohit Reddy,Charlotte,NC,Canada
CUST9863,Sneha Kumar,San Diego,CA,India
CUST9864,Aman Verma,Dallas,TX,India
CUST9865,Anjali Kapoor,Columbus,OH,United Kingdom
CUST9866,Anjali Singh,Austin,TX,India
CUST9867,Kabir Kumar,Dallas,TX,Australia
CUST9868,Pooja Verma,Houston,TX,India
CUST9869,Anjali Reddy,Houston,TX,India
CUST9870,Aman Kapoor,Seattle,WA,Canada
CUST9871,Sneha Sharma,New York,NY,Australia
CUST9872,Vivaan Reddy,Philadelphia,PA,Canada
CUST9873,Aman Gupta,San Antonio,TX,India
CUST9874,Pooja Sharma,Dallas,TX,India
CUST9875,Karan Gupta,Jacksonville,FL,India
CUST9876,Arjun Sharma,San Antonio,TX,Australia
CUST9877,Aditya Singh,Chicago,IL,India
CUST9878,Simran Gupta,San Antonio,TX,India
CUST9879,Sunita Gupta,Philadelphia,PA,India
CUST9880,Aditya Sharma,Columbus,OH,United States
CUST9881,Aman Sharma,Columbus,OH,United Kingdom
CUST9882,Vikas Mehta,Dallas,TX,Canada
CUST9883,Arjun Verma,San Antonio,TX,India
CUST9884,Aarav Gupta,Phoenix,AZ,India
CUST9885,Vivaan Joshi,Dallas,TX,India
CUST9886,Aditya Singh,Los Angeles,CA,India
CUST9887,Anjali Sharma,Washington,DC,United Kingdom
CUST9888,Anjali Mehta,Dallas,TX,Australia
CUST9889,Vikas Verma,Washington,DC,Australia
CUST9890,Vivaan Singh,Philadelphia,PA,Canada
CUST9891,Vihaan Patel,Chicago,IL,Canada
CUST9892,Vihaan Gupta,San Diego,CA,United Kingdom
CUST9893,Vihaan Sharma,Washington,DC,Canada
CUST9894,Vivaan Reddy,Houston,TX,Canada
CUST9895,Priya Patel,New York,NY,India
CUST9896,Vihaan Sharma,Chicago,IL,India
CUST9897,Aditya Kapoor,San Antonio,TX,United States
CUST9898,Vivaan Sharma,San Jose,CA,Australia
CUST9899,Mohit Kapoor,Washington,DC,India
CUST9900,Priya Verma,San Diego,CA,Australia
CUST9901,Pooja Kumar,Charlotte,NC,India
CUST9902,Neha Kumar,Philadelphia,PA,India
CUST9903,Sahil Verma,Denver,CO,Australia
CUST9904,Aditya Sharma,Jacksonville,FL,Canada
CUST9905,Neha Joshi,Columbus,OH,Australia
CUST9906,Arjun Gupta,Indianapolis,IN,Canada
CUST9907,Vivaan Reddy,Phoenix,AZ,Australia
CUST9908,Vihaan Patel,Phoenix,AZ,Australia
CUST9909,Sneha Mehta,Houston,TX,Canada
CUST9910,Ritika Patel,Los Angeles,CA,Canada
CUST9911,Sahil Gupta,Columbus,OH,India
CUST9912,Neha Mehta,San Jose,CA,India
CUST9913,Rohit Sharma,Austin,TX,India
CUST9914,Vivaan Patel,Chicago,IL,United Kingdom
CUST9915,Kabir Reddy,San Jose,CA,Canada
CUST9916,Neha Reddy,Fort Worth,TX,United Kingdom
CUST9917,Arjun Verma,Dallas,TX,India
CUST9918,Simran Joshi,Charlotte,NC,Canada
CUST9919,Simran Patel,Denver,CO,United Kingdom
CUST9920,Vivaan Reddy,Seattle,WA,Australia
CUST9921,Neha Patel,Indianapolis,IN,India
CUST9922,Aarav Reddy,San Diego,CA,India
CUST9923,Sunita Sharma,San Antonio,TX,India
CUST9924,Sahil Patel,Indianapolis,IN,India
CUST9925,Vihaan Mehta,Washington,DC,India
CUST9926,Aditya Mehta,Dallas,TX,Canada
CUST9927,Mohit Mehta,Indianapolis,IN,Canada
CUST9928,Simran Mehta,Washington,DC,Canada
CUST9929,Sneha Joshi,San Jose,CA,Canada
CUST9930,Pooja Singh,Los Angeles,CA,India
CUST9931,Ritika Sharma,Philadelphia,PA,Canada
CUST9932,Priya Kapoor,Washington,DC,India
CUST9933,Mohit Joshi,Seattle,WA,Australia
CUST9934,Sahil Patel,Dallas,TX,Canada
CUST9935,Simran Reddy,Phoenix,AZ,United Kingdom
CUST9936,Sahil Mehta,Indianapolis,IN,India
CUST9937,Aman Joshi,San Diego,CA,United Kingdom
CUST9938,Aman Mehta,San Francisco,CA,Canada
CUST9939,Vikas Sharma,San Jose,CA,Canada
CUST9940,Aman Kumar,Seattle,WA,Australia
CUST9941,Aditya Reddy,Washington,DC,India
CUST9942,Sneha Reddy,Dallas,TX,Australia
CUST9943,Vivaan Joshi,San Francisco,CA,Canada
CUST9944,Aman Mehta,Jacksonville,FL,India
CUST9945,Anjali Joshi,Philadelphia,PA,India
CUST9946,Karan Gupta,San Francisco,CA,Canada
CUST9947,Aarav Verma,San Jose,CA,India
CUST9948,Arjun Patel,Indianapolis,IN,India
CUST9949,Arjun Joshi,Los Angeles,CA,United Kingdom
CUST9950,Vihaan Gupta,Dallas,TX,India
CUST9951,Mohit Joshi,Philadelphia,PA,India
CUST9952,Vivaan Gupta,Los Angeles,CA,Australia
CUST9953,Vikas Reddy,Los Angeles,CA,United Kingdom
CUST9954,Priya Gupta,Denver,CO,United Kingdom
CUST9955,Aman Reddy,Houston,TX,Canada
CUST9956,Rohit Verma,San Antonio,TX,India
CUST9957,Priya Mehta,San Diego,CA,Canada
CUST9958,Kabir Reddy,Jacksonville,FL,India
CUST9959,Ritika Singh,Columbus,OH,India
CUST9960,Sunita Joshi,Phoenix,AZ,India
CUST9961,Vikas Joshi,Jacksonville,FL,Canada
CUST9962,Sneha Joshi,San Diego,CA,Australia
CUST9963,Simran Verma,San Diego,CA,Australia
CUST9964,Kabir Sharma,Indianapolis,IN,India
CUST9965,Karan Joshi,San Antonio,TX,Australia
CUST9966,Vihaan Kumar,Phoenix,AZ,India
CUST9967,Rohit Kumar,Houston,TX,Canada
CUST9968,Mohit Patel,San Francisco,CA,Australia
CUST9969,Arjun Patel,Austin,TX,Australia
CUST9970,Simran Kumar,Los Angeles,CA,Canada
CUST9971,Ritika Singh,Chicago,IL,Canada
CUST9972,Arjun Kapoor,Austin,TX,India
CUST9973,Rohit Patel,Seattle,WA,India
CUST9974,Vikas Gupta,Denver,CO,United States
CUST9975,Sahil Sharma,Austin,TX,India
CUST9976,Rohit Verma,Jacksonville,FL,Canada
CUST9977,Pooja Kumar,Seattle,WA,Australia
CUST9978,Neha Gupta,Dallas,TX,Australia
CUST9979,Pooja Kapoor,San Francisco,CA,Australia
CUST9980,Kabir Singh,Phoenix,AZ,United Kingdom
CUST9981,Vivaan Kapoor,Philadelphia,PA,India
CUST9982,Anjali Kumar,Philadelphia,PA,India
CUST9983,Priya Kumar,San Antonio,TX,United States
CUST9984,Vikas Kumar,Columbus,OH,United Kingdom
CUST9985,Sahil Sharma,San Antonio,TX,India
CUST9986,Pooja Reddy,Los Angeles,CA,Australia
CUST9987,Priya Verma,Philadelphia,PA,Canada
CUST9988,Aarav Kapoor,Seattle,WA,India
CUST9989,Sunita Reddy,San Francisco,CA,India
CUST9990,Rohit Kapoor,Philadelphia,PA,India
CUST9991,Aman Joshi,Philadelphia,PA,India
CUST9992,Sunita Verma,Washington,DC,India
CUST9993,Aman Verma,Denver,CO,India
CUST9994,Arjun Patel,San Diego,CA,Australia
CUST9995,Vivaan Kapoor,Houston,TX,United Kingdom
CUST9996,Vihaan Verma,San Jose,CA,Australia
CUST9997,Priya Reddy,Charlotte,NC,United Kingdom
CUST9998,Aarav Verma,Seattle,WA,Canada
CUST9999,Anjali Patel,Jacksonville,FL,Australia
CUST10000,Aman Gupta,Houston,TX,Canada
CUST10001,Aarav Kapoor,Columbus,OH,Australia
CUST10002,Pooja Singh,San Diego,CA,Canada
CUST10003,Sneha Mehta,Seattle,WA,Australia
CUST10004,Arjun Patel,Philadelphia,PA,Australia
CUST10005,Vihaan Sharma,Washington,DC,United States
CUST10006,Neha Kumar,New York,NY,India
CUST10007,Sunita Singh,San Diego,CA,India
CUST10008,Vikas Kumar,Houston,TX,Canada
CUST10009,Vivaan Singh,Houston,TX,India
CUST10010,Pooja Verma,Houston,TX,Canada
CUST10011,Sneha Sharma,Jacksonville,FL,United Kingdom
CUST10012,Aditya Gupta,Charlotte,NC,Canada
CUST10013,Sunita Kapoor,San Diego,CA,United Kingdom
CUST10014,Aditya Verma,Austin,TX,India
CUST10015,Aarav Joshi,San Francisco,CA,India
CUST10016,Mohit Joshi,Denver,CO,Australia
CUST10017,Rohit Kapoor,San Francisco,CA,Canada
CUST10018,Simran Verma,Jacksonville,FL,Canada
CUST10019,Priya Joshi,Fort Worth,TX,India
CUST10020,Vikas Singh,San Jose,CA,United Kingdom
CUST10021,Neha Verma,Charlotte,NC,Australia
CUST10022,Arjun Joshi,New York,NY,India
CUST10023,Kabir Gupta,Indianapolis,IN,India
CUST10024,Mohit Joshi,Charlotte,NC,India
CUST10025,Priya Verma,Indianapolis,IN,Canada
CUST10026,Vivaan Gupta,San Jose,CA,United Kingdom
CUST10027,Vikas Patel,Indianapolis,IN,Australia
CUST10028,Rohit Sharma,Columbus,OH,Australia
CUST10029,Vihaan Singh,Philadelphia,PA,India
CUST10030,Neha Singh,Washington,DC,Australia
CUST10031,Mohit Verma,Philadelphia,PA,Canada
CUST10032,Neha Gupta,Washington,DC,India
CUST10033,Pooja Verma,Seattle,WA,India
CUST10034,Aarav Mehta,San Jose,CA,United Kingdom
CUST10035,Priya Kapoor,Indianapolis,IN,India
CUST10036,Simran Kumar,Phoenix,AZ,United Kingdom
CUST10037,Pooja Gupta,Phoenix,AZ,Australia
CUST10038,Vikas Singh,San Jose,CA,Australia
CUST10039,Vivaan Mehta,Washington,DC,India
CUST10040,Vikas Verma,San Jose,CA,United Kingdom
CUST10041,Simran Patel,Philadelphia,PA,Canada
CUST10042,Sunita Joshi,Chicago,IL,Canada
CUST10043,Aarav Patel,San Jose,CA,Canada
CUST10044,Rohit Gupta,Philadelphia,PA,India
CUST10045,Rohit Reddy,Philadelphia,PA,United Kingdom
CUST10046,Pooja Gupta,New York,NY,Australia
CUST10047,Sunita Kumar,San Francisco,CA,Australia
CUST10048,Pooja Verma,Indianapolis,IN,India
CUST10049,Ritika Kapoor,San Jose,CA,Canada
CUST10050,Neha Sharma,Chicago,IL,India
CUST10051,Vikas Gupta,Charlotte,NC,India
CUST10052,Pooja Kumar,Los Angeles,CA,United Kingdom
CUST10053,Simran Sharma,New York,NY,Australia
CUST10054,Sneha Joshi,New York,NY,India
CUST10055,Sneha Singh,Philadelphia,PA,Canada
CUST10056,Aman Patel,San Antonio,TX,United Kingdom
CUST10057,Vikas Kapoor,New York,NY,India
CUST10058,Anjali Joshi,Washington,DC,United Kingdom
CUST10059,Neha Mehta,Fort Worth,TX,United Kingdom
CUST10060,Vivaan Reddy,Chicago,IL,Canada
CUST10061,Aarav Joshi,Jacksonville,FL,India
CUST10062,Karan Patel,Los Angeles,CA,India
CUST10063,Aarav Kapoor,Los Angeles,CA,India
CUST10064,Rohit Mehta,San Jose,CA,United Kingdom
CUST10065,Neha Sharma,Los Angeles,CA,Australia
CUST10066,Sahil Sharma,Chicago,IL,Canada
CUST10067,Pooja Singh,Washington,DC,United Kingdom
CUST10068,Sunita Kapoor,Charlotte,NC,Australia
CUST10069,Aarav Kapoor,Seattle,WA,United Kingdom
CUST10070,Sunita Singh,Washington,DC,India
CUST10071,Vihaan Patel,New York,NY,Australia
CUST10072,Vikas Kumar,Charlotte,NC,United Kingdom
CUST10073,Anjali Verma,Denver,CO,Australia
CUST10074,Karan Mehta,San Francisco,CA,India
CUST10075,Arjun Kapoor,Chicago,IL,Australia
CUST10076,Sunita Mehta,Seattle,WA,Australia
CUST10077,Arjun Kumar,New York,NY,India
CUST10078,Ritika Verma,San Jose,CA,United Kingdom
CUST10079,Karan Kapoor,Fort Worth,TX,Australia
CUST10080,Aarav Gupta,Austin,TX,India
CUST10081,Karan Kumar,Austin,TX,United Kingdom
CUST10082,Vihaan Joshi,San Francisco,CA,India
CUST10083,Pooja Gupta,Dallas,TX,Australia
CUST10084,Vihaan Sharma,Austin,TX,United States
CUST10085,Anjali Sharma,Columbus,OH,Australia
CUST10086,Sneha Singh,San Diego,CA,Australia
CUST10087,Neha Verma,Denver,CO,India
CUST10088,Aditya Joshi,Philadelphia,PA,Australia
CUST10089,Aditya Kapoor,Houston,TX,United States
CUST10090,Aditya Mehta,San Jose,CA,United Kingdom
CUST10091,Vikas Gupta,Denver,CO,United Kingdom
CUST10092,Rohit Kumar,Fort Worth,TX,India
CUST10093,Sunita Reddy,Dallas,TX,Canada
CUST10094,Karan Singh,San Antonio,TX,Australia
CUST10095,Vikas Gupta,Indianapolis,IN,India
CUST10096,Vihaan Kumar,San Antonio,TX,Canada
CUST10097,Sneha Joshi,Columbus,OH,Canada
CUST10098,Kabir Patel,Charlotte,NC,India
CUST10099,Kabir Gupta,Washington,DC,United Kingdom
CUST10100,Rohit Verma,Columbus,OH,India
CUST10101,Kabir Singh,Philadelphia,PA,Canada
CUST10102,Vihaan Mehta,Columbus,OH,India
CUST10103,Vihaan Gupta,Houston,TX,United Kingdom
CUST10104,Simran Singh,Indianapolis,IN,United Kingdom
CUST10105,Karan Kapoor,Austin,TX,Canada
CUST10106,Priya Verma,San Francisco,CA,India
CUST10107,Vikas Reddy,Denver,CO,United Kingdom
CUST10108,Kabir Joshi,Houston,TX,United Kingdom
CUST10109,Anjali Gupta,Washington,DC,Canada
CUST10110,Aditya Joshi,Charlotte,NC,India
CUST10111,Kabir Patel,Denver,CO,Canada
CUST10112,Sahil Mehta,Los Angeles,CA,United States
CUST10113,Aman Patel,Columbus,OH,United Kingdom
CUST10114,Priya Kapoor,Dallas,TX,United Kingdom
CUST10115,Arjun Reddy,San Diego,CA,Australia
CUST10116,Aarav Kumar,Austin,TX,Australia
CUST10117,Simran Kapoor,San Antonio,TX,Canada
CUST10118,Aman Singh,Seattle,WA,United States
CUST10119,Aarav Sharma,Phoenix,AZ,United Kingdom
CUST10120,Vikas Patel,Phoenix,AZ,Australia
CUST10121,Anjali Singh,Washington,DC,India
CUST10122,Pooja Kapoor,Philadelphia,PA,Australia
CUST10123,Sahil Gupta,Philadelphia,PA,Canada
CUST10124,Priya Reddy,Dallas,TX,India
CUST10125,Sahil Singh,Fort Worth,TX,Canada
CUST10126,Priya Verma,Houston,TX,India
CUST10127,Vivaan Mehta,Washington,DC,Canada
CUST10128,Neha Joshi,Indianapolis,IN,United Kingdom
CUST10129,Sneha Mehta,New York,NY,India
CUST10130,Ritika Kapoor,Seattle,WA,Australia
CUST10131,Aditya Gupta,San Francisco,CA,India
CUST10132,Sunita Kapoor,Chicago,IL,United Kingdom
CUST10133,Anjali Kumar,Indianapolis,IN,Canada
CUST10134,Simran Mehta,Washington,DC,India
CUST10135,Priya Reddy,New York,NY,India
CUST10136,Sunita Mehta,Jacksonville,FL,Australia
CUST10137,Ritika Singh,Charlotte,NC,India
CUST10138,Vihaan Patel,Indianapolis,IN,India
CUST10139,Kabir Singh,New York,NY,India
CUST10140,Vikas Verma,New York,NY,Canada
CUST10141,Aarav Kumar,Austin,TX,United Kingdom
CUST10142,Vivaan Singh,Seattle,WA,India
CUST10143,Vikas Gupta,New York,NY,India
CUST10144,Kabir Patel,Seattle,WA,Australia
CUST10145,Neha Kapoor,Seattle,WA,India
CUST10146,Mohit Singh,Jacksonville,FL,Australia
CUST10147,Vihaan Kumar,Charlotte,NC,Australia
CUST10148,Vikas Kapoor,Philadelphia,PA,United States
CUST10149,Neha Patel,Charlotte,NC,United States
CUST10150,Mohit Patel,Indianapolis,IN,India
CUST10151,Sahil Mehta,Jacksonville,FL,Australia
CUST10152,Kabir Kapoor,Washington,DC,Canada
CUST10153,Simran Sharma,San Francisco,CA,India
CUST10154,Vikas Sharma,Columbus,OH,United States
CUST10155,Sahil Sharma,Indianapolis,IN,India
CUST10156,Karan Sharma,San Antonio,TX,Australia
CUST10157,Vivaan Gupta,Columbus,OH,India
CUST10158,Anjali Verma,San Francisco,CA,Australia
CUST10159,Sneha Kumar,San Diego,CA,Canada
CUST10160,Priya Kapoor,New York,NY,India
CUST10161,Kabir Kapoor,Los Angeles,CA,United Kingdom
CUST10162,Arjun Reddy,Seattle,WA,Australia
CUST10163,Neha Patel,San Francisco,CA,India
CUST10164,Ritika Joshi,Austin,TX,United Kingdom
CUST10165,Sneha Verma,Austin,TX,Australia
CUST10166,Priya Kapoor,Washington,DC,Canada
CUST10167,Priya Patel,Phoenix,AZ,India
CUST10168,Simran Gupta,New York,NY,Canada
CUST10169,Simran Singh,Seattle,WA,Australia
CUST10170,Anjali Patel,Houston,TX,United Kingdom
CUST10171,Ritika Gupta,Austin,TX,Canada
CUST10172,Vikas Mehta,New York,NY,United Kingdom
CUST10173,Ritika Gupta,Fort Worth,TX,Canada
CUST10174,Vikas Mehta,Los Angeles,CA,Australia
CUST10175,Aditya Kumar,Dallas,TX,United Kingdom
CUST10176,Sahil Joshi,San Francisco,CA,Australia
CUST10177,Aarav Verma,New York,NY,India
CUST10178,Aditya Verma,San Antonio,TX,India
CUST10179,Vivaan Gupta,Jacksonville,FL,India
CUST10180,Anjali Verma,Fort Worth,TX,Australia
CUST10181,Aman Gupta,Columbus,OH,India
CUST10182,Mohit Singh,Denver,CO,India
CUST10183,Vivaan Kumar,Houston,TX,India
CUST10184,Mohit Patel,San Francisco,CA,United Kingdom
CUST10185,Sneha Kumar,New York,NY,United Kingdom
CUST10186,Karan Reddy,Fort Worth,TX,United Kingdom
CUST10187,Arjun Gupta,San Diego,CA,India
CUST10188,Sunita Mehta,Dallas,TX,India
CUST10189,Arjun Kapoor,San Antonio,TX,India
CUST10190,Vihaan Kumar,Philadelphia,PA,India
CUST10191,Ritika Singh,Washington,DC,India
CUST10192,Ritika Verma,Philadelphia,PA,India
CUST10193,Ritika Gupta,Houston,TX,Canada
CUST10194,Arjun Sharma,San Francisco,CA,United Kingdom
CUST10195,Priya Joshi,Phoenix,AZ,United Kingdom
CUST10196,Anjali Verma,Los Angeles,CA,Australia
CUST10197,Kabir Kumar,Indianapolis,IN,Canada
CUST10198,Aarav Gupta,Chicago,IL,Australia
CUST10199,Aditya Kumar,Washington,DC,United Kingdom
CUST10200,Neha Patel,San Jose,CA,India
CUST10201,Sahil Reddy,New York,NY,United Kingdom
CUST10202,Aman Patel,Jacksonville,FL,Australia
CUST10203,Sneha Singh,Fort Worth,TX,India
CUST10204,Vivaan Reddy,Austin,TX,India
CUST10205,Arjun Sharma,San Diego,CA,Canada
CUST10206,Ritika Patel,Dallas,TX,Canada
CUST10207,Rohit Gupta,New York,NY,Canada
CUST10208,Arjun Gupta,New York,NY,India
CUST10209,Vikas Verma,Washington,DC,United Kingdom
CUST10210,Karan Mehta,Dallas,TX,Canada
CUST10211,Vikas Gupta,Dallas,TX,United Kingdom
CUST10212,Priya Sharma,San Jose,CA,Australia
CUST10213,Sneha Reddy,Columbus,OH,Australia
CUST10214,Vivaan Singh,Jacksonville,FL,India
CUST10215,Rohit Verma,Fort Worth,TX,India
CUST10216,Vivaan Singh,Indianapolis,IN,United Kingdom
CUST10217,Neha Mehta,Washington,DC,India
CUST10218,Vikas Patel,Seattle,WA,India
CUST10219,Rohit Mehta,Seattle,WA,India
CUST10220,Vikas Gupta,Jacksonville,FL,Canada
CUST10221,Sunita Singh,Chicago,IL,Australia
CUST10222,Arjun Gupta,San Antonio,TX,India
CUST10223,Vikas Kapoor,Jacksonville,FL,India
CUST10224,Karan Gupta,Los Angeles,CA,United Kingdom
CUST10225,Aditya Verma,Houston,TX,India
CUST10226,Mohit Gupta,Seattle,WA,India
CUST10227,Vivaan Reddy,Jacksonville,FL,India
CUST10228,Aman Kumar,Fort Worth,TX,India
CUST10229,Sahil Joshi,Chicago,IL,Canada
CUST10230,Mohit Kapoor,Chicago,IL,India
CUST10231,Neha Reddy,Jacksonville,FL,Canada
CUST10232,Sunita Joshi,Indianapolis,IN,India
CUST10233,Aarav Singh,San Francisco,CA,India
CUST10234,Simran Sharma,Columbus,OH,United Kingdom
CUST10235,Kabir Joshi,Columbus,OH,United Kingdom
CUST10236,Simran Kapoor,Denver,CO,Canada
CUST10237,Sneha Joshi,Denver,CO,India
CUST10238,Arjun Joshi,Denver,CO,Australia
CUST10239,Mohit Joshi,Charlotte,NC,United Kingdom
CUST10240,Sunita Kapoor,Dallas,TX,India
CUST10241,Simran Sharma,Columbus,OH,Australia
CUST10242,Arjun Verma,San Diego,CA,United Kingdom
CUST10243,Sunita Joshi,San Jose,CA,India
CUST10244,Aditya Sharma,Los Angeles,CA,United Kingdom
CUST10245,Aditya Verma,Los Angeles,CA,United Kingdom
CUST10246,Vikas Verma,Jacksonville,FL,India
CUST10247,Anjali Patel,Denver,CO,United Kingdom
CUST10248,Pooja Singh,Charlotte,NC,Australia
CUST10249,Pooja Reddy,Jacksonville,FL,India
CUST10250,Priya Singh,San Jose,CA,Canada
CUST10251,Vihaan Joshi,Phoenix,AZ,United Kingdom
CUST10252,Aarav Mehta,Houston,TX,Canada
CUST10253,Sunita Joshi,Seattle,WA,United Kingdom
CUST10254,Vihaan Patel,Indianapolis,IN,United Kingdom
CUST10255,Aman Kapoor,San Antonio,TX,United Kingdom
CUST10256,Priya Mehta,Dallas,TX,Canada
CUST10257,Karan Patel,Los Angeles,CA,Canada
CUST10258,Arjun Sharma,Austin,TX,United Kingdom
CUST10259,Sneha Joshi,Austin,TX,Australia
CUST10260,Aman Verma,San Francisco,CA,Australia
CUST10261,Kabir Gupta,Los Angeles,CA,Canada
CUST10262,Mohit Reddy,Seattle,WA,India
CUST10263,Vikas Joshi,San Jose,CA,India
CUST10264,Anjali Mehta,Dallas,TX,India
CUST10265,Karan Kumar,Austin,TX,Canada
CUST10266,Sunita Gupta,Denver,CO,India
CUST10267,Sunita Verma,Houston,TX,Australia
CUST10268,Aman Kumar,Fort Worth,TX,United Kingdom
CUST10269,Sneha Reddy,New York,NY,Canada
CUST10270,Ritika Gupta,Philadelphia,PA,United Kingdom
CUST10271,Neha Patel,Denver,CO,United Kingdom
CUST10272,Anjali Kapoor,Chicago,IL,Australia
CUST10273,Pooja Singh,San Diego,CA,India
CUST10274,Mohit Patel,Indianapolis,IN,Canada
CUST10275,Mohit Gupta,Columbus,OH,India
CUST10276,Arjun Joshi,Austin,TX,United Kingdom
CUST10277,Neha Patel,Charlotte,NC,Canada
CUST10278,Simran Singh,Charlotte,NC,United Kingdom
CUST10279,Ritika Verma,Washington,DC,Canada
CUST10280,Ritika Kumar,Denver,CO,India
CUST10281,Sahil Patel,San Antonio,TX,United Kingdom
CUST10282,Mohit Mehta,San Antonio,TX,Australia
CUST10283,Sneha Mehta,Charlotte,NC,India
CUST10284,Sneha Singh,San Jose,CA,Canada
CUST10285,Vihaan Reddy,Denver,CO,Australia
CUST10286,Vivaan Joshi,Dallas,TX,United Kingdom
CUST10287,Sneha Kapoor,Washington,DC,United Kingdom
CUST10288,Anjali Gupta,San Diego,CA,India
CUST10289,Anjali Joshi,Phoenix,AZ,Australia
CUST10290,Vikas Verma,San Jose,CA,Canada
CUST10291,Anjali Sharma,San Francisco,CA,Australia
CUST10292,Karan Mehta,Seattle,WA,Canada
CUST10293,Ritika Patel,San Jose,CA,United Kingdom
CUST10294,Karan Patel,Indianapolis,IN,India
CUST10295,Rohit Kapoor,Los Angeles,CA,United Kingdom
CUST10296,Sunita Kumar,Dallas,TX,United Kingdom
CUST10297,Aman Kapoor,Chicago,IL,Australia
CUST10298,Sahil Kumar,Phoenix,AZ,Australia
CUST10299,Priya Kapoor,Los Angeles,CA,Canada
CUST10300,Priya Mehta,Houston,TX,United Kingdom
CUST10301,Aman Joshi,Philadelphia,PA,United Kingdom
CUST10302,Rohit Kapoor,Denver,CO,India
CUST10303,Priya Joshi,Dallas,TX,Canada
CUST10304,Aarav Mehta,Indianapolis,IN,Canada
CUST10305,Kabir Joshi,San Diego,CA,Canada
CUST10306,Mohit Sharma,Indianapolis,IN,Canada
CUST10307,Aman Singh,San Antonio,TX,United Kingdom
CUST10308,Vivaan Sharma,Fort Worth,TX,India
CUST10309,Vivaan Kapoor,Jacksonville,FL,Canada
CUST10310,Aman Singh,Washington,DC,India
CUST10311,Neha Kumar,Denver,CO,United Kingdom
CUST10312,Arjun Sharma,San Jose,CA,India
CUST10313,Aman Joshi,Columbus,OH,India
CUST10314,Mohit Kumar,Seattle,WA,United Kingdom
CUST10315,Ritika Patel,San Antonio,TX,Canada
CUST10316,Sahil Kumar,Jacksonville,FL,Australia
CUST10317,Karan Reddy,Fort Worth,TX,India
CUST10318,Kabir Kapoor,Chicago,IL,Australia
CUST10319,Aman Gupta,Jacksonville,FL,India
CUST10320,Mohit Mehta,Denver,CO,Australia
CUST10321,Kabir Patel,Dallas,TX,India
CUST10322,Neha Mehta,Austin,TX,Australia
CUST10323,Ritika Joshi,Denver,CO,Australia
CUST10324,Vivaan Gupta,Philadelphia,PA,Canada
CUST10325,Arjun Verma,Seattle,WA,Australia
CUST10326,Vihaan Patel,San Antonio,TX,Australia
CUST10327,Rohit Reddy,Fort Worth,TX,Canada
CUST10328,Vivaan Sharma,Denver,CO,Canada
CUST10329,Vivaan Kumar,San Antonio,TX,India
CUST10330,Rohit Gupta,San Diego,CA,United Kingdom
CUST10331,Arjun Kapoor,Charlotte,NC,United Kingdom
CUST10332,Neha Singh,Dallas,TX,India
CUST10333,Sahil Singh,San Antonio,TX,Australia
CUST10334,Anjali Sharma,Columbus,OH,India
CUST10335,Neha Kapoor,Indianapolis,IN,Canada
CUST10336,Aditya Kumar,Houston,TX,United States
CUST10337,Aditya Kapoor,Indianapolis,IN,India
CUST10338,Rohit Kapoor,Chicago,IL,India
CUST10339,Aman Sharma,Chicago,IL,Canada
CUST10340,Arjun Singh,San Francisco,CA,United Kingdom
CUST10341,Sunita Reddy,San Diego,CA,India
CUST10342,Sunita Reddy,Indianapolis,IN,Australia
CUST10343,Vikas Gupta,Philadelphia,PA,India
CUST10344,Ritika Singh,Phoenix,AZ,Australia
CUST10345,Arjun Singh,Fort Worth,TX,Australia
CUST10346,Simran Patel,Columbus,OH,Australia
CUST10347,Aarav Gupta,San Francisco,CA,India
CUST10348,Mohit Mehta,Charlotte,NC,India
CUST10349,Priya Kapoor,Denver,CO,United Kingdom
CUST10350,Vivaan Singh,Jacksonville,FL,United Kingdom
CUST10351,Vihaan Joshi,Philadelphia,PA,Canada
CUST10352,Kabir Kapoor,Houston,TX,Canada
CUST10353,Arjun Kumar,San Jose,CA,United Kingdom
CUST10354,Neha Kapoor,San Diego,CA,India
CUST10355,Aarav Mehta,Los Angeles,CA,India
CUST10356,Mohit Kapoor,Houston,TX,Canada
CUST10357,Sunita Joshi,Los Angeles,CA,Australia
CUST10358,Arjun Singh,Los Angeles,CA,Canada
CUST10359,Mohit Reddy,Fort Worth,TX,India
CUST10360,Karan Joshi,New York,NY,United Kingdom
CUST10361,Sahil Verma,Chicago,IL,India
CUST10362,Kabir Sharma,New York,NY,Canada
CUST10363,Ritika Kapoor,Chicago,IL,India
CUST10364,Sunita Verma,San Diego,CA,India
CUST10365,Vivaan Kumar,Los Angeles,CA,India
CUST10366,Neha Joshi,Austin,TX,Australia
CUST10367,Sunita Verma,Indianapolis,IN,India
CUST10368,Sunita Kumar,San Francisco,CA,India
CUST10369,Aman Patel,Los Angeles,CA,United Kingdom
CUST10370,Sahil Gupta,Charlotte,NC,Canada
CUST10371,Aarav Sharma,Austin,TX,United States
CUST10372,Sneha Sharma,Indianapolis,IN,Australia
CUST10373,Vivaan Patel,Denver,CO,Canada
CUST10374,Arjun Sharma,Austin,TX,Canada
CUST10375,Kabir Kumar,Austin,TX,United Kingdom
CUST10376,Sneha Reddy,San Diego,CA,United Kingdom
CUST10377,Karan Kapoor,Los Angeles,CA,Australia
CUST10378,Vihaan Verma,Philadelphia,PA,Canada
CUST10379,Simran Kumar,Fort Worth,TX,India
CUST10380,Pooja Patel,New York,NY,India
CUST10381,Ritika Kapoor,San Antonio,TX,Australia
CUST10382,Aman Kapoor,San Antonio,TX,Canada
CUST10383,Sahil Mehta,Washington,DC,India
CUST10384,Simran Verma,New York,NY,Australia
CUST10385,Aman Joshi,Los Angeles,CA,India
CUST10386,Arjun Kumar,San Francisco,CA,Australia
CUST10387,Vikas Patel,Dallas,TX,India
CUST10388,Sahil Kapoor,Fort Worth,TX,Australia
CUST10389,Rohit Joshi,Denver,CO,India
CUST10390,Sneha Joshi,Houston,TX,India
CUST10391,Neha Verma,San Antonio,TX,India
CUST10392,Sneha Joshi,Washington,DC,Canada
CUST10393,Vikas Singh,Austin,TX,Canada
CUST10394,Rohit Singh,Indianapolis,IN,India
CUST10395,Vikas Mehta,Indianapolis,IN,Australia
CUST10396,Vikas Reddy,Columbus,OH,Canada
CUST10397,Rohit Reddy,San Jose,CA,Canada
CUST10398,Vihaan Patel,Seattle,WA,Canada
CUST10399,Sahil Verma,Indianapolis,IN,India
CUST10400,Priya Reddy,San Francisco,CA,United Kingdom
CUST10401,Priya Gupta,Jacksonville,FL,India
CUST10402,Pooja Verma,Los Angeles,CA,Canada
CUST10403,Karan Mehta,Los Angeles,CA,Canada
CUST10404,Priya Singh,San Diego,CA,Canada
CUST10405,Mohit Singh,Los Angeles,CA,Canada
CUST10406,Priya Kapoor,Houston,TX,Australia
CUST10407,Aman Kumar,Jacksonville,FL,United Kingdom
CUST10408,Aditya Kumar,Denver,CO,Canada
CUST10409,Vikas Mehta,San Francisco,CA,India
CUST10410,Vihaan Joshi,Fort Worth,TX,India
CUST10411,Pooja Sharma,Fort Worth,TX,India
CUST10412,Sneha Gupta,Denver,CO,India
CUST10413,Aditya Reddy,San Diego,CA,India
CUST10414,Anjali Patel,San Jose,CA,Canada
CUST10415,Aditya Kapoor,Chicago,IL,India
CUST10416,Karan Verma,Phoenix,AZ,United Kingdom
CUST10417,Rohit Joshi,Phoenix,AZ,United Kingdom
CUST10418,Pooja Sharma,Houston,TX,Australia
CUST10419,Aditya Joshi,Indianapolis,IN,Canada
CUST10420,Vihaan Gupta,San Antonio,TX,United States
CUST10421,Vikas Verma,San Diego,CA,India
CUST10422,Simran Singh,Columbus,OH,Canada
CUST10423,Sahil Gupta,Charlotte,NC,India
CUST10424,Kabir Sharma,Charlotte,NC,United Kingdom
CUST10425,Simran Sharma,Los Angeles,CA,Australia
CUST10426,Rohit Sharma,San Antonio,TX,India
CUST10427,Simran Singh,Seattle,WA,India
CUST10428,Rohit Patel,Jacksonville,FL,Canada
CUST10429,Vivaan Sharma,Philadelphia,PA,Australia
CUST10430,Mohit Joshi,Jacksonville,FL,Australia
CUST10431,Pooja Kumar,Indianapolis,IN,India
CUST10432,Priya Singh,Los Angeles,CA,Australia
CUST10433,Mohit Kumar,Denver,CO,Canada
CUST10434,Aman Gupta,Charlotte,NC,Canada
CUST10435,Sahil Kapoor,Fort Worth,TX,India
CUST10436,Priya Patel,Columbus,OH,India
CUST10437,Neha Gupta,Jacksonville,FL,Canada
CUST10438,Sahil Kumar,Columbus,OH,India
CUST10439,Karan Joshi,Jacksonville,FL,Australia
CUST10440,Arjun Verma,Indianapolis,IN,Canada
CUST10441,Vikas Kumar,Dallas,TX,Canada
CUST10442,Aditya Gupta,Philadelphia,PA,United Kingdom
CUST10443,Simran Gupta,Columbus,OH,Canada
CUST10444,Ritika Reddy,Chicago,IL,United Kingdom
CUST10445,Aman Kumar,San Jose,CA,United Kingdom
CUST10446,Aman Kumar,Seattle,WA,India
CUST10447,Arjun Singh,Fort Worth,TX,Canada
CUST10448,Karan Kumar,Denver,CO,United States
CUST10449,Neha Verma,Dallas,TX,United Kingdom
CUST10450,Vihaan Kapoor,Seattle,WA,India
CUST10451,Vikas Kapoor,San Jose,CA,Canada
CUST10452,Vihaan Kumar,San Francisco,CA,United Kingdom
CUST10453,Karan Kapoor,Charlotte,NC,India
CUST10454,Sunita Sharma,San Diego,CA,Canada
CUST10455,Mohit Kumar,San Jose,CA,Australia
CUST10456,Ritika Kumar,San Jose,CA,Australia
CUST10457,Karan Joshi,Phoenix,AZ,United Kingdom
CUST10458,Rohit Reddy,San Antonio,TX,Australia
CUST10459,Vihaan Kapoor,Seattle,WA,United Kingdom
CUST10460,Simran Gupta,Jacksonville,FL,India
CUST10461,Aditya Patel,Seattle,WA,Canada
CUST10462,Neha Patel,San Francisco,CA,Canada
CUST10463,Rohit Joshi,Seattle,WA,Canada
CUST10464,Aditya Mehta,Columbus,OH,Canada
CUST10465,Priya Kumar,Columbus,OH,India
CUST10466,Kabir Kumar,San Jose,CA,United Kingdom
CUST10467,Anjali Reddy,Austin,TX,Canada
CUST10468,Priya Kumar,San Antonio,TX,United Kingdom
CUST10469,Vivaan Mehta,Houston,TX,United States
CUST10470,Kabir Reddy,Austin,TX,India
CUST10471,Kabir Kapoor,Philadelphia,PA,United Kingdom
CUST10472,Vihaan Patel,Phoenix,AZ,Canada
CUST10473,Vihaan Gupta,Denver,CO,United Kingdom
CUST10474,Anjali Gupta,Chicago,IL,United Kingdom
CUST10475,Aarav Gupta,Houston,TX,India
CUST10476,Arjun Patel,Columbus,OH,Australia
CUST10477,Vivaan Singh,Philadelphia,PA,Australia
CUST10478,Anjali Kumar,San Francisco,CA,India
CUST10479,Ritika Mehta,Dallas,TX,Canada
CUST10480,Kabir Gupta,Jacksonville,FL,Australia
CUST10481,Rohit Sharma,Fort Worth,TX,Australia
CUST10482,Ritika Kapoor,Fort Worth,TX,Canada
CUST10483,Priya Patel,Columbus,OH,Canada
CUST10484,Aman Singh,Los Angeles,CA,United Kingdom
CUST10485,Anjali Kumar,Austin,TX,Australia
CUST10486,Kabir Joshi,Houston,TX,Australia
CUST10487,Rohit Gupta,Phoenix,AZ,Canada
CUST10488,Kabir Mehta,San Diego,CA,United Kingdom
CUST10489,Rohit Verma,New York,NY,India
CUST10490,Priya Gupta,Philadelphia,PA,India
CUST10491,Arjun Joshi,Denver,CO,Canada
CUST10492,Mohit Joshi,Charlotte,NC,Canada
CUST10493,Arjun Verma,Denver,CO,Australia
CUST10494,Rohit Kumar,Washington,DC,United Kingdom
CUST10495,Karan Reddy,Fort Worth,TX,Australia
CUST10496,Ritika Patel,Houston,TX,Canada
CUST10497,Aditya Patel,Charlotte,NC,Canada
CUST10498,Kabir Singh,Columbus,OH,India
CUST10499,Kabir Kumar,Los Angeles,CA,India
CUST10500,Mohit Patel,Austin,TX,Australia
CUST10501,Vivaan Kumar,San Francisco,CA,India
CUST10502,Mohit Sharma,Denver,CO,India
CUST10503,Rohit Sharma,Seattle,WA,United Kingdom
CUST10504,Ritika Patel,Austin,TX,India
CUST10505,Arjun Singh,Seattle,WA,Canada
CUST10506,Vihaan Verma,San Jose,CA,United Kingdom
CUST10507,Ritika Joshi,Indianapolis,IN,United Kingdom
CUST10508,Ritika Kapoor,Denver,CO,India
CUST10509,Aman Gupta,Denver,CO,India
CUST10510,Ritika Verma,San Antonio,TX,Australia
CUST10511,Ritika Patel,Phoenix,AZ,India
CUST10512,Priya Kumar,Phoenix,AZ,United Kingdom
CUST10513,Vihaan Mehta,Phoenix,AZ,Canada
CUST10514,Sneha Joshi,Austin,TX,United Kingdom
CUST10515,Pooja Verma,Jacksonville,FL,India
CUST10516,Anjali Singh,Phoenix,AZ,United Kingdom
CUST10517,Karan Kumar,San Francisco,CA,United Kingdom
CUST10518,Aman Verma,San Antonio,TX,Australia
CUST10519,Anjali Kapoor,Chicago,IL,United Kingdom
CUST10520,Sahil Gupta,Jacksonville,FL,India
CUST10521,Sahil Verma,Houston,TX,India
CUST10522,Sahil Kapoor,Los Angeles,CA,India
CUST10523,Pooja Verma,Denver,CO,India
CUST10524,Simran Mehta,Denver,CO,India
CUST10525,Sunita Verma,Los Angeles,CA,India
CUST10526,Sunita Verma,Phoenix,AZ,United Kingdom
CUST10527,Vihaan Reddy,San Francisco,CA,India
CUST10528,Sunita Kapoor,Columbus,OH,United Kingdom
CUST10529,Sunita Kapoor,Columbus,OH,India
CUST10530,Pooja Sharma,Los Angeles,CA,Australia
CUST10531,Anjali Patel,San Jose,CA,United Kingdom
CUST10532,Simran Singh,Dallas,TX,India
CUST10533,Simran Singh,Washington,DC,Canada
CUST10534,Ritika Mehta,Philadelphia,PA,United Kingdom
CUST10535,Vikas Reddy,Denver,CO,Canada
CUST10536,Vivaan Patel,Dallas,TX,India
CUST10537,Aarav Patel,Chicago,IL,Australia
CUST10538,Ritika Mehta,Chicago,IL,United Kingdom
CUST10539,Mohit Mehta,Washington,DC,India
CUST10540,Rohit Sharma,Charlotte,NC,United Kingdom
CUST10541,Kabir Joshi,Washington,DC,Canada
CUST10542,Sahil Patel,San Antonio,TX,India
CUST10543,Aditya Kumar,New York,NY,India
CUST10544,Pooja Sharma,Columbus,OH,United Kingdom
CUST10545,Kabir Patel,San Antonio,TX,Canada
CUST10546,Aman Kumar,Los Angeles,CA,United Kingdom
CUST10547,Pooja Reddy,Dallas,TX,Canada
CUST10548,Neha Verma,Chicago,IL,Canada
CUST10549,Simran Joshi,Los Angeles,CA,India
CUST10550,Anjali Singh,Seattle,WA,Australia
CUST10551,Vikas Gupta,San Francisco,CA,India
CUST10552,Sahil Verma,Houston,TX,Canada
CUST10553,Anjali Singh,Fort Worth,TX,United Kingdom
CUST10554,Sahil Reddy,San Jose,CA,Canada
CUST10555,Vikas Sharma,San Diego,CA,India
CUST10556,Ritika Verma,Charlotte,NC,India
CUST10557,Aarav Verma,Indianapolis,IN,United Kingdom
CUST10558,Kabir Reddy,San Jose,CA,Australia
CUST10559,Priya Sharma,Indianapolis,IN,Canada
CUST10560,Mohit Gupta,Chicago,IL,Australia
CUST10561,Karan Kumar,Fort Worth,TX,India
CUST10562,Neha Kumar,Jacksonville,FL,Australia
CUST10563,Aarav Kumar,New York,NY,United Kingdom
CUST10564,Priya Gupta,San Francisco,CA,United Kingdom
CUST10565,Aditya Joshi,Philadelphia,PA,United Kingdom
CUST10566,Ritika Patel,San Diego,CA,Canada
CUST10567,Vivaan Singh,Columbus,OH,India
CUST10568,Vivaan Patel,New York,NY,United Kingdom
CUST10569,Simran Patel,Denver,CO,India
CUST10570,Mohit Reddy,Indianapolis,IN,India
CUST10571,Aarav Verma,New York,NY,United Kingdom
CUST10572,Arjun Gupta,Denver,CO,Canada
CUST10573,Aman Kapoor,Phoenix,AZ,United Kingdom
CUST10574,Pooja Mehta,Denver,CO,United Kingdom
CUST10575,Aman Patel,New York,NY,Canada
CUST10576,Simran Reddy,Fort Worth,TX,United Kingdom
CUST10577,Mohit Gupta,New York,NY,United Kingdom
CUST10578,Kabir Reddy,Indianapolis,IN,Canada
CUST10579,Aman Joshi,Washington,DC,India
CUST10580,Pooja Verma,Indianapolis,IN,United Kingdom
CUST10581,Neha Joshi,Washington,DC,United Kingdom
CUST10582,Priya Joshi,New York,NY,India
CUST10583,Simran Gupta,Chicago,IL,United Kingdom
CUST10584,Mohit Sharma,Philadelphia,PA,United Kingdom
CUST10585,Arjun Verma,Austin,TX,Canada
CUST10586,Pooja Mehta,Austin,TX,Canada
CUST10587,Mohit Singh,New York,NY,United Kingdom
CUST10588,Rohit Patel,Washington,DC,Australia
CUST10589,Vivaan Sharma,New York,NY,Canada
CUST10590,Priya Kumar,Denver,CO,Australia
CUST10591,Mohit Kumar,San Jose,CA,Canada
CUST10592,Vikas Kapoor,Jacksonville,FL,Canada
CUST10593,Aman Sharma,Charlotte,NC,India
CUST10594,Ritika Joshi,Dallas,TX,United Kingdom
CUST10595,Anjali Reddy,Houston,TX,United Kingdom
CUST10596,Karan Singh,Phoenix,AZ,Canada
CUST10597,Aman Reddy,Jacksonville,FL,India
CUST10598,Arjun Sharma,Columbus,OH,India
CUST10599,Simran Gupta,Philadelphia,PA,United Kingdom
CUST10600,Aditya Patel,Chicago,IL,United Kingdom
CUST10601,Anjali Singh,Columbus,OH,United Kingdom
CUST10602,Vikas Verma,Denver,CO,Canada
CUST10603,Vivaan Kumar,Washington,DC,United Kingdom
CUST10604,Pooja Kumar,Seattle,WA,Canada
CUST10605,Aditya Sharma,Seattle,WA,Canada
CUST10606,Simran Mehta,San Antonio,TX,United Kingdom
CUST10607,Neha Kumar,Denver,CO,Australia
CUST10608,Arjun Gupta,Washington,DC,Australia
CUST10609,Arjun Verma,Los Angeles,CA,Australia
CUST10610,Aman Kapoor,Jacksonville,FL,Australia
CUST10611,Vihaan Gupta,Phoenix,AZ,United Kingdom
CUST10612,Anjali Joshi,Austin,TX,Canada
CUST10613,Sunita Gupta,Austin,TX,India
CUST10614,Ritika Joshi,Fort Worth,TX,Australia
CUST10615,Pooja Kumar,Jacksonville,FL,United Kingdom
CUST10616,Anjali Sharma,Indianapolis,IN,Canada
CUST10617,Aarav Sharma,Washington,DC,Australia
CUST10618,Mohit Sharma,Dallas,TX,India
CUST10619,Vivaan Reddy,San Jose,CA,United Kingdom
CUST10620,Ritika Reddy,Seattle,WA,Australia
CUST10621,Mohit Gupta,Denver,CO,Canada
CUST10622,Neha Kumar,Jacksonville,FL,Canada
CUST10623,Anjali Sharma,San Antonio,TX,Canada
CUST10624,Aman Reddy,Fort Worth,TX,Canada
CUST10625,Priya Patel,San Diego,CA,United Kingdom
CUST10626,Simran Sharma,Washington,DC,Canada
CUST10627,Sunita Reddy,Dallas,TX,India
CUST10628,Kabir Verma,Phoenix,AZ,India
CUST10629,Simran Gupta,Chicago,IL,Australia
CUST10630,Neha Verma,San Francisco,CA,Australia
CUST10631,Mohit Singh,Charlotte,NC,Australia
CUST10632,Sneha Kapoor,Columbus,OH,Australia
CUST10633,Rohit Kumar,New York,NY,United Kingdom
CUST10634,Arjun Mehta,San Antonio,TX,Australia
CUST10635,Ritika Mehta,Denver,CO,India
CUST10636,Anjali Patel,San Diego,CA,India
CUST10637,Vikas Reddy,New York,NY,India
CUST10638,Pooja Gupta,Austin,TX,Australia
CUST10639,Sahil Gupta,Phoenix,AZ,Canada
CUST10640,Rohit Mehta,Charlotte,NC,Canada
CUST10641,Neha Joshi,Austin,TX,India
CUST10642,Anjali Mehta,Dallas,TX,Canada
CUST10643,Karan Sharma,Jacksonville,FL,United Kingdom
CUST10644,Priya Verma,Washington,DC,Canada
CUST10645,Aditya Sharma,Austin,TX,United Kingdom
CUST10646,Priya Kumar,Dallas,TX,India
CUST10647,Sneha Sharma,Washington,DC,Canada
CUST10648,Rohit Gupta,San Antonio,TX,Australia
CUST10649,Anjali Patel,Philadelphia,PA,United States
CUST10650,Aman Kumar,Indianapolis,IN,India
CUST10651,Vivaan Sharma,Phoenix,AZ,India
CUST10652,Aman Reddy,Austin,TX,United Kingdom
CUST10653,Vikas Kumar,Washington,DC,India
CUST10654,Sahil Kumar,Chicago,IL,India
CUST10655,Ritika Kumar,San Jose,CA,United Kingdom
CUST10656,Vihaan Verma,Philadelphia,PA,India
CUST10657,Aarav Sharma,Seattle,WA,India
CUST10658,Vivaan Singh,Dallas,TX,India
CUST10659,Vihaan Gupta,Houston,TX,Canada
CUST10660,Ritika Singh,Philadelphia,PA,Australia
CUST10661,Simran Mehta,San Francisco,CA,United Kingdom
CUST10662,Sunita Verma,Philadelphia,PA,Canada
CUST10663,Ritika Verma,Jacksonville,FL,India
CUST10664,Sunita Patel,Charlotte,NC,India
CUST10665,Vihaan Kapoor,Columbus,OH,Australia
CUST10666,Karan Verma,Seattle,WA,Australia
CUST10667,Aditya Singh,San Antonio,TX,Canada
CUST10668,Karan Patel,Charlotte,NC,India
CUST10669,Kabir Joshi,San Antonio,TX,Australia
CUST10670,Neha Kumar,Dallas,TX,Canada
CUST10671,Ritika Kumar,Indianapolis,IN,India
CUST10672,Aman Mehta,Charlotte,NC,United Kingdom
CUST10673,Aditya Joshi,San Francisco,CA,United Kingdom
CUST10674,Aditya Kumar,Chicago,IL,Canada
CUST10675,Aarav Singh,Columbus,OH,United Kingdom
CUST10676,Kabir Verma,Seattle,WA,Canada
CUST10677,Ritika Joshi,Fort Worth,TX,India
CUST10678,Sahil Joshi,Los Angeles,CA,Canada
CUST10679,Anjali Kapoor,San Diego,CA,Canada
CUST10680,Ritika Mehta,Columbus,OH,India
CUST10681,Aditya Gupta,Denver,CO,Australia
CUST10682,Rohit Mehta,Washington,DC,United Kingdom
CUST10683,Rohit Kumar,San Jose,CA,India
CUST10684,Aarav Sharma,San Diego,CA,India
CUST10685,Aditya Kapoor,Indianapolis,IN,United Kingdom
CUST10686,Aman Verma,Houston,TX,Canada
CUST10687,Karan Gupta,Seattle,WA,Australia
CUST10688,Sahil Verma,Columbus,OH,United States
CUST10689,Ritika Singh,Austin,TX,Canada
CUST10690,Sahil Verma,Washington,DC,Australia
CUST10691,Aditya Verma,Philadelphia,PA,Australia
CUST10692,Neha Singh,Austin,TX,Canada
CUST10693,Mohit Verma,San Jose,CA,Australia
CUST10694,Arjun Singh,Los Angeles,CA,India
CUST10695,Karan Kumar,Phoenix,AZ,India
CUST10696,Pooja Joshi,New York,NY,United Kingdom
CUST10697,Priya Verma,New York,NY,Canada
CUST10698,Sneha Singh,San Antonio,TX,Australia
CUST10699,Sneha Gupta,Chicago,IL,India
CUST10700,Kabir Joshi,Philadelphia,PA,Australia
CUST10701,Aarav Joshi,New York,NY,United Kingdom
CUST10702,Mohit Patel,Columbus,OH,Australia
CUST10703,Mohit Mehta,Houston,TX,India
CUST10704,Sahil Verma,New York,NY,India
CUST10705,Ritika Singh,San Francisco,CA,India
CUST10706,Arjun Patel,Dallas,TX,Australia
CUST10707,Anjali Kapoor,San Francisco,CA,India
CUST10708,Priya Singh,San Jose,CA,United Kingdom
CUST10709,Priya Joshi,San Francisco,CA,India
CUST10710,Aditya Kapoor,San Francisco,CA,United States
CUST10711,Sunita Kumar,Los Angeles,CA,Canada
CUST10712,Aarav Patel,San Antonio,TX,Canada
CUST10713,Simran Sharma,Chicago,IL,India
CUST10714,Kabir Gupta,Houston,TX,United Kingdom
CUST10715,Sahil Sharma,Indianapolis,IN,Australia
CUST10716,Rohit Gupta,Jacksonville,FL,Canada
CUST10717,Rohit Kumar,Columbus,OH,Canada
CUST10718,Rohit Verma,Columbus,OH,Australia
CUST10719,Simran Patel,Seattle,WA,Australia
CUST10720,Ritika Sharma,Denver,CO,Canada
CUST10721,Vihaan Sharma,Los Angeles,CA,United Kingdom
CUST10722,Mohit Sharma,Houston,TX,India
CUST10723,Vikas Mehta,San Diego,CA,India
CUST10724,Sunita Patel,San Antonio,TX,United Kingdom
CUST10725,Pooja Kapoor,Chicago,IL,Canada
CUST10726,Simran Reddy,New York,NY,India
CUST10727,Rohit Sharma,Philadelphia,PA,India
CUST10728,Priya Patel,Indianapolis,IN,Australia
CUST10729,Aarav Verma,San Antonio,TX,United Kingdom
CUST10730,Mohit Patel,Los Angeles,CA,Canada
CUST10731,Sneha Reddy,Phoenix,AZ,Canada
CUST10732,Rohit Kapoor,Columbus,OH,India
CUST10733,Sneha Mehta,Jacksonville,FL,United Kingdom
CUST10734,Karan Reddy,San Antonio,TX,Australia
CUST10735,Rohit Singh,Houston,TX,India
CUST10736,Rohit Patel,Philadelphia,PA,Canada
CUST10737,Aditya Reddy,Austin,TX,India
CUST10738,Rohit Singh,Chicago,IL,India
CUST10739,Mohit Patel,Los Angeles,CA,Australia
CUST10740,Pooja Mehta,Houston,TX,Australia
CUST10741,Aditya Patel,New York,NY,Canada
CUST10742,Anjali Mehta,Los Angeles,CA,Canada
CUST10743,Sneha Mehta,San Francisco,CA,United States
CUST10744,Kabir Kumar,Denver,CO,India
CUST10745,Anjali Joshi,Charlotte,NC,India
CUST10746,Sahil Kumar,Los Angeles,CA,United Kingdom
CUST10747,Aarav Verma,Phoenix,AZ,United Kingdom
CUST10748,Priya Gupta,San Diego,CA,Australia
CUST10749,Neha Mehta,Charlotte,NC,India
CUST10750,Sunita Singh,Phoenix,AZ,United Kingdom
CUST10751,Aditya Mehta,San Diego,CA,United Kingdom
CUST10752,Aarav Kapoor,San Diego,CA,Canada
CUST10753,Vivaan Mehta,Dallas,TX,United Kingdom
CUST10754,Neha Mehta,Chicago,IL,United Kingdom
CUST10755,Vivaan Sharma,San Diego,CA,United Kingdom
CUST10756,Sunita Mehta,San Jose,CA,United States
CUST10757,Neha Mehta,Charlotte,NC,Canada
CUST10758,Anjali Gupta,New York,NY,India
CUST10759,Ritika Verma,San Jose,CA,India
CUST10760,Simran Reddy,Houston,TX,United Kingdom
CUST10761,Pooja Gupta,San Francisco,CA,Canada
CUST10762,Vikas Mehta,Chicago,IL,India
CUST10763,Aditya Gupta,Denver,CO,India
CUST10764,Priya Mehta,San Diego,CA,Australia
CUST10765,Pooja Patel,Dallas,TX,Australia
CUST10766,Sunita Reddy,Denver,CO,United Kingdom
CUST10767,Sunita Singh,San Antonio,TX,Canada
CUST10768,Aman Gupta,Columbus,OH,Canada
CUST10769,Aditya Gupta,Jacksonville,FL,India
CUST10770,Ritika Kapoor,San Francisco,CA,India
CUST10771,Aditya Gupta,Charlotte,NC,Australia
CUST10772,Pooja Mehta,San Francisco,CA,Canada
CUST10773,Anjali Patel,Indianapolis,IN,India
CUST10774,Aarav Verma,Charlotte,NC,India
CUST10775,Arjun Singh,San Diego,CA,India
CUST10776,Aman Gupta,New York,NY,Canada
CUST10777,Sahil Verma,Jacksonville,FL,United Kingdom
CUST10778,Aman Kapoor,Los Angeles,CA,United Kingdom
CUST10779,Vivaan Singh,Denver,CO,India
CUST10780,Neha Mehta,Philadelphia,PA,United Kingdom
CUST10781,Karan Joshi,Dallas,TX,Canada
CUST10782,Neha Kumar,Dallas,TX,United Kingdom
CUST10783,Vihaan Singh,San Antonio,TX,Canada
CUST10784,Aditya Kumar,San Francisco,CA,India
CUST10785,Vikas Patel,Charlotte,NC,United States
CUST10786,Rohit Sharma,Indianapolis,IN,Canada
CUST10787,Simran Sharma,San Jose,CA,India
CUST10788,Vihaan Mehta,Seattle,WA,United Kingdom
CUST10789,Vikas Patel,Columbus,OH,Canada
CUST10790,Sunita Sharma,Denver,CO,India
CUST10791,Ritika Kapoor,Philadelphia,PA,United Kingdom
CUST10792,Ritika Reddy,Philadelphia,PA,Australia
CUST10793,Aman Patel,San Francisco,CA,India
CUST10794,Aarav Joshi,Jacksonville,FL,Canada
CUST10795,Mohit Joshi,Columbus,OH,India
CUST10796,Ritika Verma,Seattle,WA,Canada
CUST10797,Pooja Singh,Jacksonville,FL,United Kingdom
CUST10798,Mohit Singh,San Francisco,CA,Canada
CUST10799,Sneha Sharma,Fort Worth,TX,United Kingdom
CUST10800,Kabir Kapoor,Philadelphia,PA,Canada
CUST10801,Priya Singh,Charlotte,NC,India
CUST10802,Simran Mehta,Charlotte,NC,Australia
CUST10803,Aditya Verma,Dallas,TX,Australia
CUST10804,Priya Joshi,Columbus,OH,United Kingdom
CUST10805,Anjali Mehta,Jacksonville,FL,Australia
CUST10806,Aarav Verma,Denver,CO,India
CUST10807,Aditya Sharma,Austin,TX,Canada
CUST10808,Mohit Reddy,Fort Worth,TX,Canada
CUST10809,Kabir Verma,Charlotte,NC,Canada
CUST10810,Neha Singh,Charlotte,NC,India
CUST10811,Priya Gupta,Seattle,WA,India
CUST10812,Sahil Singh,Houston,TX,India
CUST10813,Arjun Singh,Houston,TX,India
CUST10814,Aarav Kumar,Philadelphia,PA,Canada
CUST10815,Arjun Kumar,Fort Worth,TX,Canada
CUST10816,Mohit Verma,Dallas,TX,United Kingdom
CUST10817,Neha Sharma,Washington,DC,India
CUST10818,Pooja Gupta,Jacksonville,FL,United Kingdom
CUST10819,Aman Patel,San Antonio,TX,Canada
CUST10820,Pooja Kumar,Columbus,OH,United Kingdom
CUST10821,Aarav Reddy,Indianapolis,IN,Australia
CUST10822,Sneha Mehta,Houston,TX,Australia
CUST10823,Rohit Joshi,San Francisco,CA,United Kingdom
CUST10824,Sahil Kapoor,Indianapolis,IN,Canada
CUST10825,Simran Kapoor,Philadelphia,PA,United Kingdom
CUST10826,Neha Sharma,San Jose,CA,Australia
CUST10827,Anjali Patel,Chicago,IL,Canada
CUST10828,Vivaan Joshi,Washington,DC,India
CUST10829,Neha Joshi,Phoenix,AZ,United Kingdom
CUST10830,Aman Reddy,Phoenix,AZ,United Kingdom
CUST10831,Anjali Patel,Philadelphia,PA,United Kingdom
CUST10832,Ritika Patel,Washington,DC,Canada
CUST10833,Arjun Singh,San Antonio,TX,Canada
CUST10834,Neha Reddy,San Diego,CA,India
CUST10835,Karan Kumar,San Jose,CA,India
CUST10836,Sahil Verma,San Francisco,CA,India
CUST10837,Aditya Kapoor,Los Angeles,CA,India
CUST10838,Aditya Sharma,Columbus,OH,Australia
CUST10839,Aditya Verma,Philadelphia,PA,Canada
CUST10840,Sunita Reddy,Fort Worth,TX,India
CUST10841,Aarav Patel,Los Angeles,CA,United Kingdom
CUST10842,Neha Reddy,San Diego,CA,United Kingdom
CUST10843,Aditya Kapoor,San Francisco,CA,India
CUST10844,Kabir Kumar,Indianapolis,IN,Australia
CUST10845,Neha Gupta,Columbus,OH,India
CUST10846,Priya Patel,Philadelphia,PA,India
CUST10847,Simran Reddy,San Antonio,TX,India
CUST10848,Sunita Joshi,San Diego,CA,United Kingdom
CUST10849,Vihaan Kumar,Austin,TX,Canada
CUST10850,Aditya Reddy,Seattle,WA,Canada
CUST10851,Neha Reddy,Chicago,IL,Canada
CUST10852,Aman Verma,Phoenix,AZ,Canada
CUST10853,Sunita Singh,Washington,DC,Australia
CUST10854,Rohit Kumar,Washington,DC,Australia
CUST10855,Ritika Kapoor,Columbus,OH,Australia
CUST10856,Vikas Singh,San Antonio,TX,India
CUST10857,Kabir Kapoor,Indianapolis,IN,Canada
CUST10858,Arjun Patel,Chicago,IL,Australia
CUST10859,Vivaan Singh,Chicago,IL,Canada
CUST10860,Vihaan Singh,San Francisco,CA,Australia
CUST10861,Anjali Sharma,Indianapolis,IN,Australia
CUST10862,Simran Patel,Dallas,TX,United Kingdom
CUST10863,Karan Singh,Dallas,TX,India
CUST10864,Simran Singh,Washington,DC,United Kingdom
CUST10865,Mohit Kapoor,San Jose,CA,Australia
CUST10866,Priya Verma,San Jose,CA,India
CUST10867,Aditya Verma,Phoenix,AZ,India
CUST10868,Vihaan Joshi,San Diego,CA,India
CUST10869,Karan Verma,Seattle,WA,Canada
CUST10870,Kabir Joshi,San Jose,CA,Australia
CUST10871,Aditya Mehta,San Diego,CA,Canada
CUST10872,Aditya Verma,Columbus,OH,India
CUST10873,Rohit Singh,San Jose,CA,Australia
CUST10874,Anjali Reddy,San Antonio,TX,Australia
CUST10875,Ritika Reddy,Jacksonville,FL,Canada
CUST10876,Vivaan Patel,Indianapolis,IN,United Kingdom
CUST10877,Pooja Mehta,Chicago,IL,Canada
CUST10878,Sneha Verma,Jacksonville,FL,United Kingdom
CUST10879,Karan Sharma,New York,NY,Australia
CUST10880,Sunita Mehta,Seattle,WA,India
CUST10881,Sahil Kumar,Seattle,WA,Canada
CUST10882,Aman Patel,San Francisco,CA,United Kingdom
CUST10883,Kabir Joshi,Austin,TX,India
CUST10884,Ritika Singh,Jacksonville,FL,United Kingdom
CUST10885,Aman Sharma,Indianapolis,IN,Australia
CUST10886,Vihaan Sharma,Philadelphia,PA,Canada
CUST10887,Vihaan Joshi,Chicago,IL,Canada
CUST10888,Arjun Kumar,Seattle,WA,Australia
CUST10889,Neha Gupta,San Antonio,TX,India
CUST10890,Sunita Sharma,Denver,CO,Australia
CUST10891,Ritika Verma,New York,NY,United Kingdom
CUST10892,Sneha Sharma,Indianapolis,IN,Canada
CUST10893,Sunita Patel,Dallas,TX,India
CUST10894,Neha Sharma,Houston,TX,India
CUST10895,Priya Gupta,Houston,TX,India
CUST10896,Simran Verma,Charlotte,NC,United Kingdom
CUST10897,Karan Patel,Philadelphia,PA,Australia
CUST10898,Sunita Singh,Jacksonville,FL,United Kingdom
CUST10899,Mohit Singh,Chicago,IL,Canada
CUST10900,Anjali Gupta,Los Angeles,CA,United Kingdom
CUST10901,Simran Verma,Columbus,OH,India
CUST10902,Simran Sharma,Los Angeles,CA,United Kingdom
CUST10903,Vivaan Gupta,Indianapolis,IN,Australia
CUST10904,Rohit Sharma,Denver,CO,United Kingdom
CUST10905,Mohit Joshi,Dallas,TX,India
CUST10906,Sahil Kumar,Fort Worth,TX,Canada
CUST10907,Arjun Mehta,San Francisco,CA,India
CUST10908,Aditya Gupta,Columbus,OH,India
CUST10909,Sneha Reddy,Chicago,IL,India
CUST10910,Anjali Singh,Denver,CO,India
CUST10911,Rohit Kumar,Los Angeles,CA,India
CUST10912,Aman Mehta,Fort Worth,TX,United States
CUST10913,Ritika Singh,Washington,DC,Canada
CUST10914,Sneha Verma,Los Angeles,CA,Australia
CUST10915,Ritika Kumar,Indianapolis,IN,United Kingdom
CUST10916,Simran Mehta,Jacksonville,FL,United Kingdom
CUST10917,Aman Patel,Los Angeles,CA,Australia
CUST10918,Pooja Gupta,Fort Worth,TX,Canada
CUST10919,Simran Mehta,San Antonio,TX,India
CUST10920,Vivaan Joshi,Denver,CO,India
CUST10921,Kabir Sharma,Columbus,OH,India
CUST10922,Aarav Verma,Los Angeles,CA,Canada
CUST10923,Aditya Kapoor,Fort Worth,TX,Australia
CUST10924,Priya Reddy,Columbus,OH,Canada
CUST10925,Kabir Kapoor,San Francisco,CA,India
CUST10926,Rohit Verma,Columbus,OH,United Kingdom
CUST10927,Vihaan Kumar,Chicago,IL,United Kingdom
CUST10928,Aarav Joshi,Denver,CO,Canada
CUST10929,Arjun Kapoor,San Antonio,TX,Canada
CUST10930,Aditya Gupta,Houston,TX,United Kingdom
CUST10931,Anjali Kumar,Columbus,OH,India
CUST10932,Simran Singh,Indianapolis,IN,India
CUST10933,Arjun Verma,Denver,CO,India
CUST10934,Karan Mehta,Fort Worth,TX,Australia
CUST10935,Vikas Verma,Houston,TX,United Kingdom
CUST10936,Aarav Reddy,Jacksonville,FL,United Kingdom
CUST10937,Sneha Patel,Denver,CO,United States
CUST10938,Mohit Singh,Philadelphia,PA,India
CUST10939,Arjun Singh,Washington,DC,India
CUST10940,Aarav Singh,Jacksonville,FL,United Kingdom
CUST10941,Sneha Reddy,Denver,CO,India
CUST10942,Vihaan Kumar,San Diego,CA,India
CUST10943,Anjali Patel,Austin,TX,Australia
CUST10944,Neha Joshi,Charlotte,NC,Australia
CUST10945,Aditya Reddy,San Antonio,TX,India
CUST10946,Vivaan Kapoor,Seattle,WA,Canada
CUST10947,Aditya Verma,Jacksonville,FL,United Kingdom
CUST10948,Vikas Mehta,Charlotte,NC,Canada
CUST10949,Simran Mehta,Fort Worth,TX,Canada
CUST10950,Aditya Singh,Philadelphia,PA,Canada
CUST10951,Sneha Joshi,Phoenix,AZ,Canada
CUST10952,Rohit Patel,San Jose,CA,United Kingdom
CUST10953,Aditya Verma,Philadelphia,PA,United Kingdom
CUST10954,Pooja Gupta,Denver,CO,Canada
CUST10955,Vihaan Patel,Houston,TX,India
CUST10956,Sahil Patel,San Jose,CA,Australia
CUST10957,Simran Gupta,Columbus,OH,India
CUST10958,Sneha Verma,Houston,TX,India
CUST10959,Vihaan Patel,Jacksonville,FL,Australia
CUST10960,Vivaan Reddy,San Francisco,CA,United Kingdom
CUST10961,Vikas Joshi,San Diego,CA,India
CUST10962,Rohit Patel,Indianapolis,IN,Australia
CUST10963,Sunita Gupta,Jacksonville,FL,United Kingdom
CUST10964,Aman Gupta,Indianapolis,IN,India
CUST10965,Priya Verma,Denver,CO,India
CUST10966,Vikas Kapoor,Indianapolis,IN,Canada
CUST10967,Kabir Reddy,New York,NY,Canada
CUST10968,Vikas Gupta,San Jose,CA,United States
CUST10969,Kabir Patel,Fort Worth,TX,United Kingdom
CUST10970,Vikas Joshi,Austin,TX,Canada
CUST10971,Simran Reddy,Fort Worth,TX,India
CUST10972,Sunita Verma,Houston,TX,Canada
CUST10973,Pooja Mehta,New York,NY,Canada
CUST10974,Anjali Gupta,Columbus,OH,Australia
CUST10975,Anjali Mehta,San Jose,CA,United Kingdom
CUST10976,Arjun Singh,Phoenix,AZ,United Kingdom
CUST10977,Neha Kapoor,San Antonio,TX,India
CUST10978,Rohit Joshi,Fort Worth,TX,India
CUST10979,Rohit Patel,San Francisco,CA,Australia
CUST10980,Kabir Sharma,Chicago,IL,India
CUST10981,Arjun Sharma,Phoenix,AZ,United Kingdom
CUST10982,Arjun Reddy,Dallas,TX,India
CUST10983,Karan Kapoor,Charlotte,NC,Canada
CUST10984,Kabir Kumar,Seattle,WA,India
CUST10985,Aarav Sharma,Los Angeles,CA,Australia
CUST10986,Sahil Kumar,Houston,TX,Australia
CUST10987,Sneha Verma,Columbus,OH,India
CUST10988,Ritika Kumar,Austin,TX,United Kingdom
CUST10989,Neha Gupta,Denver,CO,United Kingdom
CUST10990,Pooja Gupta,Columbus,OH,India
CUST10991,Priya Kumar,Austin,TX,Canada
CUST10992,Arjun Gupta,San Antonio,TX,Australia
CUST10993,Arjun Patel,Phoenix,AZ,United Kingdom
CUST10994,Sahil Kapoor,Charlotte,NC,Australia
CUST10995,Arjun Sharma,Los Angeles,CA,Australia
CUST10996,Anjali Reddy,Houston,TX,Canada
CUST10997,Aditya Sharma,Los Angeles,CA,Canada
CUST10998,Arjun Kumar,Jacksonville,FL,United Kingdom
CUST10999,Pooja Kumar,Seattle,WA,India
CUST11000,Priya Kapoor,Jacksonville,FL,United Kingdom
CUST11001,Vihaan Reddy,Phoenix,AZ,Australia
CUST11002,Aarav Kumar,Columbus,OH,India
CUST11003,Vivaan Patel,Chicago,IL,India
CUST11004,Sahil Verma,Philadelphia,PA,India
CUST11005,Kabir Singh,Columbus,OH,Canada
CUST11006,Vikas Reddy,Phoenix,AZ,India
CUST11007,Sunita Patel,Austin,TX,India
CUST11008,Vikas Kumar,Charlotte,NC,India
CUST11009,Arjun Joshi,Columbus,OH,India
CUST11010,Aman Kumar,San Jose,CA,Australia
CUST11011,Simran Verma,Dallas,TX,United Kingdom
CUST11012,Karan Sharma,San Francisco,CA,Australia
CUST11013,Anjali Singh,San Francisco,CA,Australia
CUST11014,Mohit Joshi,Houston,TX,India
CUST11015,Kabir Mehta,Los Angeles,CA,India
CUST11016,Kabir Kumar,Houston,TX,India
CUST11017,Vikas Verma,Philadelphia,PA,India
CUST11018,Priya Kumar,Fort Worth,TX,Canada
CUST11019,Arjun Joshi,New York,NY,Australia
CUST11020,Karan Kumar,San Antonio,TX,Australia
CUST11021,Rohit Singh,San Francisco,CA,India
CUST11022,Arjun Joshi,Philadelphia,PA,Canada
CUST11023,Sunita Patel,Charlotte,NC,Canada
CUST11024,Vivaan Singh,Chicago,IL,Australia
CUST11025,Vihaan Sharma,San Diego,CA,United Kingdom
CUST11026,Pooja Reddy,Seattle,WA,Canada
CUST11027,Aarav Patel,Denver,CO,Canada
CUST11028,Sneha Kumar,San Diego,CA,United Kingdom
CUST11029,Vikas Gupta,Houston,TX,United Kingdom
CUST11030,Vikas Mehta,Indianapolis,IN,Canada
CUST11031,Priya Mehta,Denver,CO,United Kingdom
CUST11032,Anjali Joshi,Jacksonville,FL,Canada
CUST11033,Priya Joshi,Charlotte,NC,India
CUST11034,Vivaan Singh,New York,NY,Canada
CUST11035,Simran Gupta,Los Angeles,CA,United Kingdom
CUST11036,Priya Singh,Charlotte,NC,Canada
CUST11037,Karan Joshi,Philadelphia,PA,India
CUST11038,Aditya Reddy,Indianapolis,IN,India
CUST11039,Neha Sharma,Denver,CO,Australia
CUST11040,Neha Singh,Phoenix,AZ,Australia
CUST11041,Sunita Kapoor,Washington,DC,Canada
CUST11042,Vihaan Mehta,Los Angeles,CA,Canada
CUST11043,Sunita Singh,Fort Worth,TX,United States
CUST11044,Vivaan Joshi,Indianapolis,IN,India
CUST11045,Ritika Reddy,New York,NY,India
CUST11046,Ritika Verma,San Francisco,CA,India
CUST11047,Sneha Patel,Los Angeles,CA,India
CUST11048,Vihaan Sharma,Philadelphia,PA,India
CUST11049,Simran Kumar,Los Angeles,CA,India
CUST11050,Priya Joshi,Charlotte,NC,United Kingdom
CUST11051,Ritika Singh,Charlotte,NC,Canada
CUST11052,Sunita Sharma,Charlotte,NC,United Kingdom
CUST11053,Aarav Reddy,Dallas,TX,United Kingdom
CUST11054,Neha Kapoor,Houston,TX,United Kingdom
CUST11055,Neha Kapoor,San Jose,CA,Canada
CUST11056,Aarav Singh,San Jose,CA,United States
CUST11057,Aman Kumar,Jacksonville,FL,Australia
CUST11058,Aarav Kapoor,New York,NY,Canada
CUST11059,Arjun Sharma,Jacksonville,FL,Canada
CUST11060,Karan Joshi,Washington,DC,United Kingdom
CUST11061,Kabir Gupta,Indianapolis,IN,Canada
CUST11062,Vivaan Joshi,Columbus,OH,Australia
CUST11063,Neha Mehta,Austin,TX,United Kingdom
CUST11064,Sunita Sharma,Fort Worth,TX,United Kingdom
CUST11065,Mohit Singh,Denver,CO,Australia
CUST11066,Anjali Mehta,Seattle,WA,India
CUST11067,Mohit Patel,San Antonio,TX,Australia
CUST11068,Pooja Patel,San Francisco,CA,Australia
CUST11069,Kabir Reddy,Fort Worth,TX,India
CUST11070,Karan Singh,San Jose,CA,Australia
CUST11071,Vihaan Gupta,Chicago,IL,Canada
CUST11072,Aman Kapoor,Phoenix,AZ,Canada
CUST11073,Simran Sharma,San Diego,CA,India
CUST11074,Kabir Verma,Columbus,OH,India
CUST11075,Vivaan Patel,San Diego,CA,United Kingdom
CUST11076,Aman Sharma,Phoenix,AZ,India
CUST11077,Karan Kapoor,San Francisco,CA,Canada
CUST11078,Aditya Kapoor,Phoenix,AZ,India
CUST11079,Sneha Gupta,Seattle,WA,United Kingdom
CUST11080,Anjali Joshi,Seattle,WA,India
CUST11081,Pooja Sharma,Denver,CO,United Kingdom
CUST11082,Pooja Sharma,Seattle,WA,India
CUST11083,Neha Patel,Philadelphia,PA,India
CUST11084,Aarav Verma,Philadelphia,PA,Canada
CUST11085,Kabir Reddy,Charlotte,NC,India
CUST11086,Sneha Kumar,Philadelphia,PA,United Kingdom
CUST11087,Mohit Kapoor,San Diego,CA,India
CUST11088,Arjun Reddy,New York,NY,Canada
CUST11089,Kabir Kumar,San Francisco,CA,United Kingdom
CUST11090,Pooja Joshi,Phoenix,AZ,Canada
CUST11091,Kabir Reddy,San Francisco,CA,Canada
CUST11092,Vivaan Singh,Phoenix,AZ,United Kingdom
CUST11093,Sunita Kapoor,Phoenix,AZ,United Kingdom
CUST11094,Ritika Singh,Washington,DC,United Kingdom
CUST11095,Vihaan Singh,Chicago,IL,India
CUST11096,Aman Gupta,Washington,DC,India
CUST11097,Priya Reddy,Indianapolis,IN,United Kingdom
CUST11098,Aditya Sharma,New York,NY,India
CUST11099,Neha Kumar,Jacksonville,FL,United Kingdom
CUST11100,Mohit Sharma,Los Angeles,CA,India
CUST11101,Priya Sharma,New York,NY,Canada
CUST11102,Aarav Verma,Houston,TX,Canada
CUST11103,Mohit Kapoor,Los Angeles,CA,Canada
CUST11104,Kabir Reddy,Charlotte,NC,Australia
CUST11105,Ritika Gupta,Austin,TX,India
CUST11106,Sunita Verma,Houston,TX,India
CUST11107,Neha Kumar,Fort Worth,TX,Australia
CUST11108,Anjali Sharma,San Diego,CA,India
CUST11109,Sunita Sharma,Seattle,WA,Australia
CUST11110,Vikas Sharma,New York,NY,United Kingdom
CUST11111,Aman Singh,Austin,TX,Canada
CUST11112,Aman Verma,Houston,TX,United Kingdom
CUST11113,Aditya Kapoor,Dallas,TX,United Kingdom
CUST11114,Rohit Kapoor,San Jose,CA,United Kingdom
CUST11115,Sunita Mehta,Denver,CO,Australia
CUST11116,Kabir Kumar,Seattle,WA,United States
CUST11117,Priya Singh,Seattle,WA,India
CUST11118,Pooja Singh,Philadelphia,PA,United Kingdom
CUST11119,Priya Verma,Philadelphia,PA,Australia
CUST11120,Karan Reddy,Houston,TX,Canada
CUST11121,Sunita Verma,Dallas,TX,Canada
CUST11122,Kabir Kumar,Philadelphia,PA,Australia
CUST11123,Anjali Gupta,New York,NY,United Kingdom
CUST11124,Sahil Kapoor,New York,NY,Australia
CUST11125,Vivaan Patel,San Diego,CA,Canada
CUST11126,Vivaan Sharma,Austin,TX,United Kingdom
CUST11127,Aman Sharma,San Antonio,TX,Australia
CUST11128,Mohit Verma,Denver,CO,Canada
CUST11129,Sunita Sharma,Austin,TX,Canada
CUST11130,Karan Kapoor,Denver,CO,Canada
CUST11131,Sahil Verma,Chicago,IL,United Kingdom
CUST11132,Karan Joshi,Seattle,WA,Canada
CUST11133,Karan Verma,Houston,TX,Canada
CUST11134,Aarav Verma,Chicago,IL,United Kingdom
CUST11135,Sahil Sharma,Philadelphia,PA,Canada
CUST11136,Kabir Kapoor,Columbus,OH,United Kingdom
CUST11137,Priya Mehta,Charlotte,NC,United Kingdom
CUST11138,Vikas Singh,Houston,TX,Australia
CUST11139,Simran Kapoor,Chicago,IL,Canada
CUST11140,Anjali Mehta,Houston,TX,Canada
CUST11141,Simran Kapoor,San Diego,CA,Australia
CUST11142,Kabir Joshi,Columbus,OH,India
CUST11143,Neha Kumar,Indianapolis,IN,India
CUST11144,Karan Gupta,Los Angeles,CA,India
CUST11145,Vivaan Kapoor,New York,NY,Canada
CUST11146,Neha Patel,New York,NY,India
CUST11147,Mohit Mehta,Austin,TX,Canada
CUST11148,Neha Reddy,Indianapolis,IN,United Kingdom
CUST11149,Mohit Mehta,Seattle,WA,Canada
CUST11150,Aarav Joshi,San Antonio,TX,Australia
CUST11151,Karan Mehta,Columbus,OH,United Kingdom
CUST11152,Rohit Sharma,Seattle,WA,Canada
CUST11153,Anjali Patel,Columbus,OH,India
CUST11154,Sunita Reddy,Austin,TX,Australia
CUST11155,Simran Singh,Los Angeles,CA,India
CUST11156,Aditya Joshi,Columbus,OH,India
CUST11157,Karan Mehta,Chicago,IL,India
CUST11158,Kabir Mehta,Charlotte,NC,Canada
CUST11159,Karan Singh,San Francisco,CA,India
CUST11160,Mohit Singh,Indianapolis,IN,Canada
CUST11161,Vihaan Kumar,San Diego,CA,Canada
CUST11162,Neha Sharma,San Jose,CA,India
CUST11163,Aarav Gupta,New York,NY,United Kingdom
CUST11164,Aditya Reddy,Charlotte,NC,Australia
CUST11165,Mohit Joshi,Denver,CO,India
CUST11166,Sneha Verma,San Francisco,CA,India
CUST11167,Vivaan Kapoor,Chicago,IL,India
CUST11168,Sunita Verma,Columbus,OH,Canada
CUST11169,Mohit Gupta,San Antonio,TX,India
CUST11170,Vihaan Kumar,Columbus,OH,Canada
CUST11171,Arjun Sharma,San Jose,CA,United Kingdom
CUST11172,Karan Patel,San Jose,CA,India
CUST11173,Ritika Singh,Washington,DC,Australia
CUST11174,Neha Singh,Los Angeles,CA,India
CUST11175,Priya Verma,Washington,DC,United Kingdom
CUST11176,Karan Singh,Columbus,OH,Canada
CUST11177,Vihaan Sharma,San Francisco,CA,India
CUST11178,Ritika Kumar,Dallas,TX,United Kingdom
CUST11179,Sneha Verma,Austin,TX,India
CUST11180,Ritika Sharma,New York,NY,United Kingdom
CUST11181,Kabir Verma,Washington,DC,India
CUST11182,Anjali Gupta,Fort Worth,TX,United Kingdom
CUST11183,Vihaan Kapoor,San Francisco,CA,India
CUST11184,Neha Patel,Washington,DC,India
CUST11185,Sahil Kumar,Jacksonville,FL,India
CUST11186,Vikas Kumar,Houston,TX,United Kingdom
CUST11187,Priya Kapoor,Jacksonville,FL,Australia
CUST11188,Aarav Mehta,Jacksonville,FL,India
CUST11189,Vihaan Joshi,Charlotte,NC,United Kingdom
CUST11190,Priya Joshi,Chicago,IL,United Kingdom
CUST11191,Sahil Kumar,San Diego,CA,India
CUST11192,Neha Joshi,San Diego,CA,United Kingdom
CUST11193,Priya Sharma,Houston,TX,United Kingdom
CUST11194,Arjun Patel,Jacksonville,FL,India
CUST11195,Sahil Sharma,New York,NY,Canada
CUST11196,Vihaan Kumar,Indianapolis,IN,Australia
CUST11197,Vihaan Reddy,Washington,DC,India
CUST11198,Sunita Kumar,New York,NY,United Kingdom
CUST11199,Sneha Sharma,Houston,TX,United Kingdom
CUST11200,Simran Verma,Houston,TX,Canada
CUST11201,Mohit Patel,Seattle,WA,Canada
CUST11202,Priya Verma,Chicago,IL,Australia
CUST11203,Neha Sharma,Charlotte,NC,Canada
CUST11204,Vikas Gupta,Chicago,IL,United Kingdom
CUST11205,Simran Mehta,Denver,CO,Canada
CUST11206,Sahil Patel,Washington,DC,India
CUST11207,Aarav Reddy,Philadelphia,PA,United Kingdom
CUST11208,Ritika Patel,San Antonio,TX,Australia
CUST11209,Simran Joshi,Jacksonville,FL,Canada
CUST11210,Karan Verma,San Francisco,CA,India
CUST11211,Vivaan Verma,Austin,TX,United Kingdom
CUST11212,Arjun Verma,San Antonio,TX,Australia
CUST11213,Sneha Gupta,Charlotte,NC,India
CUST11214,Aditya Kapoor,Los Angeles,CA,Canada
CUST11215,Ritika Joshi,Columbus,OH,India
CUST11216,Vivaan Mehta,Austin,TX,India
CUST11217,Vivaan Kapoor,Fort Worth,TX,India
CUST11218,Neha Kapoor,Austin,TX,United Kingdom
CUST11219,Karan Reddy,Houston,TX,India
CUST11220,Vivaan Kapoor,Austin,TX,United Kingdom
CUST11221,Ritika Patel,Los Angeles,CA,United Kingdom
CUST11222,Vihaan Mehta,Los Angeles,CA,United Kingdom
CUST11223,Rohit Verma,Charlotte,NC,Canada
CUST11224,Sahil Joshi,New York,NY,India
CUST11225,Simran Sharma,Washington,DC,India
CUST11226,Pooja Joshi,Houston,TX,United States
CUST11227,Karan Singh,Austin,TX,Australia
CUST11228,Neha Joshi,Jacksonville,FL,Australia
CUST11229,Mohit Mehta,San Antonio,TX,India
CUST11230,Simran Joshi,San Antonio,TX,Canada
CUST11231,Kabir Verma,San Jose,CA,Australia
CUST11232,Kabir Sharma,Phoenix,AZ,Australia
CUST11233,Sahil Joshi,Austin,TX,India
CUST11234,Vihaan Verma,Houston,TX,India
CUST11235,Aditya Joshi,San Antonio,TX,United Kingdom
CUST11236,Sahil Kapoor,Chicago,IL,Canada
CUST11237,Karan Joshi,San Francisco,CA,Australia
CUST11238,Aditya Mehta,Dallas,TX,Australia
CUST11239,Ritika Kapoor,New York,NY,Canada
CUST11240,Sunita Kumar,San Francisco,CA,United Kingdom
CUST11241,Simran Kapoor,Los Angeles,CA,India
CUST11242,Ritika Verma,San Antonio,TX,United Kingdom
CUST11243,Ritika Patel,Philadelphia,PA,Australia
CUST11244,Sneha Patel,Seattle,WA,India
CUST11245,Vikas Joshi,Philadelphia,PA,India
CUST11246,Vikas Kapoor,Houston,TX,United Kingdom
CUST11247,Sahil Mehta,Seattle,WA,Canada
CUST11248,Pooja Singh,Washington,DC,Canada
CUST11249,Aditya Mehta,Seattle,WA,Australia
CUST11250,Priya Gupta,Denver,CO,India
CUST11251,Sunita Verma,New York,NY,United States
CUST11252,Sneha Verma,Austin,TX,Canada
CUST11253,Vihaan Reddy,Seattle,WA,India
CUST11254,Aman Joshi,Indianapolis,IN,Canada
CUST11255,Karan Patel,Indianapolis,IN,Australia
CUST11256,Karan Joshi,Los Angeles,CA,Canada
CUST11257,Vivaan Kapoor,Denver,CO,Canada
CUST11258,Simran Kapoor,Seattle,WA,Australia
CUST11259,Ritika Reddy,Columbus,OH,India
CUST11260,Vihaan Reddy,Houston,TX,Canada
CUST11261,Aditya Mehta,Chicago,IL,India
CUST11262,Rohit Gupta,San Diego,CA,Canada
CUST11263,Mohit Mehta,Phoenix,AZ,Canada
CUST11264,Kabir Patel,Philadelphia,PA,India
CUST11265,Sneha Reddy,Indianapolis,IN,Australia
CUST11266,Pooja Sharma,San Francisco,CA,India
CUST11267,Simran Mehta,Indianapolis,IN,India
CUST11268,Sunita Joshi,Austin,TX,United Kingdom
CUST11269,Priya Singh,Phoenix,AZ,Canada
CUST11270,Aditya Kapoor,Charlotte,NC,India
CUST11271,Rohit Joshi,Jacksonville,FL,India
CUST11272,Kabir Reddy,San Jose,CA,India
CUST11273,Aarav Sharma,San Jose,CA,Australia
CUST11274,Mohit Reddy,Columbus,OH,India
CUST11275,Aarav Reddy,Charlotte,NC,Canada
CUST11276,Neha Gupta,San Antonio,TX,Canada
CUST11277,Vihaan Gupta,Philadelphia,PA,India
CUST11278,Sahil Reddy,Washington,DC,United Kingdom
CUST11279,Vihaan Kapoor,San Jose,CA,United Kingdom
CUST11280,Mohit Reddy,San Antonio,TX,Australia
CUST11281,Arjun Mehta,San Jose,CA,Australia
CUST11282,Vikas Sharma,Charlotte,NC,United Kingdom
CUST11283,Aditya Verma,Dallas,TX,United Kingdom
CUST11284,Vivaan Joshi,Denver,CO,United Kingdom
CUST11285,Sunita Singh,Austin,TX,Canada
CUST11286,Karan Reddy,Denver,CO,United Kingdom
CUST11287,Rohit Verma,Indianapolis,IN,Canada
CUST11288,Aman Reddy,Dallas,TX,Canada
CUST11289,Arjun Sharma,Philadelphia,PA,United Kingdom
CUST11290,Priya Gupta,San Jose,CA,Australia
CUST11291,Arjun Sharma,Chicago,IL,Canada
CUST11292,Pooja Sharma,Austin,TX,United Kingdom
CUST11293,Kabir Verma,Fort Worth,TX,United Kingdom
CUST11294,Sahil Kumar,Austin,TX,India
CUST11295,Neha Mehta,Columbus,OH,United Kingdom
CUST11296,Ritika Sharma,Washington,DC,Canada
CUST11297,Vivaan Patel,Dallas,TX,Australia
CUST11298,Vivaan Singh,San Francisco,CA,India
CUST11299,Kabir Gupta,San Diego,CA,India
CUST11300,Anjali Kapoor,Austin,TX,United Kingdom
CUST11301,Ritika Patel,Denver,CO,Australia
CUST11302,Karan Mehta,Austin,TX,United Kingdom
CUST11303,Rohit Verma,Philadelphia,PA,Canada
CUST11304,Arjun Verma,Houston,TX,Canada
CUST11305,Pooja Sharma,Philadelphia,PA,Canada
CUST11306,Anjali Mehta,Austin,TX,Australia
CUST11307,Kabir Mehta,San Francisco,CA,United Kingdom
CUST11308,Rohit Kapoor,Fort Worth,TX,Canada
CUST11309,Aarav Gupta,San Jose,CA,India
CUST11310,Sneha Patel,Columbus,OH,Canada
CUST11311,Arjun Kapoor,Denver,CO,Canada
CUST11312,Pooja Patel,Houston,TX,United Kingdom
CUST11313,Aman Mehta,Dallas,TX,United Kingdom
CUST11314,Vikas Kapoor,Phoenix,AZ,India
CUST11315,Kabir Mehta,Washington,DC,United Kingdom
CUST11316,Arjun Joshi,Seattle,WA,United Kingdom
CUST11317,Mohit Verma,Indianapolis,IN,United Kingdom
CUST11318,Vivaan Singh,Washington,DC,India
CUST11319,Vihaan Singh,San Jose,CA,India
CUST11320,Vikas Singh,Denver,CO,Australia
CUST11321,Vivaan Patel,Phoenix,AZ,Canada
CUST11322,Vivaan Sharma,Indianapolis,IN,United Kingdom
CUST11323,Rohit Mehta,Indianapolis,IN,India
CUST11324,Karan Patel,Seattle,WA,India
CUST11325,Mohit Singh,Seattle,WA,India
CUST11326,Karan Verma,San Diego,CA,India
CUST11327,Sahil Verma,Austin,TX,Canada
CUST11328,Arjun Kumar,New York,NY,United Kingdom
CUST11329,Aarav Reddy,Seattle,WA,India
CUST11330,Kabir Sharma,Jacksonville,FL,United Kingdom
CUST11331,Kabir Gupta,Charlotte,NC,India
CUST11332,Simran Mehta,Jacksonville,FL,India
CUST11333,Aman Singh,Charlotte,NC,United Kingdom
CUST11334,Aarav Reddy,Columbus,OH,United Kingdom
CUST11335,Vihaan Reddy,Denver,CO,India
CUST11336,Vikas Kumar,Dallas,TX,United Kingdom
CUST11337,Simran Joshi,Dallas,TX,India
CUST11338,Mohit Reddy,Austin,TX,Canada
CUST11339,Neha Singh,Fort Worth,TX,Canada
CUST11340,Kabir Kapoor,Los Angeles,CA,Canada
CUST11341,Sunita Gupta,Washington,DC,Canada
CUST11342,Pooja Joshi,San Jose,CA,United Kingdom
CUST11343,Pooja Singh,Phoenix,AZ,Canada
CUST11344,Vikas Reddy,Seattle,WA,Australia
CUST11345,Vivaan Joshi,Seattle,WA,United Kingdom
CUST11346,Aditya Patel,Jacksonville,FL,India
CUST11347,Neha Kapoor,Denver,CO,Canada
CUST11348,Aditya Kapoor,Seattle,WA,Canada
CUST11349,Neha Verma,Indianapolis,IN,India
CUST11350,Neha Singh,San Diego,CA,United Kingdom
CUST11351,Aarav Sharma,Indianapolis,IN,India
CUST11352,Priya Sharma,Dallas,TX,India
CUST11353,Sunita Verma,New York,NY,India
CUST11354,Vikas Sharma,Philadelphia,PA,United Kingdom
CUST11355,Aditya Gupta,Seattle,WA,Canada
CUST11356,Vihaan Reddy,Los Angeles,CA,India
CUST11357,Priya Patel,Fort Worth,TX,Canada
CUST11358,Ritika Reddy,San Diego,CA,United Kingdom
CUST11359,Vikas Singh,Austin,TX,United Kingdom
CUST11360,Anjali Gupta,Phoenix,AZ,India
CUST11361,Aditya Kumar,Philadelphia,PA,United Kingdom
CUST11362,Arjun Patel,Phoenix,AZ,India
CUST11363,Kabir Sharma,Fort Worth,TX,United Kingdom
CUST11364,Kabir Verma,Fort Worth,TX,Canada
CUST11365,Mohit Sharma,Columbus,OH,United Kingdom
CUST11366,Anjali Reddy,Philadelphia,PA,Australia
CUST11367,Sahil Kumar,San Diego,CA,United Kingdom
CUST11368,Vivaan Singh,San Antonio,TX,Australia
CUST11369,Ritika Reddy,Columbus,OH,Australia
CUST11370,Sunita Gupta,Charlotte,NC,India
CUST11371,Sahil Kapoor,Dallas,TX,United Kingdom
CUST11372,Aditya Gupta,Columbus,OH,United Kingdom
CUST11373,Sahil Kapoor,Phoenix,AZ,Canada
CUST11374,Kabir Verma,Seattle,WA,Australia
CUST11375,Pooja Patel,Charlotte,NC,Australia
CUST11376,Vivaan Reddy,Houston,TX,United Kingdom
CUST11377,Priya Gupta,Seattle,WA,Australia
CUST11378,Vivaan Reddy,Seattle,WA,United Kingdom
CUST11379,Vivaan Mehta,Denver,CO,India
CUST11380,Priya Gupta,Chicago,IL,United Kingdom
CUST11381,Priya Reddy,Jacksonville,FL,India
CUST11382,Anjali Joshi,Indianapolis,IN,Australia
CUST11383,Sunita Reddy,Jacksonville,FL,United Kingdom
CUST11384,Sneha Mehta,Houston,TX,India
CUST11385,Sunita Verma,Fort Worth,TX,Canada
CUST11386,Anjali Singh,Fort Worth,TX,Canada
CUST11387,Sunita Kumar,Los Angeles,CA,Australia
CUST11388,Mohit Kumar,Dallas,TX,United Kingdom
CUST11389,Anjali Joshi,Phoenix,AZ,United Kingdom
CUST11390,Karan Singh,Washington,DC,Canada
CUST11391,Simran Joshi,Chicago,IL,India
CUST11392,Aman Singh,Jacksonville,FL,Australia
CUST11393,Simran Verma,Washington,DC,United Kingdom
CUST11394,Kabir Gupta,San Francisco,CA,India
CUST11395,Rohit Mehta,San Antonio,TX,Australia
CUST11396,Simran Patel,Seattle,WA,Canada
CUST11397,Vivaan Sharma,Austin,TX,Australia
CUST11398,Neha Kapoor,Philadelphia,PA,United Kingdom
CUST11399,Arjun Mehta,Phoenix,AZ,United Kingdom
CUST11400,Priya Reddy,Denver,CO,United Kingdom
CUST11401,Neha Gupta,Fort Worth,TX,Canada
CUST11402,Vivaan Verma,Seattle,WA,Australia
CUST11403,Priya Sharma,New York,NY,Australia
CUST11404,Arjun Gupta,Charlotte,NC,India
CUST11405,Aditya Kumar,Fort Worth,TX,India
CUST11406,Karan Gupta,Denver,CO,Australia
CUST11407,Aman Singh,Jacksonville,FL,United Kingdom
CUST11408,Vivaan Mehta,Jacksonville,FL,United Kingdom
CUST11409,Vivaan Gupta,Austin,TX,Canada
CUST11410,Rohit Mehta,Philadelphia,PA,Australia
CUST11411,Pooja Sharma,San Diego,CA,India
CUST11412,Vivaan Verma,Philadelphia,PA,United Kingdom
CUST11413,Aditya Mehta,Dallas,TX,United Kingdom
CUST11414,Aditya Kapoor,Washington,DC,Australia
CUST11415,Neha Reddy,San Francisco,CA,India
CUST11416,Vihaan Kapoor,San Antonio,TX,Australia
CUST11417,Aditya Gupta,Seattle,WA,United Kingdom
CUST11418,Priya Reddy,Fort Worth,TX,Canada
CUST11419,Rohit Kapoor,Fort Worth,TX,Australia
CUST11420,Sneha Sharma,San Francisco,CA,India
CUST11421,Simran Singh,Jacksonville,FL,United Kingdom
CUST11422,Sneha Singh,San Francisco,CA,United Kingdom
CUST11423,Priya Kapoor,Denver,CO,India
CUST11424,Kabir Sharma,Jacksonville,FL,India
CUST11425,Priya Patel,Seattle,WA,Australia
CUST11426,Ritika Patel,Jacksonville,FL,United Kingdom
CUST11427,Pooja Patel,Chicago,IL,United Kingdom
CUST11428,Sneha Singh,Philadelphia,PA,United Kingdom
CUST11429,Simran Gupta,Los Angeles,CA,Australia
CUST11430,Sahil Mehta,Dallas,TX,United Kingdom
CUST11431,Anjali Kapoor,Los Angeles,CA,Australia
CUST11432,Priya Mehta,Houston,TX,Australia
CUST11433,Vihaan Verma,Chicago,IL,United Kingdom
CUST11434,Vikas Patel,Philadelphia,PA,Australia
CUST11435,Karan Kumar,Fort Worth,TX,Australia
CUST11436,Vikas Patel,Charlotte,NC,United Kingdom
CUST11437,Sunita Patel,Denver,CO,India
CUST11438,Sunita Kumar,Jacksonville,FL,India
CUST11439,Vikas Patel,Austin,TX,United Kingdom
CUST11440,Aman Mehta,Chicago,IL,India
CUST11441,Mohit Gupta,Fort Worth,TX,Australia
CUST11442,Priya Gupta,San Antonio,TX,United Kingdom
CUST11443,Aditya Joshi,New York,NY,India
CUST11444,Neha Mehta,New York,NY,Canada
CUST11445,Sunita Verma,San Jose,CA,United Kingdom
CUST11446,Sunita Gupta,Philadelphia,PA,United Kingdom
CUST11447,Karan Mehta,Denver,CO,Australia
CUST11448,Sneha Mehta,Austin,TX,India
CUST11449,Vihaan Singh,Denver,CO,Australia
CUST11450,Sahil Singh,San Diego,CA,India
CUST11451,Anjali Joshi,Houston,TX,Australia
CUST11452,Sunita Sharma,Charlotte,NC,India
CUST11453,Aditya Sharma,Fort Worth,TX,Canada
CUST11454,Aman Mehta,Denver,CO,United Kingdom
CUST11455,Pooja Verma,San Francisco,CA,United Kingdom
CUST11456,Sahil Kapoor,Phoenix,AZ,India
CUST11457,Simran Kumar,Austin,TX,India
CUST11458,Mohit Gupta,Philadelphia,PA,United Kingdom
CUST11459,Aman Verma,Los Angeles,CA,Australia
CUST11460,Karan Kumar,Dallas,TX,India
CUST11461,Simran Kapoor,Columbus,OH,Australia
CUST11462,Anjali Joshi,Austin,TX,United Kingdom
CUST11463,Karan Sharma,Philadelphia,PA,India
CUST11464,Kabir Joshi,Austin,TX,Australia
CUST11465,Arjun Gupta,Charlotte,NC,United Kingdom
CUST11466,Vivaan Joshi,Phoenix,AZ,United Kingdom
CUST11467,Aditya Mehta,San Antonio,TX,United Kingdom
CUST11468,Sneha Mehta,Chicago,IL,Australia
CUST11469,Karan Reddy,Washington,DC,United Kingdom
CUST11470,Sahil Verma,Indianapolis,IN,Australia
CUST11471,Karan Kapoor,Indianapolis,IN,India
CUST11472,Priya Kumar,San Jose,CA,Australia
CUST11473,Aman Singh,Indianapolis,IN,Canada
CUST11474,Neha Sharma,San Antonio,TX,Canada
CUST11475,Sneha Reddy,San Antonio,TX,United Kingdom
CUST11476,Sneha Patel,Phoenix,AZ,India
CUST11477,Sahil Sharma,Columbus,OH,Canada
CUST11478,Vikas Gupta,Columbus,OH,Australia
CUST11479,Sneha Kapoor,San Francisco,CA,Canada
CUST11480,Priya Kumar,Los Angeles,CA,Canada
CUST11481,Vihaan Gupta,Denver,CO,Australia
CUST11482,Sahil Joshi,Denver,CO,United Kingdom
CUST11483,Ritika Kumar,Houston,TX,Australia
CUST11484,Sneha Patel,Jacksonville,FL,Australia
CUST11485,Pooja Patel,San Jose,CA,United Kingdom
CUST11486,Karan Singh,Charlotte,NC,India
CUST11487,Aarav Singh,Austin,TX,Canada
CUST11488,Ritika Mehta,Austin,TX,Australia
CUST11489,Vihaan Patel,Indianapolis,IN,Australia
CUST11490,Sahil Reddy,San Francisco,CA,Canada
CUST11491,Vikas Gupta,Washington,DC,Australia
CUST11492,Anjali Reddy,Chicago,IL,Australia
CUST11493,Aarav Gupta,Columbus,OH,India
CUST11494,Rohit Kapoor,Chicago,IL,United Kingdom
CUST11495,Rohit Kumar,Indianapolis,IN,India
CUST11496,Priya Sharma,San Antonio,TX,Canada
CUST11497,Priya Gupta,Indianapolis,IN,United Kingdom
CUST11498,Ritika Singh,Denver,CO,Canada
CUST11499,Karan Gupta,Jacksonville,FL,Canada
CUST11500,Ritika Patel,Denver,CO,United Kingdom
CUST11501,Pooja Kumar,Philadelphia,PA,Australia
CUST11502,Aman Verma,San Antonio,TX,Canada
CUST11503,Arjun Kumar,Austin,TX,Australia
CUST11504,Sunita Singh,San Francisco,CA,India
CUST11505,Karan Patel,Indianapolis,IN,Canada
CUST11506,Priya Singh,Washington,DC,India
CUST11507,Sunita Sharma,Jacksonville,FL,Canada
CUST11508,Pooja Reddy,Seattle,WA,India
CUST11509,Vihaan Verma,Indianapolis,IN,India
CUST11510,Sahil Sharma,Indianapolis,IN,United States
CUST11511,Aman Reddy,Seattle,WA,Australia
CUST11512,Anjali Kumar,Jacksonville,FL,Canada
CUST11513,Arjun Reddy,Washington,DC,India
CUST11514,Anjali Gupta,Chicago,IL,Canada
CUST11515,Vihaan Joshi,Jacksonville,FL,India
CUST11516,Vikas Kumar,San Jose,CA,India
CUST11517,Simran Kumar,Jacksonville,FL,India
CUST11518,Priya Gupta,Dallas,TX,India
CUST11519,Ritika Patel,Columbus,OH,United Kingdom
CUST11520,Sahil Kapoor,Denver,CO,United Kingdom
CUST11521,Sahil Singh,Dallas,TX,India
CUST11522,Ritika Gupta,Columbus,OH,Canada
CUST11523,Sneha Patel,Austin,TX,Australia
CUST11524,Vivaan Sharma,San Antonio,TX,India
CUST11525,Aman Reddy,Washington,DC,United Kingdom
CUST11526,Sneha Mehta,Denver,CO,Canada
CUST11527,Simran Gupta,Los Angeles,CA,India
CUST11528,Vivaan Kapoor,San Francisco,CA,United Kingdom
CUST11529,Karan Joshi,San Jose,CA,Canada
CUST11530,Ritika Gupta,Chicago,IL,India
CUST11531,Anjali Kumar,Dallas,TX,Australia
CUST11532,Vivaan Sharma,Dallas,TX,United Kingdom
CUST11533,Rohit Reddy,Houston,TX,India
CUST11534,Aman Reddy,Jacksonville,FL,Canada
CUST11535,Arjun Singh,San Diego,CA,United Kingdom
CUST11536,Karan Patel,Fort Worth,TX,Australia
CUST11537,Anjali Sharma,Washington,DC,Australia
CUST11538,Anjali Sharma,Los Angeles,CA,Canada
CUST11539,Mohit Reddy,Washington,DC,Australia
CUST11540,Simran Kapoor,Fort Worth,TX,Canada
CUST11541,Ritika Verma,Charlotte,NC,Australia
CUST11542,Vihaan Gupta,Charlotte,NC,India
CUST11543,Neha Patel,Austin,TX,Canada
CUST11544,Vikas Reddy,Jacksonville,FL,United Kingdom
CUST11545,Aditya Verma,Phoenix,AZ,United States
CUST11546,Vikas Joshi,Indianapolis,IN,United Kingdom
CUST11547,Aditya Sharma,Philadelphia,PA,India
CUST11548,Karan Kapoor,Houston,TX,United Kingdom
CUST11549,Aman Patel,Seattle,WA,India
CUST11550,Aman Verma,Columbus,OH,India
CUST11551,Mohit Joshi,San Diego,CA,United Kingdom
CUST11552,Simran Verma,San Jose,CA,Canada
CUST11553,Aarav Mehta,Phoenix,AZ,India
CUST11554,Aarav Mehta,Jacksonville,FL,Canada
CUST11555,Ritika Sharma,Washington,DC,United Kingdom
CUST11556,Sneha Sharma,Los Angeles,CA,Canada
CUST11557,Anjali Kumar,Austin,TX,Canada
CUST11558,Rohit Verma,Los Angeles,CA,United Kingdom
CUST11559,Sunita Singh,New York,NY,India
CUST11560,Sahil Verma,Houston,TX,United Kingdom
CUST11561,Kabir Sharma,Seattle,WA,Australia
CUST11562,Aditya Reddy,Fort Worth,TX,Canada
CUST11563,Aarav Mehta,New York,NY,United Kingdom
CUST11564,Karan Mehta,Los Angeles,CA,India
CUST11565,Sahil Mehta,Phoenix,AZ,India
CUST11566,Kabir Kapoor,Chicago,IL,India
CUST11567,Mohit Reddy,Houston,TX,United Kingdom
CUST11568,Arjun Mehta,Seattle,WA,Canada
CUST11569,Anjali Singh,San Diego,CA,Australia
CUST11570,Vihaan Sharma,Dallas,TX,Canada
CUST11571,Pooja Mehta,Charlotte,NC,Canada
CUST11572,Ritika Joshi,San Jose,CA,United Kingdom
CUST11573,Sneha Verma,San Jose,CA,Australia
CUST11574,Sneha Kapoor,Los Angeles,CA,Australia
CUST11575,Neha Reddy,Chicago,IL,United Kingdom
CUST11576,Karan Reddy,Columbus,OH,India
CUST11577,Sahil Sharma,Columbus,OH,India
CUST11578,Neha Joshi,Houston,TX,India
CUST11579,Vikas Reddy,San Jose,CA,United Kingdom
CUST11580,Vihaan Verma,Washington,DC,United Kingdom
CUST11581,Neha Kumar,Los Angeles,CA,United Kingdom
CUST11582,Aman Verma,Indianapolis,IN,Canada
CUST11583,Vivaan Reddy,Phoenix,AZ,Canada
CUST11584,Mohit Gupta,San Diego,CA,United Kingdom
CUST11585,Vikas Patel,Philadelphia,PA,United Kingdom
CUST11586,Neha Sharma,Columbus,OH,Australia
CUST11587,Sahil Kumar,New York,NY,United Kingdom
CUST11588,Rohit Singh,San Francisco,CA,Australia
CUST11589,Arjun Kapoor,Fort Worth,TX,Australia
CUST11590,Aman Kumar,Dallas,TX,Canada
CUST11591,Sneha Kumar,Fort Worth,TX,United Kingdom
CUST11592,Priya Kumar,Philadelphia,PA,Canada
CUST11593,Pooja Verma,Denver,CO,Canada
CUST11594,Aman Verma,Phoenix,AZ,United Kingdom
CUST11595,Priya Singh,Philadelphia,PA,India
CUST11596,Vikas Kapoor,Charlotte,NC,India
CUST11597,Sneha Singh,San Jose,CA,India
CUST11598,Aarav Kapoor,Philadelphia,PA,India
CUST11599,Simran Reddy,San Diego,CA,India
CUST11600,Vihaan Singh,Columbus,OH,Australia
CUST11601,Simran Sharma,Denver,CO,Canada
CUST11602,Sneha Kumar,Denver,CO,Australia
CUST11603,Sahil Gupta,San Jose,CA,Canada
CUST11604,Sneha Sharma,Phoenix,AZ,United Kingdom
CUST11605,Karan Gupta,Indianapolis,IN,Canada
CUST11606,Karan Kumar,San Jose,CA,Australia
CUST11607,Aditya Verma,Houston,TX,United Kingdom
CUST11608,Rohit Kumar,Seattle,WA,India
CUST11609,Kabir Mehta,Dallas,TX,Australia
CUST11610,Karan Kapoor,Columbus,OH,Canada
CUST11611,Sahil Gupta,San Francisco,CA,Australia
CUST11612,Pooja Kapoor,Washington,DC,Australia
CUST11613,Aman Kapoor,Columbus,OH,India
CUST11614,Vihaan Mehta,New York,NY,Canada
CUST11615,Vivaan Verma,Seattle,WA,India
CUST11616,Neha Singh,Austin,TX,India
CUST11617,Neha Sharma,Seattle,WA,United Kingdom
CUST11618,Priya Singh,Houston,TX,United Kingdom
CUST11619,Vivaan Kapoor,Phoenix,AZ,India
CUST11620,Aditya Joshi,Los Angeles,CA,Canada
CUST11621,Priya Kapoor,Indianapolis,IN,Australia
CUST11622,Arjun Patel,San Antonio,TX,Canada
CUST11623,Pooja Kumar,Washington,DC,India
CUST11624,Ritika Sharma,Los Angeles,CA,India
CUST11625,Neha Joshi,Jacksonville,FL,United Kingdom
CUST11626,Priya Gupta,Chicago,IL,Australia
CUST11627,Sneha Patel,Dallas,TX,United Kingdom
CUST11628,Anjali Joshi,Jacksonville,FL,Australia
CUST11629,Arjun Mehta,San Diego,CA,Australia
CUST11630,Neha Joshi,Fort Worth,TX,India
CUST11631,Rohit Sharma,Charlotte,NC,India
CUST11632,Karan Mehta,Indianapolis,IN,United Kingdom
CUST11633,Aditya Singh,New York,NY,India
CUST11634,Sunita Patel,Washington,DC,United Kingdom
CUST11635,Rohit Patel,San Francisco,CA,India
CUST11636,Priya Kumar,Denver,CO,Canada
CUST11637,Arjun Sharma,Dallas,TX,India
CUST11638,Arjun Mehta,Columbus,OH,Australia
CUST11639,Vivaan Mehta,San Jose,CA,Australia
CUST11640,Aditya Mehta,San Antonio,TX,India
CUST11641,Mohit Reddy,San Antonio,TX,India
CUST11642,Sunita Gupta,Denver,CO,United Kingdom
CUST11643,Sahil Verma,Washington,DC,Canada
CUST11644,Arjun Patel,San Francisco,CA,United Kingdom
CUST11645,Aman Singh,New York,NY,Canada
CUST11646,Simran Verma,New York,NY,India
CUST11647,Aditya Mehta,San Diego,CA,India
CUST11648,Vikas Verma,Seattle,WA,United Kingdom
CUST11649,Rohit Mehta,Denver,CO,Canada
CUST11650,Pooja Gupta,San Diego,CA,United Kingdom
CUST11651,Arjun Verma,Indianapolis,IN,India
CUST11652,Rohit Verma,Philadelphia,PA,India
CUST11653,Aditya Patel,Philadelphia,PA,India
CUST11654,Priya Kumar,Fort Worth,TX,Australia
CUST11655,Priya Kapoor,San Diego,CA,United Kingdom
CUST11656,Rohit Sharma,Austin,TX,Australia
CUST11657,Mohit Sharma,San Antonio,TX,Australia
CUST11658,Vivaan Mehta,Los Angeles,CA,India
CUST11659,Aditya Verma,Austin,TX,Australia
CUST11660,Vihaan Kapoor,San Jose,CA,Australia
CUST11661,Simran Patel,Houston,TX,Canada
CUST11662,Aditya Reddy,San Francisco,CA,India
CUST11663,Arjun Joshi,Fort Worth,TX,India
CUST11664,Simran Patel,Chicago,IL,United Kingdom
CUST11665,Ritika Kumar,Jacksonville,FL,Australia
CUST11666,Vivaan Sharma,Philadelphia,PA,India
CUST11667,Ritika Singh,San Jose,CA,United Kingdom
CUST11668,Anjali Verma,Washington,DC,United Kingdom
CUST11669,Vihaan Patel,Seattle,WA,United Kingdom
CUST11670,Vihaan Singh,Phoenix,AZ,Canada
CUST11671,Rohit Verma,Jacksonville,FL,India
CUST11672,Pooja Patel,Denver,CO,United Kingdom
CUST11673,Aman Joshi,Jacksonville,FL,Australia
CUST11674,Pooja Mehta,Seattle,WA,Canada
CUST11675,Sahil Verma,Washington,DC,United Kingdom
CUST11676,Rohit Sharma,Chicago,IL,India
CUST11677,Simran Patel,Chicago,IL,India
CUST11678,Aman Singh,Indianapolis,IN,United Kingdom
CUST11679,Priya Singh,San Diego,CA,India
CUST11680,Simran Verma,Los Angeles,CA,India
CUST11681,Pooja Reddy,Washington,DC,Australia
CUST11682,Vikas Singh,San Antonio,TX,United Kingdom
CUST11683,Anjali Reddy,New York,NY,Canada
CUST11684,Kabir Joshi,Jacksonville,FL,United Kingdom
CUST11685,Priya Verma,New York,NY,Australia
CUST11686,Aarav Singh,Jacksonville,FL,Australia
CUST11687,Priya Kapoor,Dallas,TX,Australia
CUST11688,Priya Joshi,Columbus,OH,India
CUST11689,Kabir Kumar,Jacksonville,FL,India
CUST11690,Neha Reddy,Columbus,OH,Canada
CUST11691,Sahil Joshi,Washington,DC,United Kingdom
CUST11692,Vikas Joshi,Indianapolis,IN,India
CUST11693,Vikas Gupta,San Diego,CA,United Kingdom
CUST11694,Vihaan Kumar,Fort Worth,TX,India
CUST11695,Karan Sharma,Chicago,IL,India
CUST11696,Aman Gupta,Charlotte,NC,United Kingdom
CUST11697,Neha Singh,Dallas,TX,United Kingdom
CUST11698,Sahil Verma,Jacksonville,FL,India
CUST11699,Vihaan Verma,Austin,TX,Canada
CUST11700,Vikas Singh,Jacksonville,FL,Canada
CUST11701,Mohit Sharma,Philadelphia,PA,Canada
CUST11702,Vihaan Kapoor,Fort Worth,TX,Canada
CUST11703,Simran Kapoor,Denver,CO,United Kingdom
CUST11704,Vihaan Verma,San Diego,CA,India
CUST11705,Aditya Kapoor,Houston,TX,India
CUST11706,Aditya Mehta,Philadelphia,PA,India
CUST11707,Sunita Joshi,Washington,DC,United Kingdom
CUST11708,Vivaan Sharma,Indianapolis,IN,Canada
CUST11709,Kabir Mehta,Columbus,OH,Australia
CUST11710,Neha Kapoor,Chicago,IL,United Kingdom
CUST11711,Arjun Mehta,San Jose,CA,India
CUST11712,Arjun Reddy,Chicago,IL,India
CUST11713,Karan Joshi,Houston,TX,Canada
CUST11714,Arjun Joshi,Seattle,WA,India
CUST11715,Vivaan Joshi,Dallas,TX,Australia
CUST11716,Arjun Joshi,Charlotte,NC,United Kingdom
CUST11717,Sunita Gupta,New York,NY,Canada
CUST11718,Rohit Mehta,Los Angeles,CA,Australia
CUST11719,Anjali Gupta,Jacksonville,FL,Australia
CUST11720,Kabir Gupta,Denver,CO,Canada
CUST11721,Aarav Mehta,Denver,CO,United States
CUST11722,Aman Mehta,Dallas,TX,Australia
CUST11723,Aarav Joshi,Jacksonville,FL,Australia
CUST11724,Anjali Joshi,Chicago,IL,India
CUST11725,Sunita Patel,Phoenix,AZ,Australia
CUST11726,Priya Mehta,Columbus,OH,Australia
CUST11727,Priya Joshi,Chicago,IL,Canada
CUST11728,Priya Verma,Jacksonville,FL,India
CUST11729,Anjali Patel,San Antonio,TX,India
CUST11730,Anjali Kapoor,Los Angeles,CA,Canada
CUST11731,Anjali Kumar,Phoenix,AZ,Australia
CUST11732,Arjun Gupta,San Francisco,CA,Canada
CUST11733,Sunita Mehta,Houston,TX,United Kingdom
CUST11734,Arjun Reddy,Austin,TX,United Kingdom
CUST11735,Pooja Verma,San Antonio,TX,India
CUST11736,Kabir Joshi,Washington,DC,India
CUST11737,Priya Kumar,Indianapolis,IN,India
CUST11738,Aditya Verma,Los Angeles,CA,Canada
CUST11739,Vivaan Joshi,Houston,TX,Australia
CUST11740,Simran Patel,San Francisco,CA,India
CUST11741,Simran Verma,Phoenix,AZ,Canada
CUST11742,Vikas Patel,San Diego,CA,United Kingdom
CUST11743,Neha Mehta,Houston,TX,United Kingdom
CUST11744,Aditya Sharma,Chicago,IL,India
CUST11745,Arjun Kapoor,Fort Worth,TX,Canada
CUST11746,Vivaan Kumar,New York,NY,United Kingdom
CUST11747,Priya Kapoor,Philadelphia,PA,Australia
CUST11748,Aditya Joshi,Los Angeles,CA,United Kingdom
CUST11749,Sunita Kumar,Phoenix,AZ,United Kingdom
CUST11750,Sneha Gupta,Chicago,IL,Canada
CUST11751,Vivaan Mehta,San Francisco,CA,Australia
CUST11752,Vivaan Mehta,San Jose,CA,India
CUST11753,Vikas Verma,Fort Worth,TX,Australia
CUST11754,Arjun Mehta,New York,NY,Australia
CUST11755,Mohit Mehta,San Francisco,CA,Australia
CUST11756,Karan Sharma,New York,NY,India
CUST11757,Priya Verma,Phoenix,AZ,United Kingdom
CUST11758,Arjun Kumar,Austin,TX,United Kingdom
CUST11759,Vikas Mehta,Denver,CO,Australia
CUST11760,Arjun Verma,Indianapolis,IN,United Kingdom
CUST11761,Sneha Singh,Indianapolis,IN,United States
CUST11762,Aman Kumar,San Francisco,CA,Australia
CUST11763,Arjun Reddy,San Diego,CA,Canada
CUST11764,Karan Reddy,San Jose,CA,Canada
CUST11765,Aditya Joshi,New York,NY,Australia
CUST11766,Mohit Kumar,Austin,TX,Canada
CUST11767,Priya Patel,Philadelphia,PA,United Kingdom
CUST11768,Aman Kapoor,San Jose,CA,Canada
CUST11769,Rohit Joshi,Dallas,TX,Canada
CUST11770,Mohit Singh,Houston,TX,Canada
CUST11771,Aditya Mehta,San Jose,CA,Australia
CUST11772,Rohit Kapoor,Charlotte,NC,India
CUST11773,Aditya Kumar,Phoenix,AZ,United Kingdom
CUST11774,Rohit Verma,Philadelphia,PA,United Kingdom
CUST11775,Vihaan Sharma,Denver,CO,India
CUST11776,Karan Mehta,New York,NY,United Kingdom
CUST11777,Kabir Kumar,Phoenix,AZ,India
CUST11778,Arjun Patel,San Diego,CA,United Kingdom
CUST11779,Simran Kapoor,Chicago,IL,India
CUST11780,Mohit Kapoor,Seattle,WA,United Kingdom
CUST11781,Vivaan Joshi,Houston,TX,India
CUST11782,Aman Reddy,Fort Worth,TX,India
CUST11783,Arjun Joshi,San Diego,CA,United Kingdom
CUST11784,Karan Joshi,Chicago,IL,United Kingdom
CUST11785,Rohit Patel,Houston,TX,Australia
CUST11786,Pooja Kapoor,Dallas,TX,Canada
CUST11787,Karan Singh,Jacksonville,FL,United Kingdom
CUST11788,Kabir Patel,Phoenix,AZ,United Kingdom
CUST11789,Sahil Kapoor,Austin,TX,United Kingdom
CUST11790,Aman Verma,San Jose,CA,India
CUST11791,Anjali Singh,Austin,TX,United Kingdom
CUST11792,Rohit Joshi,Phoenix,AZ,Australia
CUST11793,Mohit Joshi,Fort Worth,TX,United States
CUST11794,Vivaan Kumar,Seattle,WA,Australia
CUST11795,Aarav Gupta,Washington,DC,India
CUST11796,Sneha Kumar,Houston,TX,United Kingdom
CUST11797,Vihaan Gupta,New York,NY,United Kingdom
CUST11798,Mohit Kapoor,Philadelphia,PA,Canada
CUST11799,Karan Joshi,San Antonio,TX,United Kingdom
CUST11800,Priya Mehta,Houston,TX,Canada
CUST11801,Neha Sharma,Los Angeles,CA,Canada
CUST11802,Vihaan Reddy,Charlotte,NC,United Kingdom
CUST11803,Arjun Kumar,Indianapolis,IN,Australia
CUST11804,Priya Patel,Columbus,OH,United Kingdom
CUST11805,Rohit Kapoor,Jacksonville,FL,United Kingdom
CUST11806,Vivaan Reddy,Denver,CO,India
CUST11807,Sneha Kumar,Austin,TX,India
CUST11808,Mohit Verma,Fort Worth,TX,India
CUST11809,Rohit Patel,Denver,CO,Australia
CUST11810,Pooja Verma,Houston,TX,United Kingdom
CUST11811,Kabir Reddy,Chicago,IL,India
CUST11812,Vihaan Patel,Austin,TX,India
CUST11813,Kabir Kumar,Los Angeles,CA,United Kingdom
CUST11814,Sunita Verma,Dallas,TX,United Kingdom
CUST11815,Priya Reddy,Philadelphia,PA,United Kingdom
CUST11816,Priya Joshi,Austin,TX,India
CUST11817,Karan Gupta,Houston,TX,Canada
CUST11818,Simran Kumar,Indianapolis,IN,Australia
CUST11819,Vihaan Patel,Chicago,IL,Australia
CUST11820,Pooja Mehta,Chicago,IL,Australia
CUST11821,Vivaan Verma,Houston,TX,Australia
CUST11822,Kabir Patel,New York,NY,Canada
CUST11823,Karan Reddy,Phoenix,AZ,United Kingdom
CUST11824,Aarav Kapoor,San Diego,CA,India
CUST11825,Vihaan Singh,Dallas,TX,Australia
CUST11826,Neha Sharma,Los Angeles,CA,United Kingdom
CUST11827,Vikas Patel,New York,NY,Canada
CUST11828,Aman Verma,Washington,DC,United Kingdom
CUST11829,Aarav Joshi,Charlotte,NC,United Kingdom
CUST11830,Ritika Sharma,Houston,TX,India
CUST11831,Aditya Sharma,Indianapolis,IN,Australia
CUST11832,Sunita Kumar,Indianapolis,IN,United Kingdom
CUST11833,Vivaan Patel,Seattle,WA,United Kingdom
CUST11834,Pooja Kapoor,Columbus,OH,India
CUST11835,Sneha Kumar,New York,NY,India
CUST11836,Sahil Sharma,New York,NY,India
CUST11837,Vikas Patel,Seattle,WA,Australia
CUST11838,Arjun Reddy,San Diego,CA,United Kingdom
CUST11839,Rohit Kumar,San Antonio,TX,India
CUST11840,Vihaan Kumar,Chicago,IL,India
CUST11841,Aarav Gupta,Indianapolis,IN,United Kingdom
CUST11842,Vikas Joshi,New York,NY,Canada
CUST11843,Pooja Patel,Chicago,IL,Australia
CUST11844,Priya Kapoor,Chicago,IL,Canada
CUST11845,Ritika Verma,San Jose,CA,Australia
CUST11846,Anjali Singh,Columbus,OH,Australia
CUST11847,Neha Reddy,Phoenix,AZ,India
CUST11848,Mohit Verma,Indianapolis,IN,Australia
CUST11849,Aarav Sharma,Seattle,WA,Canada
CUST11850,Mohit Joshi,San Antonio,TX,India
CUST11851,Anjali Sharma,Charlotte,NC,Canada
CUST11852,Aarav Mehta,Washington,DC,Canada
CUST11853,Pooja Singh,Indianapolis,IN,Canada
CUST11854,Priya Patel,Indianapolis,IN,Canada
CUST11855,Rohit Patel,Phoenix,AZ,India
CUST11856,Aman Sharma,San Francisco,CA,Canada
CUST11857,Aman Kapoor,Indianapolis,IN,India
CUST11858,Anjali Kapoor,Seattle,WA,United Kingdom
CUST11859,Mohit Verma,Fort Worth,TX,United Kingdom
CUST11860,Karan Sharma,Fort Worth,TX,Canada
CUST11861,Mohit Sharma,Houston,TX,United Kingdom
CUST11862,Neha Gupta,Washington,DC,Canada
CUST11863,Rohit Singh,Philadelphia,PA,Canada
CUST11864,Ritika Joshi,Charlotte,NC,Australia
CUST11865,Vihaan Singh,Phoenix,AZ,United Kingdom
CUST11866,Sahil Kapoor,Houston,TX,United Kingdom
CUST11867,Sahil Sharma,Fort Worth,TX,Australia
CUST11868,Sahil Mehta,Charlotte,NC,Canada
CUST11869,Aarav Sharma,Indianapolis,IN,Australia
CUST11870,Sneha Verma,San Francisco,CA,Australia
CUST11871,Vikas Gupta,San Antonio,TX,Canada
CUST11872,Priya Reddy,Chicago,IL,India
CUST11873,Vihaan Joshi,Indianapolis,IN,Canada
CUST11874,Karan Kapoor,Charlotte,NC,United Kingdom
CUST11875,Aman Patel,San Jose,CA,Canada
CUST11876,Arjun Patel,Denver,CO,Australia
CUST11877,Neha Kumar,Denver,CO,India
CUST11878,Vihaan Joshi,Houston,TX,Australia
CUST11879,Priya Joshi,Charlotte,NC,Australia
CUST11880,Vihaan Verma,Seattle,WA,Canada
CUST11881,Sneha Kapoor,Jacksonville,FL,United Kingdom
CUST11882,Rohit Verma,Houston,TX,Canada
CUST11883,Simran Mehta,Charlotte,NC,Canada
CUST11884,Ritika Joshi,San Antonio,TX,India
CUST11885,Arjun Verma,San Francisco,CA,United Kingdom
CUST11886,Rohit Verma,Austin,TX,India
CUST11887,Pooja Gupta,Columbus,OH,Australia
CUST11888,Neha Kapoor,Jacksonville,FL,India
CUST11889,Simran Patel,Los Angeles,CA,Canada
CUST11890,Aarav Reddy,San Antonio,TX,Australia
CUST11891,Rohit Sharma,Fort Worth,TX,India
CUST11892,Aman Reddy,Phoenix,AZ,India
CUST11893,Karan Kumar,Columbus,OH,Canada
CUST11894,Mohit Kumar,Chicago,IL,Canada
CUST11895,Mohit Verma,Indianapolis,IN,Canada
CUST11896,Kabir Patel,Washington,DC,India
CUST11897,Ritika Mehta,Los Angeles,CA,Australia
CUST11898,Aman Sharma,Philadelphia,PA,India
CUST11899,Vihaan Sharma,Los Angeles,CA,India
CUST11900,Anjali Kapoor,Los Angeles,CA,India
CUST11901,Sahil Reddy,Houston,TX,India
CUST11902,Sneha Reddy,Jacksonville,FL,Australia
CUST11903,Karan Sharma,Seattle,WA,United Kingdom
CUST11904,Karan Joshi,Austin,TX,Australia
CUST11905,Anjali Gupta,San Antonio,TX,United Kingdom
CUST11906,Sneha Kumar,Charlotte,NC,India
CUST11907,Sahil Mehta,Chicago,IL,United Kingdom
CUST11908,Arjun Gupta,Indianapolis,IN,India
CUST11909,Simran Gupta,San Diego,CA,Canada
CUST11910,Arjun Mehta,Charlotte,NC,Canada
CUST11911,Karan Kumar,Chicago,IL,Canada
CUST11912,Pooja Patel,Phoenix,AZ,India
CUST11913,Sahil Kapoor,Houston,TX,Canada
CUST11914,Aarav Kapoor,Indianapolis,IN,United Kingdom
CUST11915,Kabir Sharma,San Jose,CA,Australia
CUST11916,Sahil Reddy,Austin,TX,Australia
CUST11917,Sahil Mehta,Columbus,OH,Canada
CUST11918,Sunita Reddy,San Diego,CA,Australia
CUST11919,Aman Sharma,Charlotte,NC,Canada
CUST11920,Aarav Patel,San Francisco,CA,Australia
CUST11921,Aarav Gupta,Seattle,WA,India
CUST11922,Anjali Verma,Charlotte,NC,United Kingdom
CUST11923,Vihaan Kapoor,Philadelphia,PA,Canada
CUST11924,Aman Reddy,Washington,DC,Australia
CUST11925,Aarav Singh,Houston,TX,Canada
CUST11926,Ritika Reddy,Washington,DC,Canada
CUST11927,Karan Kapoor,Phoenix,AZ,United Kingdom
CUST11928,Sahil Joshi,Jacksonville,FL,Australia
CUST11929,Neha Sharma,Washington,DC,United States
CUST11930,Ritika Kapoor,Denver,CO,Australia
CUST11931,Sunita Verma,San Francisco,CA,Canada
CUST11932,Sunita Kapoor,Jacksonville,FL,India
CUST11933,Mohit Kumar,San Antonio,TX,Canada
CUST11934,Priya Gupta,Houston,TX,United Kingdom
CUST11935,Pooja Patel,Jacksonville,FL,Australia
CUST11936,Vikas Verma,San Antonio,TX,United Kingdom
CUST11937,Arjun Kapoor,Fort Worth,TX,United Kingdom
CUST11938,Kabir Patel,San Francisco,CA,Canada
CUST11939,Vihaan Mehta,Indianapolis,IN,Canada
CUST11940,Simran Mehta,Houston,TX,India
CUST11941,Karan Sharma,Dallas,TX,Australia
CUST11942,Ritika Gupta,San Jose,CA,India
CUST11943,Neha Verma,San Jose,CA,Canada
CUST11944,Sunita Gupta,Washington,DC,India
CUST11945,Arjun Kapoor,Philadelphia,PA,Australia
CUST11946,Karan Gupta,New York,NY,United Kingdom
CUST11947,Neha Sharma,Los Angeles,CA,India
CUST11948,Vivaan Mehta,New York,NY,Australia
CUST11949,Vivaan Kapoor,Indianapolis,IN,United Kingdom
CUST11950,Arjun Reddy,San Diego,CA,India
CUST11951,Aditya Singh,Phoenix,AZ,India
CUST11952,Mohit Mehta,Dallas,TX,Canada
CUST11953,Vihaan Joshi,Charlotte,NC,Australia
CUST11954,Simran Gupta,San Francisco,CA,United Kingdom
CUST11955,Pooja Kumar,Houston,TX,United States
CUST11956,Neha Verma,San Antonio,TX,United Kingdom
CUST11957,Sneha Sharma,Seattle,WA,United Kingdom
CUST11958,Pooja Kapoor,Denver,CO,United Kingdom
CUST11959,Karan Verma,Washington,DC,Australia
CUST11960,Vihaan Joshi,Seattle,WA,United Kingdom
CUST11961,Neha Singh,Columbus,OH,Canada
CUST11962,Karan Joshi,Jacksonville,FL,Canada
CUST11963,Priya Kumar,Houston,TX,Canada
CUST11964,Sunita Patel,Los Angeles,CA,Canada
CUST11965,Vikas Mehta,Denver,CO,United Kingdom
CUST11966,Priya Patel,Jacksonville,FL,Australia
CUST11967,Aman Singh,Austin,TX,India
CUST11968,Anjali Singh,Chicago,IL,Canada
CUST11969,Kabir Mehta,Columbus,OH,India
CUST11970,Neha Reddy,Washington,DC,Canada
CUST11971,Vivaan Singh,San Diego,CA,India
CUST11972,Ritika Verma,Fort Worth,TX,United Kingdom
CUST11973,Neha Patel,San Antonio,TX,United Kingdom
CUST11974,Neha Gupta,Philadelphia,PA,Canada
CUST11975,Vivaan Verma,San Diego,CA,United Kingdom
CUST11976,Vikas Verma,Los Angeles,CA,Canada
CUST11977,Simran Mehta,San Francisco,CA,Australia
CUST11978,Neha Verma,Phoenix,AZ,India
CUST11979,Aditya Kumar,San Francisco,CA,Canada
CUST11980,Sahil Verma,Los Angeles,CA,India
CUST11981,Pooja Patel,Jacksonville,FL,Canada
CUST11982,Simran Kapoor,Washington,DC,India
CUST11983,Kabir Singh,Los Angeles,CA,India
CUST11984,Kabir Singh,Jacksonville,FL,Australia
CUST11985,Neha Singh,San Jose,CA,United Kingdom
CUST11986,Neha Reddy,Indianapolis,IN,Canada
CUST11987,Mohit Kapoor,San Diego,CA,Australia
CUST11988,Rohit Kumar,Philadelphia,PA,United Kingdom
CUST11989,Aarav Kapoor,Dallas,TX,United Kingdom
CUST11990,Aman Verma,San Diego,CA,India
CUST11991,Aman Gupta,Washington,DC,Canada
CUST11992,Vivaan Kumar,Austin,TX,Australia
CUST11993,Sunita Kumar,Washington,DC,United Kingdom
CUST11994,Aarav Mehta,Chicago,IL,Australia
CUST11995,Simran Kumar,San Francisco,CA,United Kingdom
CUST11996,Pooja Singh,Dallas,TX,India
CUST11997,Arjun Singh,Chicago,IL,Australia
CUST11998,Pooja Sharma,Jacksonville,FL,United Kingdom
CUST11999,Pooja Patel,New York,NY,Canada
CUST12000,Aditya Kumar,Chicago,IL,Australia
CUST12001,Vivaan Kumar,San Antonio,TX,Australia
CUST12002,Sahil Gupta,Charlotte,NC,Australia
CUST12003,Sneha Kumar,Houston,TX,Australia
CUST12004,Vivaan Sharma,Fort Worth,TX,Canada
CUST12005,Priya Gupta,Dallas,TX,Canada
CUST12006,Arjun Sharma,Indianapolis,IN,United Kingdom
CUST12007,Mohit Kapoor,Austin,TX,Canada
CUST12008,Ritika Gupta,Washington,DC,Australia
CUST12009,Mohit Reddy,San Francisco,CA,Australia
CUST12010,Arjun Verma,Washington,DC,India
CUST12011,Arjun Singh,Dallas,TX,Australia
CUST12012,Karan Patel,Denver,CO,India
CUST12013,Arjun Joshi,Washington,DC,Canada
CUST12014,Kabir Singh,San Jose,CA,Australia
CUST12015,Sunita Sharma,Fort Worth,TX,India
CUST12016,Aarav Mehta,Indianapolis,IN,Australia
CUST12017,Sunita Kapoor,Austin,TX,Canada
CUST12018,Aarav Sharma,Austin,TX,India
CUST12019,Sahil Reddy,Washington,DC,Canada
CUST12020,Sahil Kapoor,Seattle,WA,United Kingdom
CUST12021,Vivaan Mehta,New York,NY,United Kingdom
CUST12022,Rohit Kapoor,Washington,DC,Australia
CUST12023,Simran Reddy,Columbus,OH,India
CUST12024,Vikas Patel,Dallas,TX,United Kingdom
CUST12025,Sahil Joshi,San Jose,CA,United Kingdom
CUST12026,Pooja Patel,Seattle,WA,Canada
CUST12027,Arjun Patel,Dallas,TX,Canada
CUST12028,Ritika Gupta,Washington,DC,United Kingdom
CUST12029,Neha Verma,Chicago,IL,India
CUST12030,Priya Patel,San Jose,CA,United Kingdom
CUST12031,Sneha Sharma,Philadelphia,PA,India
CUST12032,Kabir Joshi,Philadelphia,PA,United Kingdom
CUST12033,Pooja Gupta,Seattle,WA,Australia
CUST12034,Priya Gupta,Philadelphia,PA,United Kingdom
CUST12035,Arjun Patel,Seattle,WA,United Kingdom
CUST12036,Sneha Reddy,Jacksonville,FL,United Kingdom
CUST12037,Vivaan Mehta,Houston,TX,Australia
CUST12038,Vihaan Sharma,San Antonio,TX,India
CUST12039,Vihaan Mehta,San Jose,CA,United Kingdom
CUST12040,Kabir Sharma,Dallas,TX,India
CUST12041,Neha Kumar,Denver,CO,Canada
CUST12042,Sneha Reddy,New York,NY,Australia
CUST12043,Mohit Sharma,Houston,TX,Australia
CUST12044,Aman Kapoor,Columbus,OH,Canada
CUST12045,Simran Kapoor,San Diego,CA,India
CUST12046,Vihaan Sharma,Chicago,IL,Canada
CUST12047,Sneha Reddy,New York,NY,United Kingdom
CUST12048,Mohit Singh,Phoenix,AZ,India
CUST12049,Aman Gupta,New York,NY,Australia
CUST12050,Vikas Joshi,Washington,DC,Canada
CUST12051,Aarav Patel,Jacksonville,FL,Australia
CUST12052,Mohit Patel,Fort Worth,TX,United Kingdom
CUST12053,Ritika Sharma,San Diego,CA,Australia
CUST12054,Sneha Kapoor,Charlotte,NC,India
CUST12055,Anjali Reddy,San Francisco,CA,Australia
CUST12056,Sneha Gupta,Los Angeles,CA,Canada
CUST12057,Ritika Patel,Indianapolis,IN,United Kingdom
CUST12058,Aarav Gupta,Austin,TX,United Kingdom
CUST12059,Aman Reddy,Chicago,IL,India
CUST12060,Mohit Patel,San Diego,CA,Australia
CUST12061,Kabir Reddy,San Diego,CA,United Kingdom
CUST12062,Aman Kapoor,Washington,DC,Canada
CUST12063,Simran Reddy,Jacksonville,FL,India
CUST12064,Aarav Singh,Chicago,IL,Canada
CUST12065,Anjali Sharma,Dallas,TX,Canada
CUST12066,Aman Joshi,San Jose,CA,Australia
CUST12067,Ritika Patel,Philadelphia,PA,Canada
CUST12068,Vivaan Kapoor,San Antonio,TX,United Kingdom
CUST12069,Ritika Kumar,San Antonio,TX,United Kingdom
CUST12070,Kabir Verma,Columbus,OH,United Kingdom
CUST12071,Ritika Gupta,Philadelphia,PA,Australia
CUST12072,Sahil Sharma,Jacksonville,FL,Australia
CUST12073,Vivaan Kapoor,Philadelphia,PA,Australia
CUST12074,Anjali Reddy,New York,NY,United Kingdom
CUST12075,Vivaan Mehta,Indianapolis,IN,Australia
CUST12076,Arjun Sharma,San Antonio,TX,India
CUST12077,Vihaan Verma,Seattle,WA,United Kingdom
CUST12078,Sneha Sharma,Fort Worth,TX,Canada
CUST12079,Karan Gupta,Fort Worth,TX,Canada
CUST12080,Anjali Mehta,Seattle,WA,Australia
CUST12081,Vikas Patel,Chicago,IL,India
CUST12082,Sunita Kapoor,Houston,TX,United Kingdom
CUST12083,Ritika Sharma,Los Angeles,CA,Canada
CUST12084,Pooja Patel,Jacksonville,FL,United Kingdom
CUST12085,Arjun Gupta,Charlotte,NC,Australia
CUST12086,Simran Sharma,Philadelphia,PA,Canada
CUST12087,Pooja Kapoor,San Francisco,CA,India
CUST12088,Aarav Sharma,Los Angeles,CA,India
CUST12089,Sahil Sharma,San Diego,CA,Canada
CUST12090,Aman Kapoor,New York,NY,India
CUST12091,Vikas Verma,Houston,TX,India
CUST12092,Mohit Verma,Dallas,TX,Canada
CUST12093,Rohit Joshi,Austin,TX,Canada
CUST12094,Sneha Singh,Washington,DC,Canada
CUST12095,Ritika Kumar,Columbus,OH,United Kingdom
CUST12096,Priya Kumar,Washington,DC,India
CUST12097,Vivaan Patel,Los Angeles,CA,India
CUST12098,Vivaan Joshi,Los Angeles,CA,Australia
CUST12099,Aditya Patel,New York,NY,United Kingdom
CUST12100,Aarav Verma,San Francisco,CA,Canada
CUST12101,Ritika Verma,Washington,DC,United Kingdom
CUST12102,Aman Singh,New York,NY,India
CUST12103,Aditya Kumar,Columbus,OH,India
CUST12104,Mohit Kapoor,New York,NY,United Kingdom
CUST12105,Vivaan Joshi,Denver,CO,Canada
CUST12106,Ritika Kapoor,Los Angeles,CA,United Kingdom
CUST12107,Vivaan Kapoor,San Francisco,CA,Australia
CUST12108,Sahil Patel,Washington,DC,Canada
CUST12109,Pooja Reddy,Jacksonville,FL,Canada
CUST12110,Vihaan Reddy,Los Angeles,CA,Canada
CUST12111,Priya Singh,Fort Worth,TX,India
CUST12112,Anjali Verma,New York,NY,Canada
CUST12113,Vivaan Sharma,Houston,TX,Canada
CUST12114,Priya Reddy,Seattle,WA,United Kingdom
CUST12115,Ritika Joshi,Charlotte,NC,India
CUST12116,Pooja Verma,San Antonio,TX,Canada
CUST12117,Vivaan Mehta,Indianapolis,IN,Canada
CUST12118,Anjali Reddy,Fort Worth,TX,India
CUST12119,Sneha Reddy,Columbus,OH,India
CUST12120,Vihaan Patel,Charlotte,NC,Australia
CUST12121,Karan Reddy,San Diego,CA,Canada
CUST12122,Karan Kapoor,Fort Worth,TX,India
CUST12123,Neha Singh,Columbus,OH,Australia
CUST12124,Aman Singh,Chicago,IL,United Kingdom
CUST12125,Neha Patel,Los Angeles,CA,Canada
CUST12126,Vihaan Kapoor,Dallas,TX,Canada
CUST12127,Sunita Sharma,Phoenix,AZ,Australia
CUST12128,Simran Gupta,Indianapolis,IN,Australia
CUST12129,Vikas Reddy,Philadelphia,PA,Canada
CUST12130,Ritika Kapoor,Columbus,OH,United Kingdom
CUST12131,Neha Kapoor,New York,NY,Canada
CUST12132,Simran Patel,Fort Worth,TX,United Kingdom
CUST12133,Mohit Kapoor,Columbus,OH,Canada
CUST12134,Arjun Joshi,Indianapolis,IN,India
CUST12135,Ritika Mehta,Indianapolis,IN,India
CUST12136,Ritika Sharma,Austin,TX,India
CUST12137,Aarav Gupta,Washington,DC,United Kingdom
CUST12138,Ritika Joshi,Houston,TX,India
CUST12139,Aman Patel,New York,NY,India
CUST12140,Sunita Patel,San Francisco,CA,Australia
CUST12141,Aarav Kumar,Dallas,TX,Canada
CUST12142,Kabir Mehta,Washington,DC,Canada
CUST12143,Vihaan Reddy,Washington,DC,Australia
CUST12144,Ritika Gupta,San Diego,CA,India
CUST12145,Mohit Kumar,Philadelphia,PA,United Kingdom
CUST12146,Aman Singh,Seattle,WA,Canada
CUST12147,Vivaan Singh,Seattle,WA,Australia
CUST12148,Aditya Patel,Denver,CO,India
CUST12149,Priya Kumar,Fort Worth,TX,India
CUST12150,Aarav Gupta,Columbus,OH,Australia
CUST12151,Karan Sharma,Los Angeles,CA,Australia
CUST12152,Aditya Joshi,Denver,CO,United Kingdom
CUST12153,Anjali Verma,San Francisco,CA,India
CUST12154,Aarav Mehta,Jacksonville,FL,United Kingdom
CUST12155,Anjali Mehta,Charlotte,NC,Canada
CUST12156,Mohit Mehta,San Diego,CA,United Kingdom
CUST12157,Priya Reddy,Chicago,IL,United Kingdom
CUST12158,Sunita Joshi,San Diego,CA,India
CUST12159,Arjun Kumar,Austin,TX,Canada
CUST12160,Vihaan Gupta,Seattle,WA,United Kingdom
CUST12161,Kabir Sharma,Charlotte,NC,Canada
CUST12162,Aarav Kumar,Charlotte,NC,Australia
CUST12163,Sunita Gupta,San Antonio,TX,India
CUST12164,Rohit Sharma,Houston,TX,Canada
CUST12165,Ritika Patel,Fort Worth,TX,United Kingdom
CUST12166,Neha Kapoor,San Francisco,CA,India
CUST12167,Kabir Reddy,Columbus,OH,Canada
CUST12168,Aman Patel,Jacksonville,FL,United Kingdom
CUST12169,Simran Patel,Fort Worth,TX,Canada
CUST12170,Aditya Singh,Los Angeles,CA,Canada
CUST12171,Ritika Mehta,Los Angeles,CA,Canada
CUST12172,Kabir Sharma,Columbus,OH,Australia
CUST12173,Ritika Gupta,Houston,TX,Australia
CUST12174,Aditya Patel,Philadelphia,PA,Canada
CUST12175,Vikas Verma,Indianapolis,IN,Canada
CUST12176,Vikas Kumar,Washington,DC,Australia
CUST12177,Ritika Joshi,Austin,TX,Canada
CUST12178,Vihaan Verma,Washington,DC,Canada
CUST12179,Anjali Kumar,Dallas,TX,Canada
CUST12180,Karan Patel,Seattle,WA,United Kingdom
CUST12181,Neha Gupta,Dallas,TX,Canada
CUST12182,Sahil Gupta,Chicago,IL,India
CUST12183,Kabir Patel,Charlotte,NC,Canada
CUST12184,Simran Kapoor,Denver,CO,Australia
CUST12185,Sunita Kapoor,Jacksonville,FL,Canada
CUST12186,Kabir Singh,Philadelphia,PA,Australia
CUST12187,Pooja Gupta,Austin,TX,Canada
CUST12188,Aditya Reddy,Fort Worth,TX,United Kingdom
CUST12189,Anjali Patel,Denver,CO,Australia
CUST12190,Sunita Mehta,Fort Worth,TX,Australia
CUST12191,Aarav Gupta,Houston,TX,Australia
CUST12192,Pooja Singh,Fort Worth,TX,India
CUST12193,Vihaan Reddy,Philadelphia,PA,India
CUST12194,Sneha Gupta,Austin,TX,India
CUST12195,Rohit Singh,Philadelphia,PA,Australia
CUST12196,Aman Sharma,Houston,TX,United Kingdom
CUST12197,Kabir Kapoor,San Diego,CA,Canada
CUST12198,Sunita Kumar,Denver,CO,Canada
CUST12199,Aarav Joshi,Austin,TX,India
CUST12200,Aarav Mehta,San Francisco,CA,Australia
CUST12201,Sahil Patel,Chicago,IL,Australia
CUST12202,Vihaan Reddy,Jacksonville,FL,United Kingdom
CUST12203,Mohit Kumar,Phoenix,AZ,Canada
CUST12204,Ritika Sharma,San Francisco,CA,Australia
CUST12205,Vikas Sharma,Houston,TX,Australia
CUST12206,Vivaan Mehta,Philadelphia,PA,United Kingdom
CUST12207,Anjali Mehta,New York,NY,India
CUST12208,Ritika Mehta,Phoenix,AZ,Australia
CUST12209,Priya Kumar,New York,NY,Canada
CUST12210,Vikas Kumar,Houston,TX,India
CUST12211,Anjali Singh,Philadelphia,PA,United Kingdom
CUST12212,Ritika Kumar,Indianapolis,IN,Australia
CUST12213,Neha Patel,Houston,TX,Canada
CUST12214,Rohit Gupta,Washington,DC,Canada
CUST12215,Mohit Kumar,Phoenix,AZ,Australia
CUST12216,Karan Gupta,Jacksonville,FL,Australia
CUST12217,Sunita Reddy,Houston,TX,United Kingdom
CUST12218,Sunita Verma,Denver,CO,Canada
CUST12219,Anjali Verma,Fort Worth,TX,United Kingdom
CUST12220,Neha Sharma,Chicago,IL,Canada
CUST12221,Sneha Kumar,San Diego,CA,Australia
CUST12222,Vivaan Kapoor,Washington,DC,United Kingdom
CUST12223,Priya Kumar,San Jose,CA,India
CUST12224,Neha Patel,San Jose,CA,Canada
CUST12225,Aarav Sharma,Indianapolis,IN,United Kingdom
CUST12226,Mohit Mehta,San Francisco,CA,Canada
CUST12227,Arjun Sharma,San Jose,CA,Australia
CUST12228,Arjun Patel,Fort Worth,TX,United Kingdom
CUST12229,Kabir Sharma,Houston,TX,United Kingdom
CUST12230,Sunita Verma,Columbus,OH,United Kingdom
CUST12231,Karan Gupta,Charlotte,NC,Australia
CUST12232,Aarav Joshi,Columbus,OH,India
CUST12233,Vivaan Mehta,San Diego,CA,India
CUST12234,Mohit Kapoor,Austin,TX,United Kingdom
CUST12235,Sneha Sharma,Seattle,WA,Australia
CUST12236,Rohit Reddy,Denver,CO,Australia
CUST12237,Ritika Joshi,Philadelphia,PA,Australia
CUST12238,Sunita Kapoor,San Diego,CA,Canada
CUST12239,Vivaan Verma,Phoenix,AZ,India
CUST12240,Aditya Sharma,San Francisco,CA,India
CUST12241,Neha Kapoor,Phoenix,AZ,United Kingdom
CUST12242,Aditya Kapoor,San Francisco,CA,United Kingdom
CUST12243,Karan Sharma,Chicago,IL,Canada
CUST12244,Karan Singh,Jacksonville,FL,Canada
CUST12245,Karan Gupta,Washington,DC,United Kingdom
CUST12246,Karan Verma,Denver,CO,India
CUST12247,Sunita Verma,Chicago,IL,United Kingdom
CUST12248,Anjali Sharma,Charlotte,NC,India
CUST12249,Ritika Reddy,San Diego,CA,India
CUST12250,Sahil Kumar,Dallas,TX,Australia
CUST12251,Aman Gupta,Columbus,OH,United Kingdom
CUST12252,Mohit Reddy,Indianapolis,IN,United Kingdom
CUST12253,Rohit Verma,San Diego,CA,Canada
CUST12254,Neha Gupta,San Francisco,CA,India
CUST12255,Sunita Reddy,Los Angeles,CA,Australia
CUST12256,Kabir Joshi,Dallas,TX,India
CUST12257,Simran Sharma,Seattle,WA,India
CUST12258,Kabir Singh,Jacksonville,FL,Canada
CUST12259,Simran Reddy,Phoenix,AZ,Australia
CUST12260,Sahil Kapoor,Philadelphia,PA,United Kingdom
CUST12261,Sahil Kapoor,Indianapolis,IN,United Kingdom
CUST12262,Sahil Verma,San Jose,CA,Canada
CUST12263,Rohit Mehta,Dallas,TX,India
CUST12264,Vikas Verma,Chicago,IL,India
CUST12265,Anjali Mehta,San Antonio,TX,Australia
CUST12266,Rohit Gupta,Columbus,OH,Canada
CUST12267,Mohit Gupta,Washington,DC,India
CUST12268,Arjun Singh,Indianapolis,IN,United Kingdom
CUST12269,Sahil Verma,Philadelphia,PA,Canada
CUST12270,Priya Kapoor,Columbus,OH,United Kingdom
CUST12271,Karan Patel,Dallas,TX,Australia
CUST12272,Aarav Verma,Dallas,TX,Canada
CUST12273,Kabir Patel,San Diego,CA,India
CUST12274,Sneha Patel,Chicago,IL,Australia
CUST12275,Aman Patel,Washington,DC,United Kingdom
CUST12276,Sunita Kumar,New York,NY,India
CUST12277,Sahil Patel,Phoenix,AZ,United Kingdom
CUST12278,Rohit Reddy,Columbus,OH,United Kingdom
CUST12279,Priya Sharma,Fort Worth,TX,Australia
CUST12280,Mohit Reddy,San Diego,CA,India
CUST12281,Anjali Joshi,Washington,DC,Canada
CUST12282,Sunita Patel,Dallas,TX,United Kingdom
CUST12283,Sunita Kapoor,Los Angeles,CA,India
CUST12284,Vivaan Gupta,San Diego,CA,India
CUST12285,Vikas Gupta,Washington,DC,Canada
CUST12286,Neha Mehta,Charlotte,NC,United Kingdom
CUST12287,Neha Verma,Houston,TX,Canada
CUST12288,Aditya Reddy,Philadelphia,PA,India
CUST12289,Karan Kapoor,San Jose,CA,United Kingdom
CUST12290,Simran Patel,Washington,DC,India
CUST12291,Simran Patel,Jacksonville,FL,India
CUST12292,Ritika Kumar,San Antonio,TX,Australia
CUST12293,Pooja Kapoor,Jacksonville,FL,Canada
CUST12294,Neha Kapoor,Phoenix,AZ,India
CUST12295,Rohit Gupta,San Francisco,CA,Canada
CUST12296,Vivaan Verma,San Diego,CA,Australia
CUST12297,Neha Gupta,Phoenix,AZ,Australia
CUST12298,Pooja Joshi,Jacksonville,FL,United Kingdom
CUST12299,Neha Patel,Charlotte,NC,United Kingdom
CUST12300,Sneha Verma,San Diego,CA,India
CUST12301,Anjali Patel,Jacksonville,FL,India
CUST12302,Karan Verma,Jacksonville,FL,United Kingdom
CUST12303,Vikas Kumar,Dallas,TX,India
CUST12304,Sunita Patel,Philadelphia,PA,United Kingdom
CUST12305,Ritika Patel,Houston,TX,Australia
CUST12306,Anjali Gupta,Charlotte,NC,United Kingdom
CUST12307,Neha Singh,Denver,CO,United Kingdom
CUST12308,Arjun Reddy,Washington,DC,Australia
CUST12309,Aman Mehta,San Francisco,CA,India
CUST12310,Sneha Mehta,Phoenix,AZ,India
CUST12311,Vikas Joshi,Phoenix,AZ,Canada
CUST12312,Simran Verma,Jacksonville,FL,United Kingdom
CUST12313,Sneha Patel,San Diego,CA,United Kingdom
CUST12314,Vihaan Joshi,Chicago,IL,India
CUST12315,Kabir Mehta,Dallas,TX,United Kingdom
CUST12316,Karan Reddy,San Francisco,CA,India
CUST12317,Pooja Reddy,Houston,TX,Australia
CUST12318,Simran Kumar,Houston,TX,India
CUST12319,Arjun Sharma,Denver,CO,Canada
CUST12320,Aarav Joshi,Seattle,WA,United Kingdom
CUST12321,Sneha Gupta,Jacksonville,FL,India
CUST12322,Vivaan Reddy,Washington,DC,Canada
CUST12323,Rohit Joshi,Chicago,IL,Australia
CUST12324,Aman Reddy,Seattle,WA,India
CUST12325,Aman Joshi,Jacksonville,FL,United Kingdom
CUST12326,Simran Mehta,Washington,DC,United Kingdom
CUST12327,Neha Joshi,Philadelphia,PA,United Kingdom
CUST12328,Kabir Singh,Philadelphia,PA,India
CUST12329,Anjali Verma,Jacksonville,FL,Canada
CUST12330,Aditya Verma,San Diego,CA,Canada
CUST12331,Pooja Mehta,San Jose,CA,Australia
CUST12332,Aarav Patel,Columbus,OH,United Kingdom
CUST12333,Aditya Kapoor,Jacksonville,FL,United Kingdom
CUST12334,Karan Sharma,Chicago,IL,Australia
CUST12335,Sneha Patel,San Francisco,CA,United Kingdom
CUST12336,Sahil Patel,San Francisco,CA,Australia
CUST12337,Sahil Sharma,Houston,TX,United Kingdom
CUST12338,Mohit Joshi,San Jose,CA,United Kingdom
CUST12339,Aarav Sharma,Houston,TX,Australia
CUST12340,Sneha Verma,San Diego,CA,Canada
CUST12341,Aarav Verma,San Jose,CA,United Kingdom
CUST12342,Aditya Patel,San Francisco,CA,United Kingdom
CUST12343,Mohit Kapoor,San Jose,CA,Canada
CUST12344,Anjali Sharma,Charlotte,NC,Australia
CUST12345,Aditya Sharma,Austin,TX,Australia
CUST12346,Kabir Joshi,Seattle,WA,United Kingdom
CUST12347,Arjun Reddy,Denver,CO,India
CUST12348,Sahil Kumar,San Francisco,CA,United Kingdom
CUST12349,Rohit Verma,Dallas,TX,Canada
CUST12350,Ritika Verma,Austin,TX,Canada
CUST12351,Aman Kapoor,Philadelphia,PA,Canada
CUST12352,Sunita Sharma,San Antonio,TX,Australia
CUST12353,Sunita Joshi,San Francisco,CA,Australia
CUST12354,Sneha Reddy,San Diego,CA,India
CUST12355,Neha Verma,Fort Worth,TX,Canada
CUST12356,Vihaan Joshi,Seattle,WA,Canada
CUST12357,Sneha Mehta,San Francisco,CA,Australia
CUST12358,Mohit Kapoor,Columbus,OH,India
CUST12359,Sahil Kapoor,Washington,DC,United Kingdom
CUST12360,Aman Singh,San Antonio,TX,India
CUST12361,Neha Kumar,Denver,CO,United States
CUST12362,Sunita Singh,Denver,CO,India
CUST12363,Rohit Kumar,Charlotte,NC,Canada
CUST12364,Kabir Mehta,Washington,DC,Australia
CUST12365,Rohit Kapoor,New York,NY,Australia
CUST12366,Karan Mehta,Jacksonville,FL,Australia
CUST12367,Aarav Kapoor,Jacksonville,FL,India
CUST12368,Pooja Verma,Austin,TX,Australia
CUST12369,Sneha Reddy,Jacksonville,FL,Canada
CUST12370,Aman Singh,Columbus,OH,Australia
CUST12371,Pooja Joshi,Philadelphia,PA,Australia
CUST12372,Rohit Mehta,Seattle,WA,Australia
CUST12373,Aman Patel,Denver,CO,Canada
CUST12374,Karan Kumar,San Jose,CA,Canada
CUST12375,Arjun Singh,Denver,CO,Australia
CUST12376,Sunita Verma,New York,NY,Australia
CUST12377,Sunita Kapoor,Phoenix,AZ,India
CUST12378,Rohit Joshi,Charlotte,NC,Canada
CUST12379,Vihaan Gupta,Philadelphia,PA,United Kingdom
CUST12380,Pooja Reddy,Charlotte,NC,Australia
CUST12381,Vikas Verma,Jacksonville,FL,United Kingdom
CUST12382,Mohit Verma,Dallas,TX,Australia
CUST12383,Simran Mehta,Philadelphia,PA,Canada
CUST12384,Simran Mehta,Jacksonville,FL,Australia
CUST12385,Mohit Kapoor,Washington,DC,Canada
CUST12386,Ritika Reddy,Los Angeles,CA,United Kingdom
CUST12387,Kabir Sharma,New York,NY,United Kingdom
CUST12388,Karan Mehta,Denver,CO,India
CUST12389,Aman Reddy,Charlotte,NC,United Kingdom
CUST12390,Mohit Sharma,Denver,CO,Australia
CUST12391,Vivaan Reddy,Fort Worth,TX,Canada
CUST12392,Vikas Reddy,San Diego,CA,Australia
CUST12393,Sunita Sharma,San Jose,CA,United Kingdom
CUST12394,Pooja Singh,Denver,CO,Australia
CUST12395,Pooja Joshi,Phoenix,AZ,India
CUST12396,Simran Kapoor,Houston,TX,Australia
CUST12397,Arjun Reddy,Seattle,WA,United Kingdom
CUST12398,Neha Mehta,Dallas,TX,United Kingdom
CUST12399,Anjali Patel,San Jose,CA,India
CUST12400,Vivaan Gupta,Indianapolis,IN,United Kingdom
CUST12401,Ritika Mehta,Columbus,OH,Canada
CUST12402,Aditya Kumar,Jacksonville,FL,Canada
CUST12403,Vikas Singh,Fort Worth,TX,India
CUST12404,Aditya Kapoor,Chicago,IL,United Kingdom
CUST12405,Ritika Joshi,Columbus,OH,Australia
CUST12406,Anjali Singh,San Antonio,TX,Australia
CUST12407,Vihaan Verma,Chicago,IL,Canada
CUST12408,Aditya Sharma,Fort Worth,TX,Australia
CUST12409,Sahil Joshi,Jacksonville,FL,Canada
CUST12410,Rohit Verma,San Diego,CA,India
CUST12411,Pooja Patel,Chicago,IL,Canada
CUST12412,Anjali Patel,Fort Worth,TX,India
CUST12413,Mohit Joshi,San Antonio,TX,Canada
CUST12414,Sunita Singh,Dallas,TX,Canada
CUST12415,Aman Singh,Fort Worth,TX,Canada
CUST12416,Sunita Reddy,Phoenix,AZ,Australia
CUST12417,Aditya Joshi,Indianapolis,IN,United Kingdom
CUST12418,Sneha Kapoor,Austin,TX,India
CUST12419,Sunita Sharma,Seattle,WA,United Kingdom
CUST12420,Sunita Kapoor,Houston,TX,Canada
CUST12421,Karan Verma,Houston,TX,United Kingdom
CUST12422,Simran Joshi,Indianapolis,IN,Australia
CUST12423,Aman Gupta,San Jose,CA,Canada
CUST12424,Mohit Sharma,Charlotte,NC,Canada
CUST12425,Kabir Kapoor,San Francisco,CA,United Kingdom
CUST12426,Aarav Patel,Phoenix,AZ,United Kingdom
CUST12427,Rohit Kumar,Jacksonville,FL,Canada
CUST12428,Neha Gupta,Phoenix,AZ,Canada
CUST12429,Vikas Reddy,San Francisco,CA,Canada
CUST12430,Aarav Joshi,Washington,DC,Canada
CUST12431,Vikas Kumar,Fort Worth,TX,Canada
CUST12432,Pooja Kumar,San Francisco,CA,Australia
CUST12433,Aarav Sharma,San Diego,CA,Canada
CUST12434,Ritika Verma,Denver,CO,United Kingdom
CUST12435,Kabir Kumar,Austin,TX,India
CUST12436,Aditya Joshi,Houston,TX,India
CUST12437,Sahil Reddy,Denver,CO,India
CUST12438,Arjun Kapoor,San Jose,CA,United Kingdom
CUST12439,Vivaan Sharma,Jacksonville,FL,India
CUST12440,Ritika Reddy,Washington,DC,Australia
CUST12441,Pooja Joshi,Fort Worth,TX,United Kingdom
CUST12442,Arjun Kapoor,Chicago,IL,Canada
CUST12443,Vikas Verma,Chicago,IL,Canada
CUST12444,Arjun Joshi,Phoenix,AZ,Australia
CUST12445,Sunita Joshi,Chicago,IL,India
CUST12446,Vikas Mehta,New York,NY,Canada
CUST12447,Sneha Gupta,San Jose,CA,Australia
CUST12448,Pooja Verma,San Jose,CA,India
CUST12449,Sneha Kumar,Indianapolis,IN,United Kingdom
CUST12450,Rohit Patel,New York,NY,Australia
CUST12451,Rohit Mehta,Philadelphia,PA,India
CUST12452,Ritika Joshi,Dallas,TX,Australia
CUST12453,Aman Kumar,Jacksonville,FL,India
CUST12454,Sahil Sharma,Philadelphia,PA,Australia
CUST12455,Karan Sharma,Charlotte,NC,United Kingdom
CUST12456,Sahil Kapoor,Chicago,IL,United Kingdom
CUST12457,Vihaan Verma,Charlotte,NC,India
CUST12458,Sahil Gupta,Austin,TX,India
CUST12459,Karan Kapoor,Seattle,WA,United Kingdom
CUST12460,Mohit Mehta,Houston,TX,United Kingdom
CUST12461,Vivaan Mehta,Washington,DC,Australia
CUST12462,Kabir Singh,Charlotte,NC,Australia
CUST12463,Vivaan Kumar,San Diego,CA,United Kingdom
CUST12464,Vivaan Sharma,San Jose,CA,United Kingdom
CUST12465,Vivaan Kumar,San Jose,CA,Canada
CUST12466,Aman Kapoor,Fort Worth,TX,India
CUST12467,Sneha Mehta,Fort Worth,TX,India
CUST12468,Karan Verma,Indianapolis,IN,Canada
CUST12469,Aarav Singh,New York,NY,Canada
CUST12470,Rohit Patel,San Antonio,TX,Canada
CUST12471,Simran Singh,Charlotte,NC,India
CUST12472,Sahil Verma,Indianapolis,IN,United Kingdom
CUST12473,Ritika Kapoor,New York,NY,Australia
CUST12474,Mohit Kapoor,San Antonio,TX,Australia
CUST12475,Ritika Patel,Seattle,WA,India
CUST12476,Karan Kumar,San Antonio,TX,United Kingdom
CUST12477,Simran Reddy,San Francisco,CA,Australia
CUST12478,Pooja Sharma,Austin,TX,Canada
CUST12479,Sneha Sharma,San Jose,CA,Australia
CUST12480,Aman Gupta,San Diego,CA,Australia
CUST12481,Ritika Singh,New York,NY,Canada
CUST12482,Kabir Singh,Washington,DC,United Kingdom
CUST12483,Ritika Patel,New York,NY,Australia
CUST12484,Vihaan Mehta,Phoenix,AZ,United Kingdom
CUST12485,Aarav Singh,Denver,CO,India
CUST12486,Vihaan Joshi,San Francisco,CA,Australia
CUST12487,Aditya Sharma,Seattle,WA,Australia
CUST12488,Simran Reddy,Washington,DC,United Kingdom
CUST12489,Neha Kapoor,Washington,DC,Australia
CUST12490,Karan Gupta,Chicago,IL,India
CUST12491,Priya Verma,Seattle,WA,Australia
CUST12492,Aarav Reddy,Fort Worth,TX,India
CUST12493,Vivaan Singh,San Antonio,TX,India
CUST12494,Aditya Kumar,Seattle,WA,India
CUST12495,Rohit Gupta,San Francisco,CA,India
CUST12496,Aman Patel,Denver,CO,United Kingdom
CUST12497,Simran Patel,Charlotte,NC,Australia
CUST12498,Mohit Joshi,Philadelphia,PA,United Kingdom
CUST12499,Sahil Patel,Denver,CO,Canada
CUST12500,Pooja Kapoor,Indianapolis,IN,Canada
CUST12501,Kabir Verma,Denver,CO,United Kingdom
CUST12502,Aditya Patel,San Jose,CA,Canada
CUST12503,Aman Mehta,Indianapolis,IN,Australia
CUST12504,Sunita Mehta,Austin,TX,United Kingdom
CUST12505,Sahil Gupta,San Diego,CA,India
CUST12506,Ritika Gupta,San Jose,CA,Canada
CUST12507,Vikas Gupta,Fort Worth,TX,India
CUST12508,Neha Singh,Fort Worth,TX,India
CUST12509,Arjun Joshi,San Jose,CA,Australia
CUST12510,Kabir Reddy,Los Angeles,CA,India
CUST12511,Sneha Kumar,Seattle,WA,United Kingdom
CUST12512,Sunita Verma,Chicago,IL,India
CUST12513,Vikas Gupta,Jacksonville,FL,India
CUST12514,Sneha Reddy,Philadelphia,PA,Australia
CUST12515,Simran Joshi,Philadelphia,PA,India
CUST12516,Sunita Reddy,Philadelphia,PA,Australia
CUST12517,Mohit Patel,San Antonio,TX,United Kingdom
CUST12518,Pooja Patel,Houston,TX,Canada
CUST12519,Rohit Singh,Jacksonville,FL,Canada
CUST12520,Sahil Kumar,San Antonio,TX,Canada
CUST12521,Mohit Singh,Denver,CO,United Kingdom
CUST12522,Neha Singh,San Antonio,TX,India
CUST12523,Rohit Gupta,Dallas,TX,Canada
CUST12524,Pooja Reddy,San Diego,CA,India
CUST12525,Anjali Patel,Seattle,WA,India
CUST12526,Sneha Sharma,Dallas,TX,United Kingdom
CUST12527,Aarav Reddy,Los Angeles,CA,United Kingdom
CUST12528,Anjali Kapoor,Washington,DC,Canada
CUST12529,Aarav Joshi,Phoenix,AZ,India
CUST12530,Vivaan Kapoor,San Antonio,TX,Canada
CUST12531,Karan Verma,Chicago,IL,Canada
CUST12532,Mohit Kapoor,San Jose,CA,India
CUST12533,Vivaan Verma,Charlotte,NC,Australia
CUST12534,Neha Patel,Charlotte,NC,India
CUST12535,Aditya Reddy,Jacksonville,FL,India
CUST12536,Pooja Mehta,Dallas,TX,India
CUST12537,Aarav Patel,San Diego,CA,India
CUST12538,Priya Reddy,San Jose,CA,India
CUST12539,Vikas Joshi,San Jose,CA,Australia
CUST12540,Pooja Verma,Fort Worth,TX,United Kingdom
CUST12541,Arjun Patel,Dallas,TX,United Kingdom
CUST12542,Karan Sharma,Indianapolis,IN,United Kingdom
CUST12543,Kabir Singh,Fort Worth,TX,India
CUST12544,Aman Gupta,Charlotte,NC,Australia
CUST12545,Vikas Verma,Philadelphia,PA,United Kingdom
CUST12546,Neha Mehta,Columbus,OH,Canada
CUST12547,Sneha Verma,Chicago,IL,India
CUST12548,Aman Reddy,San Antonio,TX,United Kingdom
CUST12549,Simran Mehta,Phoenix,AZ,United Kingdom
CUST12550,Karan Singh,San Jose,CA,India
CUST12551,Priya Sharma,Houston,TX,Canada
CUST12552,Vivaan Kumar,Columbus,OH,India
CUST12553,Mohit Joshi,Los Angeles,CA,United Kingdom
CUST12554,Vihaan Kumar,Denver,CO,Australia
CUST12555,Aman Patel,Indianapolis,IN,India
CUST12556,Vivaan Kapoor,Columbus,OH,India
CUST12557,Rohit Kapoor,Seattle,WA,Canada
CUST12558,Rohit Kumar,San Francisco,CA,United Kingdom
CUST12559,Vikas Patel,Denver,CO,Canada
CUST12560,Aditya Joshi,Jacksonville,FL,India
CUST12561,Anjali Patel,Fort Worth,TX,Australia
CUST12562,Simran Gupta,Washington,DC,United Kingdom
CUST12563,Sunita Joshi,Philadelphia,PA,United Kingdom
CUST12564,Rohit Kapoor,Washington,DC,India
CUST12565,Vikas Singh,San Francisco,CA,Canada
CUST12566,Pooja Kapoor,Washington,DC,United Kingdom
CUST12567,Aman Sharma,Jacksonville,FL,United Kingdom
CUST12568,Kabir Gupta,New York,NY,Canada
CUST12569,Neha Kumar,Seattle,WA,United Kingdom
CUST12570,Sneha Mehta,Phoenix,AZ,United Kingdom
CUST12571,Karan Verma,San Antonio,TX,India
CUST12572,Vivaan Verma,New York,NY,India
CUST12573,Aarav Singh,Columbus,OH,Canada
CUST12574,Sneha Singh,Phoenix,AZ,Australia
CUST12575,Neha Mehta,Jacksonville,FL,Australia
CUST12576,Mohit Patel,Dallas,TX,United Kingdom
CUST12577,Anjali Kumar,Denver,CO,Canada
CUST12578,Priya Joshi,Washington,DC,United Kingdom
CUST12579,Kabir Mehta,San Francisco,CA,India
CUST12580,Aman Sharma,Los Angeles,CA,Canada
CUST12581,Vihaan Joshi,Columbus,OH,India
CUST12582,Karan Gupta,Charlotte,NC,Canada
CUST12583,Rohit Kapoor,Seattle,WA,India
CUST12584,Neha Kumar,Indianapolis,IN,Australia
CUST12585,Neha Patel,Phoenix,AZ,United Kingdom
CUST12586,Anjali Kapoor,Jacksonville,FL,United Kingdom
CUST12587,Sunita Kumar,Washington,DC,Canada
CUST12588,Kabir Sharma,Washington,DC,Australia
CUST12589,Vikas Kapoor,Chicago,IL,United Kingdom
CUST12590,Mohit Patel,Jacksonville,FL,United Kingdom
CUST12591,Vivaan Singh,Fort Worth,TX,Australia
CUST12592,Neha Gupta,Austin,TX,Canada
CUST12593,Vihaan Mehta,Jacksonville,FL,Australia
CUST12594,Aarav Joshi,Seattle,WA,Australia
CUST12595,Rohit Sharma,New York,NY,Canada
CUST12596,Ritika Kapoor,San Diego,CA,India
CUST12597,Mohit Joshi,Seattle,WA,United Kingdom
CUST12598,Priya Sharma,San Diego,CA,United Kingdom
CUST12599,Kabir Patel,Dallas,TX,Australia
CUST12600,Kabir Gupta,Denver,CO,India
CUST12601,Aarav Kumar,Fort Worth,TX,United Kingdom
CUST12602,Sunita Verma,Indianapolis,IN,Canada
CUST12603,Aman Reddy,Philadelphia,PA,Canada
CUST12604,Arjun Verma,Columbus,OH,United Kingdom
CUST12605,Ritika Patel,San Jose,CA,Canada
CUST12606,Mohit Singh,Chicago,IL,Australia
CUST12607,Kabir Verma,Houston,TX,Australia
CUST12608,Simran Sharma,Houston,TX,Australia
CUST12609,Aman Gupta,Austin,TX,India
CUST12610,Vivaan Sharma,New York,NY,India
CUST12611,Vivaan Patel,Phoenix,AZ,India
CUST12612,Arjun Singh,Denver,CO,India
CUST12613,Sahil Reddy,Philadelphia,PA,India
CUST12614,Arjun Kapoor,San Diego,CA,Australia
CUST12615,Arjun Gupta,Columbus,OH,United Kingdom
CUST12616,Simran Mehta,San Francisco,CA,Canada
CUST12617,Mohit Reddy,San Jose,CA,India
CUST12618,Rohit Reddy,Dallas,TX,India
CUST12619,Vihaan Gupta,Chicago,IL,Australia
CUST12620,Karan Verma,Charlotte,NC,India
CUST12621,Mohit Kumar,Washington,DC,United Kingdom
CUST12622,Priya Singh,Denver,CO,India
CUST12623,Sahil Kapoor,Austin,TX,India
CUST12624,Rohit Mehta,Washington,DC,Canada
CUST12625,Arjun Patel,Chicago,IL,Canada
CUST12626,Aditya Singh,Dallas,TX,Australia
CUST12627,Aditya Patel,San Diego,CA,United Kingdom
CUST12628,Karan Kapoor,Phoenix,AZ,India
CUST12629,Neha Gupta,San Antonio,TX,United Kingdom
CUST12630,Mohit Verma,Seattle,WA,India
CUST12631,Priya Reddy,Washington,DC,Canada
CUST12632,Kabir Reddy,Philadelphia,PA,United Kingdom
CUST12633,Karan Kapoor,Columbus,OH,United Kingdom
CUST12634,Rohit Patel,Fort Worth,TX,United Kingdom
CUST12635,Vihaan Verma,San Antonio,TX,Canada
CUST12636,Arjun Joshi,Washington,DC,Australia
CUST12637,Vikas Reddy,Austin,TX,Australia
CUST12638,Neha Kumar,San Diego,CA,United Kingdom
CUST12639,Sahil Singh,Columbus,OH,Canada
CUST12640,Vivaan Gupta,Phoenix,AZ,Canada
CUST12641,Simran Verma,Indianapolis,IN,Australia
CUST12642,Arjun Reddy,Indianapolis,IN,Canada
CUST12643,Sneha Reddy,Fort Worth,TX,Australia
CUST12644,Mohit Patel,New York,NY,Australia
CUST12645,Ritika Kapoor,San Jose,CA,Australia
CUST12646,Priya Mehta,Denver,CO,Australia
CUST12647,Sunita Kumar,Dallas,TX,Canada
CUST12648,Anjali Mehta,Philadelphia,PA,Canada
CUST12649,Simran Patel,Washington,DC,United Kingdom
CUST12650,Simran Kumar,Denver,CO,Australia
CUST12651,Arjun Mehta,Seattle,WA,United Kingdom
CUST12652,Aman Kumar,Columbus,OH,Canada
CUST12653,Neha Reddy,Houston,TX,Australia
CUST12654,Mohit Patel,San Diego,CA,Canada
CUST12655,Arjun Kumar,Charlotte,NC,Australia
CUST12656,Priya Reddy,Los Angeles,CA,Australia
CUST12657,Sahil Joshi,Fort Worth,TX,Canada
CUST12658,Priya Kapoor,San Diego,CA,Canada
CUST12659,Arjun Verma,Columbus,OH,Canada
CUST12660,Priya Sharma,Columbus,OH,United Kingdom
CUST12661,Vikas Joshi,Indianapolis,IN,Australia
CUST12662,Anjali Joshi,Los Angeles,CA,India
CUST12663,Arjun Singh,San Jose,CA,Australia
CUST12664,Vihaan Singh,New York,NY,Canada
CUST12665,Rohit Reddy,Denver,CO,Canada
CUST12666,Rohit Mehta,San Jose,CA,Canada
CUST12667,Mohit Patel,Philadelphia,PA,Canada
CUST12668,Arjun Kapoor,Seattle,WA,Australia
CUST12669,Aman Reddy,Denver,CO,Australia
CUST12670,Vivaan Mehta,San Francisco,CA,United Kingdom
CUST12671,Aarav Kumar,Phoenix,AZ,United Kingdom
CUST12672,Priya Mehta,Washington,DC,Canada
CUST12673,Rohit Kumar,Chicago,IL,India
CUST12674,Vivaan Sharma,Denver,CO,United Kingdom
CUST12675,Arjun Sharma,Denver,CO,Australia
CUST12676,Mohit Gupta,San Antonio,TX,United Kingdom
CUST12677,Priya Joshi,San Antonio,TX,Canada
CUST12678,Aarav Gupta,Philadelphia,PA,Australia
CUST12679,Ritika Mehta,San Francisco,CA,Australia
CUST12680,Sahil Gupta,Philadelphia,PA,India
CUST12681,Kabir Joshi,Charlotte,NC,United Kingdom
CUST12682,Sahil Verma,Houston,TX,Australia
CUST12683,Karan Patel,Columbus,OH,Australia
CUST12684,Sunita Joshi,Denver,CO,Australia
CUST12685,Simran Kapoor,Philadelphia,PA,Australia
CUST12686,Karan Singh,New York,NY,India
CUST12687,Sneha Kumar,Denver,CO,United Kingdom
CUST12688,Arjun Mehta,Phoenix,AZ,Canada
CUST12689,Karan Joshi,New York,NY,Canada
CUST12690,Sunita Mehta,San Jose,CA,India
CUST12691,Simran Singh,Austin,TX,United Kingdom
CUST12692,Vihaan Kapoor,Los Angeles,CA,Australia
CUST12693,Priya Gupta,Jacksonville,FL,Canada
CUST12694,Aarav Sharma,New York,NY,Australia
CUST12695,Ritika Patel,Columbus,OH,Australia
CUST12696,Simran Patel,Columbus,OH,United Kingdom
CUST12697,Aarav Reddy,Austin,TX,Australia
CUST12698,Sneha Singh,Dallas,TX,Australia
CUST12699,Simran Verma,San Jose,CA,Australia
CUST12700,Sahil Singh,San Francisco,CA,Canada
CUST12701,Anjali Joshi,Washington,DC,India
CUST12702,Anjali Verma,Phoenix,AZ,India
CUST12703,Sneha Gupta,Washington,DC,United Kingdom
CUST12704,Aditya Verma,San Francisco,CA,India
CUST12705,Simran Singh,Jacksonville,FL,Canada
CUST12706,Sunita Verma,Houston,TX,United Kingdom
CUST12707,Aarav Kapoor,San Jose,CA,Canada
CUST12708,Arjun Patel,New York,NY,India
CUST12709,Priya Sharma,Jacksonville,FL,India
CUST12710,Vivaan Patel,Seattle,WA,Australia
CUST12711,Mohit Kumar,Phoenix,AZ,United Kingdom
CUST12712,Vihaan Kapoor,Chicago,IL,Australia
CUST12713,Neha Singh,Chicago,IL,India
CUST12714,Simran Joshi,San Jose,CA,India
CUST12715,Sneha Sharma,Philadelphia,PA,United Kingdom
CUST12716,Arjun Joshi,Washington,DC,United Kingdom
CUST12717,Karan Verma,Dallas,TX,United Kingdom
CUST12718,Vihaan Singh,Houston,TX,Australia
CUST12719,Rohit Kumar,San Diego,CA,United Kingdom
CUST12720,Sahil Singh,Phoenix,AZ,Australia
CUST12721,Vikas Reddy,Seattle,WA,United Kingdom
CUST12722,Sunita Sharma,Indianapolis,IN,Canada
CUST12723,Kabir Kapoor,New York,NY,United Kingdom
CUST12724,Aman Patel,Fort Worth,TX,India
CUST12725,Aditya Patel,Dallas,TX,Canada
CUST12726,Rohit Singh,San Antonio,TX,Australia
CUST12727,Aarav Verma,Denver,CO,Australia
CUST12728,Rohit Patel,New York,NY,India
CUST12729,Vihaan Mehta,Philadelphia,PA,United Kingdom
CUST12730,Sunita Patel,San Francisco,CA,United Kingdom
CUST12731,Sahil Gupta,San Francisco,CA,India
CUST12732,Aarav Singh,Los Angeles,CA,United Kingdom
CUST12733,Ritika Gupta,Charlotte,NC,United Kingdom
CUST12734,Arjun Sharma,Chicago,IL,United Kingdom
CUST12735,Vivaan Sharma,Jacksonville,FL,Australia
CUST12736,Vikas Singh,Denver,CO,Canada
CUST12737,Pooja Joshi,New York,NY,India
CUST12738,Sahil Sharma,Denver,CO,Canada
CUST12739,Kabir Verma,Los Angeles,CA,Australia
CUST12740,Neha Sharma,Philadelphia,PA,Australia
CUST12741,Aarav Joshi,San Francisco,CA,Australia
CUST12742,Kabir Gupta,Phoenix,AZ,United Kingdom
CUST12743,Sahil Gupta,San Diego,CA,United Kingdom
CUST12744,Arjun Patel,Indianapolis,IN,Australia
CUST12745,Ritika Verma,Charlotte,NC,Canada
CUST12746,Sunita Kumar,Seattle,WA,India
CUST12747,Rohit Sharma,San Jose,CA,United Kingdom
CUST12748,Ritika Reddy,San Francisco,CA,Canada
CUST12749,Kabir Kapoor,Washington,DC,United Kingdom
CUST12750,Kabir Joshi,San Diego,CA,Australia
CUST12751,Rohit Joshi,San Diego,CA,United Kingdom
CUST12752,Sneha Patel,Fort Worth,TX,Australia
CUST12753,Rohit Sharma,Phoenix,AZ,United Kingdom
CUST12754,Aman Joshi,Fort Worth,TX,United Kingdom
CUST12755,Karan Kapoor,San Antonio,TX,United Kingdom
CUST12756,Mohit Kapoor,Houston,TX,India
CUST12757,Aditya Verma,Chicago,IL,United Kingdom
CUST12758,Arjun Reddy,Phoenix,AZ,Australia
CUST12759,Simran Reddy,New York,NY,Canada
CUST12760,Karan Joshi,Washington,DC,Canada
CUST12761,Sahil Mehta,Denver,CO,Australia
CUST12762,Sahil Kapoor,Houston,TX,India
CUST12763,Vikas Kapoor,Jacksonville,FL,United Kingdom
CUST12764,Aman Reddy,Indianapolis,IN,Australia
CUST12765,Neha Reddy,San Francisco,CA,United Kingdom
CUST12766,Arjun Reddy,Columbus,OH,India
CUST12767,Sunita Gupta,San Antonio,TX,Australia
CUST12768,Mohit Verma,Indianapolis,IN,India
CUST12769,Mohit Sharma,Jacksonville,FL,United Kingdom
CUST12770,Simran Mehta,Houston,TX,United Kingdom
CUST12771,Vivaan Verma,Denver,CO,India
CUST12772,Arjun Joshi,Austin,TX,Canada
CUST12773,Vihaan Kumar,San Antonio,TX,United Kingdom
CUST12774,Arjun Patel,Los Angeles,CA,India
CUST12775,Arjun Kumar,Chicago,IL,United Kingdom
CUST12776,Vikas Reddy,San Antonio,TX,Australia
CUST12777,Mohit Joshi,Charlotte,NC,Australia
CUST12778,Aditya Joshi,San Jose,CA,United Kingdom
CUST12779,Sneha Verma,Philadelphia,PA,Canada
CUST12780,Neha Gupta,Columbus,OH,Canada
CUST12781,Karan Mehta,San Francisco,CA,Canada
CUST12782,Arjun Reddy,Fort Worth,TX,India
CUST12783,Sunita Reddy,San Jose,CA,United Kingdom
CUST12784,Anjali Patel,Los Angeles,CA,Canada
CUST12785,Neha Kapoor,Dallas,TX,India
CUST12786,Anjali Reddy,Phoenix,AZ,United Kingdom
CUST12787,Sunita Reddy,Washington,DC,Australia
CUST12788,Kabir Patel,Fort Worth,TX,India
CUST12789,Karan Mehta,San Diego,CA,Canada
CUST12790,Mohit Kumar,Charlotte,NC,Canada
CUST12791,Arjun Patel,Indianapolis,IN,Canada
CUST12792,Pooja Gupta,Charlotte,NC,Australia
CUST12793,Arjun Verma,Seattle,WA,United Kingdom
CUST12794,Rohit Sharma,Chicago,IL,Canada
CUST12795,Ritika Kapoor,Chicago,IL,United Kingdom
CUST12796,Sahil Kapoor,Chicago,IL,Australia
CUST12797,Vikas Patel,Houston,TX,Canada
CUST12798,Vihaan Gupta,Columbus,OH,Canada
CUST12799,Aarav Verma,Fort Worth,TX,Canada
CUST12800,Vikas Joshi,Indianapolis,IN,Canada
CUST12801,Aarav Singh,San Jose,CA,United Kingdom
CUST12802,Neha Singh,New York,NY,Canada
CUST12803,Vihaan Joshi,Austin,TX,Australia
CUST12804,Aditya Singh,Indianapolis,IN,United Kingdom
CUST12805,Anjali Reddy,Washington,DC,Canada
CUST12806,Sunita Kumar,Columbus,OH,India
CUST12807,Aman Sharma,Washington,DC,United Kingdom
CUST12808,Rohit Mehta,San Diego,CA,Canada
CUST12809,Ritika Mehta,Houston,TX,Canada
CUST12810,Vihaan Reddy,Indianapolis,IN,Canada
CUST12811,Pooja Verma,San Jose,CA,United Kingdom
CUST12812,Aditya Mehta,San Francisco,CA,Canada
CUST12813,Vivaan Mehta,Chicago,IL,India
CUST12814,Kabir Reddy,Austin,TX,Australia
CUST12815,Rohit Kapoor,San Francisco,CA,United Kingdom
CUST12816,Aarav Sharma,Chicago,IL,Australia
CUST12817,Anjali Kapoor,Seattle,WA,Australia
CUST12818,Karan Verma,Philadelphia,PA,India
CUST12819,Simran Verma,Philadelphia,PA,United Kingdom
CUST12820,Kabir Singh,Phoenix,AZ,India
CUST12821,Pooja Patel,San Francisco,CA,Canada
CUST12822,Simran Sharma,San Antonio,TX,Australia
CUST12823,Mohit Reddy,Dallas,TX,Australia
CUST12824,Sahil Reddy,Phoenix,AZ,Canada
CUST12825,Anjali Reddy,Columbus,OH,Canada
CUST12826,Sahil Singh,Phoenix,AZ,United Kingdom
CUST12827,Arjun Joshi,Houston,TX,United Kingdom
CUST12828,Aman Verma,San Diego,CA,Australia
CUST12829,Arjun Patel,Philadelphia,PA,India
CUST12830,Mohit Singh,Jacksonville,FL,Canada
CUST12831,Arjun Gupta,San Francisco,CA,Australia
CUST12832,Sahil Kumar,San Jose,CA,Australia
CUST12833,Anjali Patel,Washington,DC,India
CUST12834,Simran Verma,Denver,CO,United Kingdom
CUST12835,Ritika Gupta,Phoenix,AZ,United Kingdom
CUST12836,Kabir Verma,Columbus,OH,Australia
CUST12837,Mohit Singh,Houston,TX,India
CUST12838,Anjali Verma,Charlotte,NC,Canada
CUST12839,Aditya Reddy,Houston,TX,Canada
CUST12840,Sahil Patel,Philadelphia,PA,India
CUST12841,Priya Gupta,Philadelphia,PA,Canada
CUST12842,Anjali Kumar,Indianapolis,IN,Australia
CUST12843,Arjun Kumar,Washington,DC,United Kingdom
CUST12844,Ritika Sharma,Dallas,TX,India
CUST12845,Vikas Joshi,Denver,CO,Australia
CUST12846,Vihaan Sharma,San Jose,CA,Australia
CUST12847,Anjali Kumar,San Diego,CA,Canada
CUST12848,Arjun Mehta,Washington,DC,Canada
CUST12849,Aditya Verma,Seattle,WA,Canada
CUST12850,Sneha Kapoor,Houston,TX,Canada
CUST12851,Ritika Patel,San Diego,CA,Australia
CUST12852,Neha Kumar,Charlotte,NC,Canada
CUST12853,Mohit Sharma,New York,NY,Canada
CUST12854,Ritika Mehta,San Francisco,CA,United Kingdom
CUST12855,Kabir Verma,Denver,CO,India
CUST12856,Simran Reddy,New York,NY,Australia
CUST12857,Aarav Verma,New York,NY,Canada
CUST12858,Pooja Kumar,Dallas,TX,Canada
CUST12859,Vihaan Sharma,Denver,CO,Australia
CUST12860,Ritika Joshi,Houston,TX,Canada
CUST12861,Anjali Kapoor,Dallas,TX,Australia
CUST12862,Sneha Mehta,Seattle,WA,Canada
CUST12863,Neha Verma,San Diego,CA,Australia
CUST12864,Mohit Kapoor,Washington,DC,Australia
CUST12865,Vivaan Kapoor,Columbus,OH,Australia
CUST12866,Sahil Sharma,San Jose,CA,India
CUST12867,Mohit Gupta,Phoenix,AZ,Canada
CUST12868,Simran Joshi,Fort Worth,TX,Canada
CUST12869,Vikas Mehta,Phoenix,AZ,Canada
CUST12870,Vivaan Reddy,Jacksonville,FL,Australia
CUST12871,Sunita Singh,Dallas,TX,India
CUST12872,Mohit Gupta,Dallas,TX,Canada
CUST12873,Kabir Mehta,San Jose,CA,Canada
CUST12874,Vivaan Joshi,Columbus,OH,India
CUST12875,Aman Patel,Washington,DC,Australia
CUST12876,Arjun Patel,Charlotte,NC,Canada
CUST12877,Aditya Mehta,Indianapolis,IN,Canada
CUST12878,Rohit Gupta,San Jose,CA,Australia
CUST12879,Vivaan Patel,Jacksonville,FL,Canada
CUST12880,Arjun Singh,New York,NY,Canada
CUST12881,Aman Patel,San Diego,CA,Canada
CUST12882,Kabir Kumar,Phoenix,AZ,Canada
CUST12883,Ritika Joshi,Seattle,WA,Canada
CUST12884,Priya Joshi,Dallas,TX,United Kingdom
CUST12885,Sunita Singh,Los Angeles,CA,United Kingdom
CUST12886,Ritika Joshi,Jacksonville,FL,Canada
CUST12887,Sunita Mehta,Washington,DC,United Kingdom
CUST12888,Aditya Sharma,Chicago,IL,Australia
CUST12889,Sunita Verma,Jacksonville,FL,Canada
CUST12890,Kabir Singh,Austin,TX,India
CUST12891,Priya Mehta,Washington,DC,United Kingdom
CUST12892,Vikas Kumar,San Antonio,TX,Canada
CUST12893,Aarav Reddy,Jacksonville,FL,Australia
CUST12894,Aditya Kapoor,Columbus,OH,Australia
CUST12895,Sahil Verma,San Jose,CA,India
CUST12896,Aarav Singh,Fort Worth,TX,United Kingdom
CUST12897,Neha Kumar,San Jose,CA,Canada
CUST12898,Pooja Mehta,Dallas,TX,Canada
CUST12899,Ritika Verma,Austin,TX,Australia
CUST12900,Aditya Mehta,New York,NY,Australia
CUST12901,Neha Reddy,Houston,TX,United Kingdom
CUST12902,Karan Joshi,Indianapolis,IN,Australia
CUST12903,Vivaan Kumar,New York,NY,Australia
CUST12904,Aditya Singh,Fort Worth,TX,United Kingdom
CUST12905,Vivaan Joshi,New York,NY,United Kingdom
CUST12906,Pooja Singh,Denver,CO,United Kingdom
CUST12907,Aman Mehta,Fort Worth,TX,United Kingdom
CUST12908,Mohit Verma,Philadelphia,PA,India
CUST12909,Ritika Patel,Houston,TX,India
CUST12910,Aarav Mehta,Indianapolis,IN,United Kingdom
CUST12911,Anjali Reddy,San Diego,CA,India
CUST12912,Pooja Sharma,New York,NY,Australia
CUST12913,Sahil Reddy,Indianapolis,IN,Australia
CUST12914,Anjali Verma,Dallas,TX,India
CUST12915,Anjali Patel,Seattle,WA,United Kingdom
CUST12916,Ritika Mehta,Seattle,WA,Australia
CUST12917,Sneha Reddy,Los Angeles,CA,Canada
CUST12918,Arjun Verma,Dallas,TX,Canada
CUST12919,Neha Kumar,San Francisco,CA,Australia
CUST12920,Vivaan Singh,Washington,DC,Canada
CUST12921,Vivaan Verma,Dallas,TX,United Kingdom
CUST12922,Arjun Singh,Seattle,WA,Australia
CUST12923,Simran Reddy,Indianapolis,IN,India
CUST12924,Aman Sharma,New York,NY,Canada
CUST12925,Aarav Kumar,Denver,CO,India
CUST12926,Rohit Kapoor,San Antonio,TX,Canada
CUST12927,Anjali Gupta,Dallas,TX,Canada
CUST12928,Aman Sharma,Seattle,WA,India
CUST12929,Rohit Verma,Jacksonville,FL,United Kingdom
CUST12930,Sahil Mehta,Charlotte,NC,United Kingdom
CUST12931,Simran Kumar,New York,NY,United Kingdom
CUST12932,Kabir Patel,Chicago,IL,Australia
CUST12933,Mohit Gupta,Columbus,OH,Australia
CUST12934,Vihaan Patel,Los Angeles,CA,Australia
CUST12935,Arjun Verma,Philadelphia,PA,India
CUST12936,Karan Reddy,Columbus,OH,Australia
CUST12937,Aarav Kapoor,Denver,CO,India
CUST12938,Vivaan Sharma,San Jose,CA,Canada
CUST12939,Vikas Kumar,Washington,DC,Canada
CUST12940,Karan Singh,San Diego,CA,India
CUST12941,Arjun Mehta,Dallas,TX,Australia
CUST12942,Sneha Singh,Jacksonville,FL,Australia
CUST12943,Sneha Joshi,Fort Worth,TX,United Kingdom
CUST12944,Karan Mehta,Columbus,OH,Canada
CUST12945,Sneha Reddy,Charlotte,NC,Australia
CUST12946,Sahil Joshi,Denver,CO,India
CUST12947,Karan Verma,Charlotte,NC,Australia
CUST12948,Vihaan Kumar,Dallas,TX,United Kingdom
CUST12949,Sneha Kapoor,Dallas,TX,Australia
CUST12950,Sahil Sharma,Austin,TX,United Kingdom
CUST12951,Vivaan Patel,Dallas,TX,Canada
CUST12952,Vivaan Sharma,Seattle,WA,Canada
CUST12953,Aarav Kumar,Philadelphia,PA,India
CUST12954,Pooja Kumar,San Antonio,TX,India
CUST12955,Sahil Reddy,San Francisco,CA,India
CUST12956,Sunita Verma,New York,NY,Canada
CUST12957,Sneha Verma,Seattle,WA,Australia
CUST12958,Arjun Kumar,San Francisco,CA,Canada
CUST12959,Pooja Joshi,Dallas,TX,United Kingdom
CUST12960,Mohit Mehta,Charlotte,NC,United Kingdom
CUST12961,Simran Gupta,Houston,TX,Canada
CUST12962,Vihaan Mehta,Washington,DC,United Kingdom
CUST12963,Rohit Kapoor,Phoenix,AZ,United Kingdom
CUST12964,Aman Kapoor,Denver,CO,Australia
CUST12965,Aarav Patel,Columbus,OH,Australia
CUST12966,Sahil Kapoor,Denver,CO,India
CUST12967,Pooja Reddy,Columbus,OH,Australia
CUST12968,Vivaan Gupta,Washington,DC,United Kingdom
CUST12969,Sunita Kumar,Chicago,IL,Australia
CUST12970,Simran Gupta,New York,NY,United Kingdom
CUST12971,Rohit Patel,Chicago,IL,Australia
CUST12972,Vikas Sharma,Seattle,WA,Australia
CUST12973,Neha Verma,Seattle,WA,United Kingdom
CUST12974,Aditya Patel,San Francisco,CA,Canada
CUST12975,Vikas Joshi,Seattle,WA,Australia
CUST12976,Kabir Sharma,Philadelphia,PA,Australia
CUST12977,Sahil Gupta,Indianapolis,IN,United Kingdom
CUST12978,Neha Patel,New York,NY,Canada
CUST12979,Rohit Mehta,Los Angeles,CA,Canada
CUST12980,Vikas Verma,Chicago,IL,United Kingdom
CUST12981,Priya Singh,San Francisco,CA,Australia
CUST12982,Vikas Singh,Phoenix,AZ,Canada
CUST12983,Sahil Mehta,Dallas,TX,India
CUST12984,Karan Sharma,Fort Worth,TX,United Kingdom
CUST12985,Priya Verma,Jacksonville,FL,Canada
CUST12986,Aarav Reddy,Los Angeles,CA,India
CUST12987,Priya Kumar,Houston,TX,India
CUST12988,Vikas Reddy,Washington,DC,United Kingdom
CUST12989,Ritika Reddy,Phoenix,AZ,Canada
CUST12990,Pooja Verma,Chicago,IL,Australia
CUST12991,Vivaan Joshi,Charlotte,NC,Australia
CUST12992,Sneha Verma,Fort Worth,TX,India
CUST12993,Rohit Joshi,Indianapolis,IN,India
CUST12994,Neha Joshi,San Diego,CA,Australia
CUST12995,Aditya Kapoor,San Diego,CA,India
CUST12996,Neha Joshi,Chicago,IL,India
CUST12997,Kabir Reddy,Washington,DC,Australia
CUST12998,Simran Joshi,Austin,TX,India
CUST12999,Aman Joshi,Seattle,WA,Canada
CUST13000,Priya Reddy,Austin,TX,Australia
CUST13001,Sunita Kapoor,San Francisco,CA,Australia
CUST13002,Priya Kapoor,San Diego,CA,Australia
CUST13003,Sahil Kumar,Los Angeles,CA,Canada
CUST13004,Priya Kapoor,San Antonio,TX,Australia
CUST13005,Vikas Mehta,San Antonio,TX,Canada
CUST13006,Ritika Reddy,San Francisco,CA,Australia
CUST13007,Priya Singh,San Diego,CA,United Kingdom
CUST13008,Sneha Kapoor,Philadelphia,PA,India
CUST13009,Aman Kapoor,Dallas,TX,Canada
CUST13010,Mohit Verma,Chicago,IL,Canada
CUST13011,Kabir Joshi,Houston,TX,Canada
CUST13012,Simran Patel,Philadelphia,PA,India
CUST13013,Arjun Singh,Austin,TX,United Kingdom
CUST13014,Vivaan Gupta,Chicago,IL,Canada
CUST13015,Vihaan Sharma,Jacksonville,FL,United Kingdom
CUST13016,Sunita Reddy,Charlotte,NC,India
CUST13017,Kabir Verma,San Jose,CA,India
CUST13018,Sneha Verma,Denver,CO,India
CUST13019,Neha Verma,San Antonio,TX,Australia
CUST13020,Vivaan Kumar,Fort Worth,TX,Australia
CUST13021,Vikas Patel,San Francisco,CA,Canada
CUST13022,Priya Sharma,Dallas,TX,Canada
CUST13023,Aman Singh,San Jose,CA,Australia
CUST13024,Kabir Sharma,Jacksonville,FL,Canada
CUST13025,Karan Sharma,San Antonio,TX,Canada
CUST13026,Anjali Reddy,Seattle,WA,Australia
CUST13027,Sneha Verma,Houston,TX,Canada
CUST13028,Sahil Reddy,New York,NY,Australia
CUST13029,Aman Mehta,San Jose,CA,Australia
CUST13030,Mohit Patel,San Antonio,TX,Canada
CUST13031,Vihaan Patel,Columbus,OH,United Kingdom
CUST13032,Anjali Mehta,Denver,CO,United Kingdom
CUST13033,Sahil Gupta,Los Angeles,CA,Canada
CUST13034,Aditya Mehta,Jacksonville,FL,India
CUST13035,Aman Joshi,San Antonio,TX,Canada
CUST13036,Aman Kumar,Denver,CO,Canada
CUST13037,Pooja Kumar,Houston,TX,India
CUST13038,Pooja Mehta,Indianapolis,IN,Canada
CUST13039,Karan Sharma,Columbus,OH,United Kingdom
CUST13040,Sunita Reddy,Los Angeles,CA,United Kingdom
CUST13041,Sahil Mehta,Denver,CO,Canada
CUST13042,Simran Singh,Dallas,TX,Australia
CUST13043,Vivaan Kumar,Philadelphia,PA,Australia
CUST13044,Sahil Joshi,Washington,DC,Canada
CUST13045,Sahil Joshi,Seattle,WA,Australia
CUST13046,Aditya Mehta,Fort Worth,TX,India
CUST13047,Aditya Patel,Jacksonville,FL,Canada
CUST13048,Aditya Verma,Seattle,WA,United Kingdom
CUST13049,Vivaan Joshi,San Jose,CA,United Kingdom
CUST13050,Vihaan Patel,Dallas,TX,Canada
CUST13051,Sahil Sharma,San Antonio,TX,Canada
CUST13052,Kabir Joshi,Jacksonville,FL,Canada
CUST13053,Sneha Verma,San Jose,CA,United Kingdom
CUST13054,Simran Gupta,Denver,CO,Canada
CUST13055,Vihaan Kapoor,Columbus,OH,Canada
CUST13056,Anjali Sharma,Denver,CO,Australia
CUST13057,Simran Patel,San Antonio,TX,United Kingdom
CUST13058,Kabir Joshi,Fort Worth,TX,United Kingdom
CUST13059,Vivaan Gupta,Phoenix,AZ,Australia
CUST13060,Pooja Mehta,Los Angeles,CA,Canada
CUST13061,Aditya Gupta,Chicago,IL,India
CUST13062,Vihaan Kumar,Houston,TX,India
CUST13063,Sunita Verma,Fort Worth,TX,United Kingdom
CUST13064,Sahil Sharma,San Jose,CA,United Kingdom
CUST13065,Karan Kumar,Philadelphia,PA,United Kingdom
CUST13066,Sneha Reddy,Austin,TX,India
CUST13067,Sneha Kumar,Houston,TX,India
CUST13068,Kabir Verma,Austin,TX,Canada
CUST13069,Kabir Reddy,Dallas,TX,India
CUST13070,Simran Singh,New York,NY,Canada
CUST13071,Karan Kapoor,San Antonio,TX,Canada
CUST13072,Neha Mehta,San Antonio,TX,Canada
CUST13073,Rohit Kumar,San Francisco,CA,Canada
CUST13074,Karan Gupta,Dallas,TX,India
CUST13075,Sahil Verma,Chicago,IL,Canada
CUST13076,Arjun Sharma,Seattle,WA,Australia
CUST13077,Vihaan Verma,Jacksonville,FL,Canada
CUST13078,Neha Sharma,Dallas,TX,United Kingdom
CUST13079,Sahil Reddy,Jacksonville,FL,United Kingdom
CUST13080,Pooja Singh,Austin,TX,United Kingdom
CUST13081,Aarav Reddy,Fort Worth,TX,Australia
CUST13082,Neha Reddy,Fort Worth,TX,India
CUST13083,Kabir Kapoor,Washington,DC,Australia
CUST13084,Vivaan Joshi,Phoenix,AZ,Canada
CUST13085,Karan Joshi,Chicago,IL,Canada
CUST13086,Ritika Singh,Phoenix,AZ,United Kingdom
CUST13087,Sunita Patel,San Antonio,TX,Canada
CUST13088,Sunita Reddy,Fort Worth,TX,Australia
CUST13089,Rohit Kumar,Austin,TX,United Kingdom
CUST13090,Sahil Gupta,Columbus,OH,Canada
CUST13091,Neha Sharma,Austin,TX,United Kingdom
CUST13092,Neha Singh,Indianapolis,IN,Canada
CUST13093,Neha Patel,Washington,DC,United Kingdom
CUST13094,Sunita Mehta,Philadelphia,PA,Canada
CUST13095,Vikas Singh,Los Angeles,CA,Canada
CUST13096,Kabir Joshi,Dallas,TX,Australia
CUST13097,Sahil Patel,Philadelphia,PA,Australia
CUST13098,Kabir Singh,Washington,DC,Australia
CUST13099,Simran Reddy,Jacksonville,FL,Australia
CUST13100,Vikas Singh,Seattle,WA,Australia
CUST13101,Rohit Sharma,New York,NY,United Kingdom
CUST13102,Aarav Joshi,Denver,CO,India
CUST13103,Simran Singh,San Diego,CA,India
CUST13104,Neha Mehta,San Antonio,TX,United Kingdom
CUST13105,Sneha Reddy,Washington,DC,Australia
CUST13106,Priya Joshi,Jacksonville,FL,United Kingdom
CUST13107,Vivaan Joshi,Washington,DC,Australia
CUST13108,Neha Kapoor,San Jose,CA,Australia
CUST13109,Aarav Verma,San Antonio,TX,Canada
CUST13110,Vivaan Reddy,Chicago,IL,United Kingdom
CUST13111,Vihaan Joshi,Fort Worth,TX,Australia
CUST13112,Kabir Reddy,Phoenix,AZ,India
CUST13113,Ritika Joshi,San Francisco,CA,India
CUST13114,Pooja Kumar,Denver,CO,Canada
CUST13115,Vikas Sharma,San Francisco,CA,India
CUST13116,Arjun Reddy,Dallas,TX,Canada
CUST13117,Vikas Singh,San Jose,CA,India
CUST13118,Pooja Verma,Denver,CO,Australia
CUST13119,Mohit Joshi,Washington,DC,India
CUST13120,Aman Reddy,Dallas,TX,United Kingdom
CUST13121,Kabir Kumar,Washington,DC,India
CUST13122,Aarav Mehta,Seattle,WA,United Kingdom
CUST13123,Anjali Singh,Charlotte,NC,United Kingdom
CUST13124,Mohit Gupta,Austin,TX,India
CUST13125,Sunita Kapoor,Chicago,IL,Australia
CUST13126,Anjali Patel,Dallas,TX,Canada
CUST13127,Aditya Singh,Denver,CO,India
CUST13128,Kabir Sharma,San Antonio,TX,India
CUST13129,Karan Kumar,Jacksonville,FL,United Kingdom
CUST13130,Aarav Kumar,Philadelphia,PA,Australia
CUST13131,Ritika Verma,Indianapolis,IN,United Kingdom
CUST13132,Mohit Kapoor,Dallas,TX,Australia
CUST13133,Rohit Kumar,Columbus,OH,Australia
CUST13134,Neha Joshi,Philadelphia,PA,Australia
CUST13135,Karan Mehta,Indianapolis,IN,Australia
CUST13136,Mohit Patel,Columbus,OH,Canada
CUST13137,Mohit Gupta,San Francisco,CA,Canada
CUST13138,Karan Singh,Charlotte,NC,Canada
CUST13139,Sunita Kumar,Philadelphia,PA,India
CUST13140,Sunita Verma,Fort Worth,TX,Australia
CUST13141,Aarav Gupta,Houston,TX,United Kingdom
CUST13142,Neha Sharma,Denver,CO,United Kingdom
CUST13143,Arjun Joshi,Columbus,OH,United Kingdom
CUST13144,Vivaan Gupta,Dallas,TX,Canada
CUST13145,Priya Mehta,San Antonio,TX,Canada
CUST13146,Aditya Reddy,Dallas,TX,Australia
CUST13147,Priya Joshi,Jacksonville,FL,Australia
CUST13148,Vihaan Gupta,Los Angeles,CA,India
CUST13149,Ritika Patel,Austin,TX,United Kingdom
CUST13150,Priya Singh,San Francisco,CA,Canada
CUST13151,Anjali Singh,New York,NY,India
CUST13152,Vikas Singh,San Diego,CA,India
CUST13153,Rohit Verma,Columbus,OH,Canada
CUST13154,Mohit Verma,San Antonio,TX,India
CUST13155,Sahil Kapoor,Jacksonville,FL,India
CUST13156,Rohit Kapoor,Columbus,OH,Australia
CUST13157,Aditya Gupta,Phoenix,AZ,United Kingdom
CUST13158,Sneha Gupta,Washington,DC,India
CUST13159,Vikas Singh,San Francisco,CA,Australia
CUST13160,Sunita Patel,Indianapolis,IN,Canada
CUST13161,Ritika Singh,Los Angeles,CA,United Kingdom
CUST13162,Vivaan Patel,Washington,DC,India
CUST13163,Karan Verma,Indianapolis,IN,United Kingdom
CUST13164,Anjali Reddy,Washington,DC,Australia
CUST13165,Karan Patel,New York,NY,Australia
CUST13166,Kabir Sharma,Charlotte,NC,India
CUST13167,Anjali Gupta,Houston,TX,India
CUST13168,Sahil Gupta,San Jose,CA,Australia
CUST13169,Sneha Gupta,San Diego,CA,India
CUST13170,Karan Gupta,Dallas,TX,United Kingdom
CUST13171,Aarav Sharma,Charlotte,NC,United Kingdom
CUST13172,Vivaan Singh,Columbus,OH,Canada
CUST13173,Neha Reddy,Columbus,OH,United Kingdom
CUST13174,Karan Mehta,San Antonio,TX,Australia
CUST13175,Vihaan Patel,Chicago,IL,United Kingdom
CUST13176,Vivaan Singh,Phoenix,AZ,Canada
CUST13177,Rohit Gupta,Chicago,IL,Canada
CUST13178,Aditya Kumar,San Jose,CA,United Kingdom
CUST13179,Pooja Gupta,San Jose,CA,Australia
CUST13180,Pooja Sharma,Washington,DC,India
CUST13181,Vihaan Mehta,Columbus,OH,Canada
CUST13182,Aman Gupta,Austin,TX,Australia
CUST13183,Aman Reddy,San Diego,CA,Canada
CUST13184,Mohit Kapoor,Seattle,WA,India
CUST13185,Sahil Singh,Los Angeles,CA,United Kingdom
CUST13186,Mohit Verma,San Francisco,CA,Canada
CUST13187,Vivaan Gupta,San Jose,CA,India
CUST13188,Mohit Verma,Austin,TX,Australia
CUST13189,Aditya Kumar,Fort Worth,TX,Australia
CUST13190,Simran Kapoor,Indianapolis,IN,Australia
CUST13191,Kabir Joshi,Jacksonville,FL,Australia
CUST13192,Simran Verma,San Antonio,TX,United Kingdom
CUST13193,Priya Kumar,Phoenix,AZ,Canada
CUST13194,Priya Joshi,Philadelphia,PA,Australia
CUST13195,Simran Kapoor,Los Angeles,CA,Canada
CUST13196,Anjali Sharma,San Jose,CA,Canada
CUST13197,Rohit Mehta,New York,NY,United Kingdom
CUST13198,Simran Kumar,New York,NY,Australia
CUST13199,Simran Singh,Houston,TX,India
CUST13200,Sunita Kumar,Fort Worth,TX,United Kingdom
CUST13201,Aditya Kumar,Charlotte,NC,Canada
CUST13202,Sunita Gupta,Phoenix,AZ,Canada
CUST13203,Anjali Kumar,Philadelphia,PA,Canada
CUST13204,Pooja Kumar,New York,NY,Australia
CUST13205,Karan Singh,Denver,CO,Australia
CUST13206,Rohit Gupta,Los Angeles,CA,Canada
CUST13207,Aarav Reddy,Indianapolis,IN,Canada
CUST13208,Anjali Gupta,Washington,DC,Australia
CUST13209,Kabir Gupta,San Antonio,TX,Canada
CUST13210,Priya Mehta,Dallas,TX,India
CUST13211,Mohit Gupta,Los Angeles,CA,United Kingdom
CUST13212,Kabir Kapoor,Chicago,IL,United Kingdom
CUST13213,Aarav Reddy,Phoenix,AZ,India
CUST13214,Anjali Singh,Los Angeles,CA,Australia
CUST13215,Sahil Patel,Columbus,OH,Canada
CUST13216,Vikas Singh,Fort Worth,TX,Australia
CUST13217,Aman Kapoor,Washington,DC,United Kingdom
CUST13218,Priya Reddy,Phoenix,AZ,United Kingdom
CUST13219,Rohit Singh,Jacksonville,FL,Australia
CUST13220,Pooja Patel,Indianapolis,IN,India
CUST13221,Sneha Kapoor,Jacksonville,FL,Canada
CUST13222,Aarav Reddy,San Antonio,TX,India
CUST13223,Rohit Singh,Charlotte,NC,India
CUST13224,Vivaan Mehta,Denver,CO,Australia
CUST13225,Vivaan Singh,Philadelphia,PA,India
CUST13226,Vihaan Reddy,New York,NY,Canada
CUST13227,Vikas Joshi,Fort Worth,TX,Canada
CUST13228,Sahil Sharma,Houston,TX,Canada
CUST13229,Pooja Kapoor,Austin,TX,Australia
CUST13230,Kabir Sharma,Denver,CO,Canada
CUST13231,Aman Sharma,San Antonio,TX,India
CUST13232,Rohit Patel,Philadelphia,PA,India
CUST13233,Kabir Sharma,Philadelphia,PA,United Kingdom
CUST13234,Rohit Patel,Denver,CO,Canada
CUST13235,Sahil Patel,Philadelphia,PA,United Kingdom
CUST13236,Arjun Gupta,Houston,TX,United Kingdom
CUST13237,Sunita Kumar,Phoenix,AZ,Australia
CUST13238,Rohit Kapoor,Chicago,IL,Canada
CUST13239,Mohit Gupta,San Francisco,CA,India
CUST13240,Mohit Gupta,Seattle,WA,United Kingdom
CUST13241,Anjali Verma,Philadelphia,PA,India
CUST13242,Aarav Kumar,Seattle,WA,United Kingdom
CUST13243,Aarav Kumar,Los Angeles,CA,United Kingdom
CUST13244,Aarav Patel,Fort Worth,TX,Australia
CUST13245,Priya Kapoor,Fort Worth,TX,United Kingdom
CUST13246,Sahil Gupta,San Antonio,TX,Canada
CUST13247,Aman Verma,Chicago,IL,Australia
CUST13248,Vihaan Verma,Philadelphia,PA,Australia
CUST13249,Arjun Joshi,San Diego,CA,Canada
CUST13250,Vikas Kapoor,Columbus,OH,Canada
CUST13251,Sunita Reddy,Fort Worth,TX,United Kingdom
CUST13252,Vihaan Singh,Fort Worth,TX,India
CUST13253,Ritika Singh,San Francisco,CA,Australia
CUST13254,Aman Reddy,San Francisco,CA,India
CUST13255,Priya Gupta,San Jose,CA,United Kingdom
CUST13256,Ritika Reddy,New York,NY,Australia
CUST13257,Vihaan Singh,San Diego,CA,Australia
CUST13258,Neha Verma,San Antonio,TX,Canada
CUST13259,Simran Joshi,Columbus,OH,Australia
CUST13260,Simran Gupta,Columbus,OH,United Kingdom
CUST13261,Mohit Verma,Dallas,TX,India
CUST13262,Sahil Verma,Columbus,OH,Canada
CUST13263,Sahil Singh,Houston,TX,Australia
CUST13264,Anjali Gupta,Denver,CO,Australia
CUST13265,Ritika Mehta,Los Angeles,CA,India
CUST13266,Aarav Reddy,Fort Worth,TX,Canada
CUST13267,Neha Sharma,Indianapolis,IN,Australia
CUST13268,Rohit Reddy,San Jose,CA,United Kingdom
CUST13269,Vihaan Kapoor,Charlotte,NC,United Kingdom
CUST13270,Aarav Sharma,San Diego,CA,United Kingdom
CUST13271,Mohit Kumar,Indianapolis,IN,Australia
CUST13272,Sneha Kumar,Los Angeles,CA,United Kingdom
CUST13273,Aditya Kumar,Chicago,IL,United Kingdom
CUST13274,Kabir Patel,Jacksonville,FL,Australia
CUST13275,Sneha Mehta,Austin,TX,Australia
CUST13276,Ritika Verma,New York,NY,India
CUST13277,Anjali Gupta,San Antonio,TX,Canada
CUST13278,Simran Gupta,Charlotte,NC,India
CUST13279,Rohit Singh,Seattle,WA,United Kingdom
CUST13280,Vihaan Gupta,Jacksonville,FL,United Kingdom
CUST13281,Ritika Singh,San Jose,CA,Canada
CUST13282,Pooja Reddy,San Antonio,TX,Canada
CUST13283,Pooja Kapoor,San Antonio,TX,Australia
CUST13284,Aarav Kumar,San Francisco,CA,Australia
CUST13285,Sahil Reddy,San Jose,CA,India
CUST13286,Sahil Mehta,Jacksonville,FL,India
CUST13287,Aman Verma,Fort Worth,TX,Canada
CUST13288,Karan Reddy,Jacksonville,FL,United Kingdom
CUST13289,Simran Kapoor,Washington,DC,United Kingdom
CUST13290,Sunita Patel,Jacksonville,FL,Canada
CUST13291,Vihaan Gupta,Seattle,WA,Australia
CUST13292,Vivaan Kapoor,Chicago,IL,United Kingdom
CUST13293,Sneha Verma,Jacksonville,FL,Canada
CUST13294,Arjun Gupta,Columbus,OH,Australia
CUST13295,Neha Verma,Phoenix,AZ,Australia
CUST13296,Sneha Verma,San Antonio,TX,India
CUST13297,Karan Kapoor,Houston,TX,Australia
CUST13298,Karan Joshi,Seattle,WA,Australia
CUST13299,Pooja Reddy,San Francisco,CA,Australia
CUST13300,Sahil Kumar,Seattle,WA,Australia
CUST13301,Karan Kapoor,Denver,CO,India
CUST13302,Rohit Patel,Austin,TX,India
CUST13303,Vihaan Reddy,Washington,DC,Canada
CUST13304,Ritika Gupta,Fort Worth,TX,Australia
CUST13305,Simran Mehta,Phoenix,AZ,Canada
CUST13306,Arjun Kapoor,Los Angeles,CA,Canada
CUST13307,Aman Kapoor,San Francisco,CA,United Kingdom
CUST13308,Mohit Verma,Los Angeles,CA,India
CUST13309,Pooja Patel,Denver,CO,India
CUST13310,Sunita Singh,Seattle,WA,Australia
CUST13311,Vihaan Gupta,San Jose,CA,Canada
CUST13312,Sneha Kapoor,Houston,TX,Australia
CUST13313,Sunita Joshi,San Antonio,TX,Canada
CUST13314,Kabir Sharma,San Antonio,TX,Canada
CUST13315,Ritika Patel,Phoenix,AZ,United Kingdom
CUST13316,Sneha Patel,Los Angeles,CA,Australia
CUST13317,Pooja Reddy,Dallas,TX,United Kingdom
CUST13318,Anjali Verma,Columbus,OH,Australia
CUST13319,Neha Kumar,Los Angeles,CA,India
CUST13320,Aman Mehta,Jacksonville,FL,United Kingdom
CUST13321,Aditya Verma,Charlotte,NC,Australia
CUST13322,Aman Reddy,New York,NY,Canada
CUST13323,Neha Verma,Denver,CO,Canada
CUST13324,Arjun Kapoor,New York,NY,United Kingdom
CUST13325,Simran Kumar,Dallas,TX,United Kingdom
CUST13326,Arjun Gupta,Seattle,WA,Canada
CUST13327,Aditya Patel,San Antonio,TX,India
CUST13328,Sunita Reddy,Columbus,OH,United Kingdom
CUST13329,Aman Joshi,San Diego,CA,Australia
CUST13330,Sneha Patel,New York,NY,India
CUST13331,Kabir Gupta,Charlotte,NC,United Kingdom
CUST13332,Aditya Mehta,Washington,DC,Canada
CUST13333,Aman Singh,Charlotte,NC,India
CUST13334,Sunita Gupta,Seattle,WA,India
CUST13335,Arjun Mehta,Columbus,OH,United Kingdom
CUST13336,Neha Joshi,Dallas,TX,Australia
CUST13337,Aditya Gupta,New York,NY,Australia
CUST13338,Vivaan Joshi,New York,NY,Australia
CUST13339,Mohit Mehta,New York,NY,Canada
CUST13340,Priya Reddy,San Jose,CA,United Kingdom
CUST13341,Rohit Gupta,Indianapolis,IN,Canada
CUST13342,Vikas Kumar,Charlotte,NC,Canada
CUST13343,Sneha Joshi,Charlotte,NC,United Kingdom
CUST13344,Sneha Kapoor,Fort Worth,TX,Australia
CUST13345,Vihaan Kumar,New York,NY,Canada
CUST13346,Aarav Patel,Los Angeles,CA,Canada
CUST13347,Aditya Reddy,Indianapolis,IN,Canada
CUST13348,Aman Verma,Dallas,TX,Canada
CUST13349,Vihaan Reddy,Chicago,IL,United Kingdom
CUST13350,Arjun Joshi,Dallas,TX,Australia
CUST13351,Aman Kumar,San Jose,CA,India
CUST13352,Sahil Sharma,Los Angeles,CA,United Kingdom
CUST13353,Aman Gupta,Fort Worth,TX,India
CUST13354,Aarav Kumar,Chicago,IL,Australia
CUST13355,Vivaan Kapoor,Phoenix,AZ,Australia
CUST13356,Sneha Reddy,San Francisco,CA,Canada
CUST13357,Vikas Patel,Houston,TX,India
CUST13358,Anjali Joshi,Dallas,TX,United Kingdom
CUST13359,Pooja Joshi,Los Angeles,CA,Canada
CUST13360,Rohit Sharma,Dallas,TX,India
CUST13361,Ritika Sharma,Los Angeles,CA,United Kingdom
CUST13362,Aarav Sharma,New York,NY,India
CUST13363,Aarav Kumar,Fort Worth,TX,India
CUST13364,Karan Kumar,Phoenix,AZ,Australia
CUST13365,Sneha Mehta,Seattle,WA,United Kingdom
CUST13366,Sunita Patel,Columbus,OH,Australia
CUST13367,Sneha Reddy,Denver,CO,United Kingdom
CUST13368,Priya Sharma,San Diego,CA,Canada
CUST13369,Ritika Kumar,San Francisco,CA,Canada
CUST13370,Neha Verma,Jacksonville,FL,Canada
CUST13371,Sneha Gupta,New York,NY,Canada
CUST13372,Kabir Singh,Charlotte,NC,India
CUST13373,Kabir Mehta,San Diego,CA,India
CUST13374,Sneha Sharma,Denver,CO,United Kingdom
CUST13375,Ritika Verma,San Diego,CA,Canada
CUST13376,Priya Mehta,San Francisco,CA,United Kingdom
CUST13377,Mohit Sharma,San Francisco,CA,Australia
CUST13378,Mohit Mehta,Indianapolis,IN,United Kingdom
CUST13379,Priya Singh,Los Angeles,CA,United Kingdom
CUST13380,Kabir Kapoor,Columbus,OH,India
CUST13381,Aarav Patel,Phoenix,AZ,India
CUST13382,Mohit Gupta,Washington,DC,United Kingdom
CUST13383,Sunita Kumar,Charlotte,NC,India
CUST13384,Arjun Reddy,Chicago,IL,United Kingdom
CUST13385,Aarav Gupta,San Jose,CA,Canada
CUST13386,Aditya Verma,Dallas,TX,Canada
CUST13387,Aarav Reddy,Indianapolis,IN,India
CUST13388,Mohit Reddy,Austin,TX,United Kingdom
CUST13389,Ritika Sharma,Columbus,OH,India
CUST13390,Neha Mehta,San Antonio,TX,Australia
CUST13391,Aditya Gupta,San Diego,CA,Canada
CUST13392,Pooja Kapoor,Jacksonville,FL,United Kingdom
CUST13393,Neha Kumar,Charlotte,NC,Australia
CUST13394,Rohit Gupta,Chicago,IL,United Kingdom
CUST13395,Rohit Reddy,Houston,TX,United Kingdom
CUST13396,Aman Reddy,Columbus,OH,Canada
CUST13397,Kabir Patel,Indianapolis,IN,Australia
CUST13398,Kabir Mehta,Phoenix,AZ,India
CUST13399,Rohit Kumar,Phoenix,AZ,United Kingdom
CUST13400,Neha Gupta,Philadelphia,PA,India
CUST13401,Kabir Sharma,San Antonio,TX,United Kingdom
CUST13402,Rohit Sharma,San Diego,CA,Australia
CUST13403,Sneha Patel,Jacksonville,FL,India
CUST13404,Sneha Mehta,San Antonio,TX,Canada
CUST13405,Vikas Singh,Chicago,IL,Australia
CUST13406,Ritika Patel,Los Angeles,CA,India
CUST13407,Sneha Sharma,Fort Worth,TX,Australia
CUST13408,Sahil Reddy,San Diego,CA,India
CUST13409,Aman Verma,Philadelphia,PA,United Kingdom
CUST13410,Vivaan Kumar,Los Angeles,CA,Australia
CUST13411,Priya Verma,Indianapolis,IN,United Kingdom
CUST13412,Aman Sharma,Austin,TX,Canada
CUST13413,Aarav Kapoor,San Francisco,CA,Canada
CUST13414,Mohit Reddy,Phoenix,AZ,Australia
CUST13415,Sneha Kapoor,Fort Worth,TX,Canada
CUST13416,Simran Patel,San Diego,CA,United Kingdom
CUST13417,Priya Sharma,San Jose,CA,United Kingdom
CUST13418,Neha Verma,Austin,TX,Canada
CUST13419,Sunita Kapoor,Houston,TX,India
CUST13420,Arjun Kapoor,Fort Worth,TX,India
CUST13421,Vivaan Joshi,Fort Worth,TX,India
CUST13422,Pooja Kapoor,Charlotte,NC,Canada
CUST13423,Kabir Singh,Houston,TX,Canada
CUST13424,Ritika Reddy,San Antonio,TX,Canada
CUST13425,Aarav Joshi,San Jose,CA,Australia
CUST13426,Aman Patel,Dallas,TX,Canada
CUST13427,Arjun Verma,Washington,DC,Australia
CUST13428,Simran Verma,Columbus,OH,United Kingdom
CUST13429,Sneha Singh,Phoenix,AZ,United Kingdom
CUST13430,Aditya Verma,San Antonio,TX,United Kingdom
CUST13431,Aman Verma,Fort Worth,TX,India
CUST13432,Vivaan Joshi,Philadelphia,PA,Canada
CUST13433,Vivaan Kumar,Chicago,IL,Australia
CUST13434,Vivaan Patel,Columbus,OH,United Kingdom
CUST13435,Anjali Joshi,Washington,DC,Australia
CUST13436,Simran Kumar,Seattle,WA,Australia
CUST13437,Rohit Reddy,Washington,DC,India
CUST13438,Priya Joshi,San Diego,CA,United Kingdom
CUST13439,Rohit Verma,New York,NY,Australia
CUST13440,Mohit Kumar,Dallas,TX,Australia
CUST13441,Arjun Patel,Houston,TX,India
CUST13442,Vihaan Gupta,Phoenix,AZ,Canada
CUST13443,Anjali Reddy,Phoenix,AZ,Australia
CUST13444,Mohit Reddy,Dallas,TX,Canada
CUST13445,Simran Kumar,Charlotte,NC,Canada
CUST13446,Sunita Gupta,Indianapolis,IN,India
CUST13447,Kabir Gupta,Fort Worth,TX,United Kingdom
CUST13448,Vihaan Singh,Washington,DC,Australia
CUST13449,Aarav Singh,Seattle,WA,India
CUST13450,Neha Sharma,San Francisco,CA,India
CUST13451,Aman Kapoor,Columbus,OH,Australia
CUST13452,Vivaan Verma,Seattle,WA,Canada
CUST13453,Vihaan Singh,Houston,TX,Canada
CUST13454,Simran Gupta,Phoenix,AZ,Australia
CUST13455,Kabir Kapoor,Seattle,WA,Canada
CUST13456,Aditya Joshi,Washington,DC,United Kingdom
CUST13457,Priya Gupta,Charlotte,NC,United Kingdom
CUST13458,Neha Reddy,Charlotte,NC,United Kingdom
CUST13459,Rohit Patel,Seattle,WA,Australia
CUST13460,Aditya Sharma,Charlotte,NC,Canada
CUST13461,Anjali Joshi,Charlotte,NC,Canada
CUST13462,Vihaan Sharma,Columbus,OH,Australia
CUST13463,Simran Sharma,New York,NY,United Kingdom
CUST13464,Mohit Joshi,Phoenix,AZ,Canada
CUST13465,Sahil Gupta,Seattle,WA,United Kingdom
CUST13466,Ritika Joshi,Chicago,IL,Australia
CUST13467,Pooja Patel,Austin,TX,Canada
CUST13468,Arjun Singh,Seattle,WA,India
CUST13469,Vivaan Singh,Los Angeles,CA,India
CUST13470,Ritika Gupta,San Antonio,TX,United Kingdom
CUST13471,Mohit Sharma,Austin,TX,Canada
CUST13472,Vihaan Singh,Austin,TX,United Kingdom
CUST13473,Aarav Sharma,Jacksonville,FL,Australia
CUST13474,Pooja Mehta,Seattle,WA,United Kingdom
CUST13475,Sunita Mehta,Austin,TX,India
CUST13476,Aman Kapoor,San Jose,CA,India
CUST13477,Sahil Joshi,Philadelphia,PA,United Kingdom
CUST13478,Karan Reddy,San Francisco,CA,United Kingdom
CUST13479,Sneha Reddy,San Francisco,CA,United Kingdom
CUST13480,Kabir Patel,Columbus,OH,United Kingdom
CUST13481,Sunita Gupta,Austin,TX,Australia
CUST13482,Priya Sharma,Indianapolis,IN,India
CUST13483,Mohit Reddy,Dallas,TX,United Kingdom
CUST13484,Aman Sharma,Los Angeles,CA,United Kingdom
CUST13485,Simran Joshi,Seattle,WA,Australia
CUST13486,Pooja Singh,Fort Worth,TX,United Kingdom
CUST13487,Neha Sharma,San Jose,CA,United Kingdom
CUST13488,Arjun Joshi,Chicago,IL,Canada
CUST13489,Vikas Sharma,Phoenix,AZ,India
CUST13490,Pooja Patel,Washington,DC,Canada
CUST13491,Neha Reddy,Columbus,OH,Australia
CUST13492,Neha Reddy,Denver,CO,Canada
CUST13493,Aditya Singh,Denver,CO,Canada
CUST13494,Arjun Verma,San Francisco,CA,Canada
CUST13495,Vivaan Sharma,San Diego,CA,India
CUST13496,Pooja Kumar,Jacksonville,FL,Canada
CUST13497,Aman Reddy,San Jose,CA,Australia
CUST13498,Rohit Singh,Denver,CO,Canada
CUST13499,Pooja Gupta,San Diego,CA,Canada
CUST13500,Karan Patel,Charlotte,NC,Canada
CUST13501,Vivaan Reddy,Los Angeles,CA,Australia
CUST13502,Neha Patel,Philadelphia,PA,United Kingdom
CUST13503,Simran Patel,Jacksonville,FL,United Kingdom
CUST13504,Sunita Reddy,Indianapolis,IN,Canada
CUST13505,Sahil Patel,Houston,TX,United Kingdom
CUST13506,Rohit Gupta,Indianapolis,IN,India
CUST13507,Vihaan Joshi,Phoenix,AZ,Canada
CUST13508,Rohit Kumar,Washington,DC,India
CUST13509,Neha Kapoor,Washington,DC,Canada
CUST13510,Sneha Reddy,Denver,CO,Canada
CUST13511,Aman Singh,San Diego,CA,United Kingdom
CUST13512,Aarav Gupta,Philadelphia,PA,Canada
CUST13513,Priya Sharma,Charlotte,NC,India
CUST13514,Pooja Joshi,Indianapolis,IN,Canada
CUST13515,Karan Kumar,San Francisco,CA,Canada
CUST13516,Ritika Verma,Washington,DC,India
CUST13517,Kabir Sharma,Jacksonville,FL,Australia
CUST13518,Aditya Kumar,New York,NY,United Kingdom
CUST13519,Simran Joshi,Dallas,TX,Canada
CUST13520,Vikas Singh,Dallas,TX,Australia
CUST13521,Pooja Verma,Los Angeles,CA,India
CUST13522,Sahil Joshi,Phoenix,AZ,India
CUST13523,Arjun Kapoor,Indianapolis,IN,India
CUST13524,Simran Mehta,Phoenix,AZ,Australia
CUST13525,Kabir Joshi,Charlotte,NC,Australia
CUST13526,Neha Patel,San Diego,CA,United Kingdom
CUST13527,Vihaan Kapoor,Phoenix,AZ,United Kingdom
CUST13528,Aman Singh,San Francisco,CA,United Kingdom
CUST13529,Anjali Kumar,San Antonio,TX,United Kingdom
CUST13530,Mohit Singh,Columbus,OH,Canada
CUST13531,Sahil Mehta,San Jose,CA,Australia
CUST13532,Vikas Mehta,Dallas,TX,India
CUST13533,Neha Patel,Indianapolis,IN,Australia
CUST13534,Sneha Kumar,Denver,CO,India
CUST13535,Kabir Sharma,Fort Worth,TX,Australia
CUST13536,Mohit Reddy,Philadelphia,PA,Australia
CUST13537,Rohit Verma,Los Angeles,CA,Australia
CUST13538,Anjali Mehta,Chicago,IL,United Kingdom
CUST13539,Vivaan Patel,San Francisco,CA,India
CUST13540,Aditya Verma,San Diego,CA,United Kingdom
CUST13541,Mohit Sharma,Fort Worth,TX,United Kingdom
CUST13542,Arjun Sharma,Dallas,TX,Australia
CUST13543,Vihaan Joshi,San Antonio,TX,India
CUST13544,Vivaan Kapoor,Seattle,WA,India
CUST13545,Vivaan Singh,Denver,CO,Australia
CUST13546,Simran Joshi,San Diego,CA,United Kingdom
CUST13547,Rohit Joshi,Chicago,IL,Canada
CUST13548,Anjali Gupta,Los Angeles,CA,Australia
CUST13549,Anjali Kumar,San Diego,CA,United Kingdom
CUST13550,Aman Verma,San Jose,CA,United Kingdom
CUST13551,Sunita Gupta,Indianapolis,IN,Australia
CUST13552,Anjali Verma,Fort Worth,TX,India
CUST13553,Kabir Patel,Austin,TX,India
CUST13554,Sunita Sharma,Houston,TX,Canada
CUST13555,Rohit Kumar,Houston,TX,India
CUST13556,Aditya Mehta,New York,NY,Canada
CUST13557,Aarav Kumar,Los Angeles,CA,Canada
CUST13558,Aarav Mehta,San Diego,CA,Canada
CUST13559,Aditya Singh,New York,NY,United Kingdom
CUST13560,Anjali Sharma,Fort Worth,TX,Canada
CUST13561,Pooja Joshi,Charlotte,NC,India
CUST13562,Ritika Reddy,San Jose,CA,United Kingdom
CUST13563,Kabir Sharma,Austin,TX,India
CUST13564,Aman Joshi,San Francisco,CA,United Kingdom
CUST13565,Karan Kapoor,Dallas,TX,United Kingdom
CUST13566,Mohit Mehta,Columbus,OH,Australia
CUST13567,Simran Verma,Houston,TX,India
CUST13568,Sunita Verma,Charlotte,NC,Canada
CUST13569,Pooja Singh,Phoenix,AZ,United Kingdom
CUST13570,Neha Kapoor,San Francisco,CA,United Kingdom
CUST13571,Sahil Verma,San Antonio,TX,Australia
CUST13572,Mohit Verma,San Diego,CA,Australia
CUST13573,Priya Sharma,San Francisco,CA,India
CUST13574,Mohit Mehta,Phoenix,AZ,India
CUST13575,Vihaan Kumar,San Jose,CA,Australia
CUST13576,Priya Kapoor,Phoenix,AZ,Canada
CUST13577,Vihaan Patel,San Francisco,CA,United Kingdom
CUST13578,Neha Patel,Columbus,OH,United Kingdom
CUST13579,Anjali Kumar,New York,NY,Canada
CUST13580,Pooja Reddy,Phoenix,AZ,India
CUST13581,Vikas Joshi,Philadelphia,PA,United Kingdom
CUST13582,Arjun Joshi,Chicago,IL,Australia
CUST13583,Vihaan Joshi,Indianapolis,IN,United Kingdom
CUST13584,Mohit Sharma,Los Angeles,CA,United Kingdom
CUST13585,Aditya Verma,Phoenix,AZ,Canada
CUST13586,Vihaan Gupta,San Antonio,TX,Canada
CUST13587,Karan Verma,Washington,DC,India
CUST13588,Aarav Gupta,San Antonio,TX,India
CUST13589,Kabir Singh,San Jose,CA,Canada
CUST13590,Sahil Verma,Phoenix,AZ,Australia
CUST13591,Vikas Kumar,Seattle,WA,United Kingdom
CUST13592,Priya Sharma,Seattle,WA,India
CUST13593,Ritika Joshi,Los Angeles,CA,Canada
CUST13594,Aditya Joshi,Philadelphia,PA,India
CUST13595,Rohit Mehta,Los Angeles,CA,United Kingdom
CUST13596,Aarav Mehta,San Francisco,CA,India
CUST13597,Priya Gupta,Phoenix,AZ,United Kingdom
CUST13598,Sahil Verma,Jacksonville,FL,Australia
CUST13599,Simran Mehta,Austin,TX,India
CUST13600,Aarav Reddy,Jacksonville,FL,Canada
CUST13601,Aarav Gupta,Dallas,TX,India
CUST13602,Arjun Joshi,Jacksonville,FL,United Kingdom
CUST13603,Aarav Patel,Austin,TX,United Kingdom
CUST13604,Rohit Kapoor,Philadelphia,PA,United Kingdom
CUST13605,Mohit Reddy,San Jose,CA,Australia
CUST13606,Vivaan Mehta,Chicago,IL,Australia
CUST13607,Aditya Joshi,Chicago,IL,India
CUST13608,Simran Kapoor,San Antonio,TX,United Kingdom
CUST13609,Arjun Kumar,Columbus,OH,India
CUST13610,Arjun Joshi,San Antonio,TX,Australia
CUST13611,Mohit Gupta,Los Angeles,CA,Canada
CUST13612,Sunita Reddy,Charlotte,NC,Australia
CUST13613,Sahil Kumar,Philadelphia,PA,Australia
CUST13614,Priya Mehta,San Francisco,CA,Canada
CUST13615,Vihaan Gupta,Phoenix,AZ,India
CUST13616,Vihaan Sharma,Seattle,WA,United Kingdom
CUST13617,Mohit Mehta,Los Angeles,CA,Australia
CUST13618,Aarav Mehta,Denver,CO,India
CUST13619,Aman Patel,Chicago,IL,United Kingdom
CUST13620,Vikas Kapoor,Houston,TX,India
CUST13621,Sunita Gupta,Los Angeles,CA,Canada
CUST13622,Simran Gupta,San Antonio,TX,United Kingdom
CUST13623,Neha Kapoor,Charlotte,NC,United Kingdom
CUST13624,Pooja Reddy,Seattle,WA,Australia
CUST13625,Aditya Singh,San Diego,CA,United Kingdom
CUST13626,Mohit Verma,San Diego,CA,Canada
CUST13627,Sunita Reddy,Houston,TX,Australia
CUST13628,Arjun Reddy,Columbus,OH,Canada
CUST13629,Aarav Joshi,San Diego,CA,Australia
CUST13630,Sunita Mehta,San Francisco,CA,United Kingdom
CUST13631,Aarav Kapoor,Indianapolis,IN,Australia
CUST13632,Mohit Sharma,Chicago,IL,Canada
CUST13633,Priya Mehta,Columbus,OH,United Kingdom
CUST13634,Kabir Reddy,Chicago,IL,United Kingdom
CUST13635,Sunita Kapoor,New York,NY,United Kingdom
CUST13636,Priya Kumar,San Antonio,TX,Canada
CUST13637,Arjun Verma,Phoenix,AZ,United Kingdom
CUST13638,Vikas Reddy,Denver,CO,India
CUST13639,Rohit Singh,Houston,TX,Canada
CUST13640,Pooja Kumar,Dallas,TX,India
CUST13641,Aarav Reddy,Philadelphia,PA,India
CUST13642,Vivaan Joshi,San Francisco,CA,United Kingdom
CUST13643,Arjun Joshi,Chicago,IL,India
CUST13644,Aarav Kapoor,Los Angeles,CA,United Kingdom
CUST13645,Kabir Sharma,Indianapolis,IN,Australia
CUST13646,Vivaan Sharma,Los Angeles,CA,Canada
CUST13647,Simran Singh,San Jose,CA,United Kingdom
CUST13648,Rohit Joshi,Charlotte,NC,Australia
CUST13649,Vikas Sharma,Denver,CO,Australia
CUST13650,Rohit Patel,Houston,TX,Canada
CUST13651,Arjun Sharma,Los Angeles,CA,Canada
CUST13652,Arjun Mehta,Fort Worth,TX,India
CUST13653,Simran Sharma,Los Angeles,CA,Canada
CUST13654,Mohit Mehta,Seattle,WA,India
CUST13655,Ritika Sharma,Chicago,IL,India
CUST13656,Sneha Reddy,Dallas,TX,United Kingdom
CUST13657,Karan Reddy,Dallas,TX,Australia
CUST13658,Sunita Joshi,San Antonio,TX,United Kingdom
CUST13659,Priya Gupta,Los Angeles,CA,United Kingdom
CUST13660,Vivaan Verma,San Francisco,CA,United Kingdom
CUST13661,Arjun Gupta,Washington,DC,United Kingdom
CUST13662,Kabir Mehta,Houston,TX,United Kingdom
CUST13663,Karan Verma,Dallas,TX,Canada
CUST13664,Rohit Gupta,Fort Worth,TX,Canada
CUST13665,Vivaan Mehta,Charlotte,NC,United Kingdom
CUST13666,Sunita Mehta,San Diego,CA,Canada
CUST13667,Aman Kumar,Washington,DC,Australia
CUST13668,Vivaan Reddy,Charlotte,NC,Canada
CUST13669,Rohit Joshi,Seattle,WA,Australia
CUST13670,Sahil Gupta,Indianapolis,IN,Australia
CUST13671,Aarav Patel,New York,NY,India
CUST13672,Sunita Reddy,Denver,CO,Canada
CUST13673,Pooja Reddy,Austin,TX,Canada
CUST13674,Sunita Mehta,New York,NY,United Kingdom
CUST13675,Ritika Singh,Chicago,IL,India
CUST13676,Anjali Reddy,Washington,DC,United Kingdom
CUST13677,Neha Reddy,Fort Worth,TX,Australia
CUST13678,Vivaan Kumar,Philadelphia,PA,United Kingdom
CUST13679,Neha Joshi,Phoenix,AZ,India
CUST13680,Aarav Gupta,Seattle,WA,Australia
CUST13681,Pooja Kapoor,San Antonio,TX,United Kingdom
CUST13682,Vivaan Singh,San Diego,CA,Australia
CUST13683,Priya Joshi,San Jose,CA,Australia
CUST13684,Aman Kumar,Los Angeles,CA,Canada
CUST13685,Sneha Singh,San Francisco,CA,Canada
CUST13686,Simran Mehta,Fort Worth,TX,Australia
CUST13687,Anjali Kapoor,Washington,DC,Australia
CUST13688,Aarav Patel,Chicago,IL,India
CUST13689,Vivaan Kumar,Washington,DC,Canada
CUST13690,Mohit Singh,Austin,TX,United Kingdom
CUST13691,Sunita Singh,Austin,TX,United Kingdom
CUST13692,Vikas Sharma,Chicago,IL,United Kingdom
CUST13693,Anjali Kumar,San Jose,CA,Canada
CUST13694,Priya Mehta,Indianapolis,IN,India
CUST13695,Mohit Singh,San Diego,CA,Australia
CUST13696,Vivaan Joshi,Philadelphia,PA,United Kingdom
CUST13697,Kabir Kapoor,New York,NY,Canada
CUST13698,Arjun Singh,New York,NY,Australia
CUST13699,Simran Patel,Phoenix,AZ,Canada
CUST13700,Anjali Kumar,Seattle,WA,United Kingdom
CUST13701,Vikas Sharma,Charlotte,NC,Canada
CUST13702,Sunita Gupta,Austin,TX,Canada
CUST13703,Sahil Kumar,New York,NY,India
CUST13704,Sunita Verma,Fort Worth,TX,India
CUST13705,Aarav Kumar,San Diego,CA,Canada
CUST13706,Sahil Kapoor,Jacksonville,FL,Canada
CUST13707,Anjali Mehta,Phoenix,AZ,India
CUST13708,Mohit Kumar,Phoenix,AZ,India
CUST13709,Neha Gupta,Jacksonville,FL,India
CUST13710,Sunita Joshi,Los Angeles,CA,Canada
CUST13711,Rohit Kumar,Fort Worth,TX,Canada
CUST13712,Sneha Patel,Los Angeles,CA,United Kingdom
CUST13713,Neha Kapoor,Washington,DC,United Kingdom
CUST13714,Sunita Mehta,Denver,CO,Canada
CUST13715,Vihaan Reddy,San Diego,CA,Canada
CUST13716,Vikas Joshi,Columbus,OH,United Kingdom
CUST13717,Aman Gupta,Indianapolis,IN,Australia
CUST13718,Aarav Sharma,Houston,TX,United Kingdom
CUST13719,Kabir Sharma,Indianapolis,IN,Canada
CUST13720,Aarav Patel,Charlotte,NC,United Kingdom
CUST13721,Vihaan Patel,Charlotte,NC,United Kingdom
CUST13722,Vikas Joshi,Houston,TX,Canada
CUST13723,Aman Sharma,Seattle,WA,Canada
CUST13724,Vihaan Kapoor,Indianapolis,IN,United Kingdom
CUST13725,Karan Reddy,Columbus,OH,Canada
CUST13726,Neha Verma,Columbus,OH,Canada
CUST13727,Mohit Singh,Chicago,IL,India
CUST13728,Vivaan Kumar,Austin,TX,India
CUST13729,Vihaan Reddy,San Francisco,CA,Australia
CUST13730,Pooja Mehta,Jacksonville,FL,United Kingdom
CUST13731,Anjali Kumar,Houston,TX,Canada
CUST13732,Priya Patel,San Diego,CA,India
CUST13733,Neha Sharma,San Diego,CA,United Kingdom
CUST13734,Kabir Patel,Columbus,OH,Australia
CUST13735,Mohit Mehta,Los Angeles,CA,United Kingdom
CUST13736,Karan Kumar,Houston,TX,Australia
CUST13737,Anjali Joshi,San Diego,CA,India
CUST13738,Aman Mehta,San Antonio,TX,Canada
CUST13739,Pooja Mehta,Philadelphia,PA,United Kingdom
CUST13740,Rohit Singh,Indianapolis,IN,Canada
CUST13741,Vikas Kapoor,Los Angeles,CA,Canada
CUST13742,Kabir Mehta,Seattle,WA,Canada
CUST13743,Vivaan Verma,San Jose,CA,Australia
CUST13744,Aman Gupta,Dallas,TX,Australia
CUST13745,Vikas Kumar,Denver,CO,United Kingdom
CUST13746,Pooja Mehta,Charlotte,NC,United Kingdom
CUST13747,Anjali Verma,Columbus,OH,Canada
CUST13748,Vikas Sharma,Chicago,IL,Canada
CUST13749,Aarav Verma,Charlotte,NC,Canada
CUST13750,Sahil Singh,Chicago,IL,India
CUST13751,Aditya Reddy,San Jose,CA,Canada
CUST13752,Sahil Verma,San Antonio,TX,United Kingdom
CUST13753,Mohit Joshi,Phoenix,AZ,Australia
CUST13754,Priya Mehta,Fort Worth,TX,Australia
CUST13755,Vikas Mehta,Columbus,OH,Australia
CUST13756,Kabir Reddy,New York,NY,India
CUST13757,Pooja Singh,New York,NY,Australia
CUST13758,Neha Singh,San Antonio,TX,Canada
CUST13759,Sahil Reddy,San Jose,CA,United Kingdom
CUST13760,Sneha Gupta,Phoenix,AZ,India
CUST13761,Karan Kapoor,Dallas,TX,Australia
CUST13762,Vikas Kumar,Austin,TX,United Kingdom
CUST13763,Sahil Kumar,Denver,CO,India
CUST13764,Sneha Sharma,San Diego,CA,Canada
CUST13765,Priya Kumar,Jacksonville,FL,India
CUST13766,Sunita Verma,Seattle,WA,United Kingdom
CUST13767,Mohit Mehta,Chicago,IL,Canada
CUST13768,Neha Verma,Los Angeles,CA,United Kingdom
CUST13769,Mohit Verma,Seattle,WA,Australia
CUST13770,Anjali Kumar,Denver,CO,India
CUST13771,Rohit Singh,Columbus,OH,United Kingdom
CUST13772,Pooja Singh,New York,NY,India
CUST13773,Vihaan Mehta,San Antonio,TX,Australia
CUST13774,Kabir Gupta,Los Angeles,CA,United Kingdom
CUST13775,Ritika Kapoor,Washington,DC,Australia
CUST13776,Aarav Sharma,Dallas,TX,Canada
CUST13777,Simran Reddy,Los Angeles,CA,India
CUST13778,Aarav Joshi,Philadelphia,PA,Canada
CUST13779,Priya Reddy,Indianapolis,IN,Australia
CUST13780,Aarav Verma,Jacksonville,FL,Australia
CUST13781,Mohit Mehta,Seattle,WA,Australia
CUST13782,Rohit Singh,Austin,TX,Canada
CUST13783,Aditya Mehta,Fort Worth,TX,Australia
CUST13784,Aarav Patel,Seattle,WA,United Kingdom
CUST13785,Priya Singh,Austin,TX,Australia
CUST13786,Anjali Sharma,Columbus,OH,Canada
CUST13787,Ritika Verma,Los Angeles,CA,India
CUST13788,Anjali Gupta,Denver,CO,India
CUST13789,Karan Kapoor,Indianapolis,IN,Canada
CUST13790,Simran Kumar,Philadelphia,PA,India
CUST13791,Vikas Sharma,Fort Worth,TX,United Kingdom
CUST13792,Vihaan Gupta,Charlotte,NC,Australia
CUST13793,Arjun Mehta,Houston,TX,Australia
CUST13794,Aditya Kapoor,Houston,TX,United Kingdom
CUST13795,Arjun Reddy,Washington,DC,United Kingdom
CUST13796,Sahil Sharma,San Antonio,TX,United Kingdom
CUST13797,Sneha Sharma,Charlotte,NC,United Kingdom
CUST13798,Simran Verma,Indianapolis,IN,United Kingdom
CUST13799,Aarav Reddy,Charlotte,NC,India
CUST13800,Simran Singh,Denver,CO,India
CUST13801,Vihaan Joshi,Jacksonville,FL,Canada
CUST13802,Sahil Reddy,Denver,CO,Canada
CUST13803,Sahil Singh,San Jose,CA,United Kingdom
CUST13804,Vivaan Sharma,Phoenix,AZ,United Kingdom
CUST13805,Anjali Mehta,San Antonio,TX,United Kingdom
CUST13806,Neha Singh,Phoenix,AZ,India
CUST13807,Mohit Mehta,Washington,DC,United Kingdom
CUST13808,Karan Patel,Philadelphia,PA,Canada
CUST13809,Rohit Reddy,Dallas,TX,Canada
CUST13810,Sneha Kumar,Los Angeles,CA,Canada
CUST13811,Sunita Gupta,San Diego,CA,India
CUST13812,Kabir Reddy,San Francisco,CA,Australia
CUST13813,Sahil Joshi,Phoenix,AZ,Canada
CUST13814,Aman Reddy,Seattle,WA,Canada
CUST13815,Neha Sharma,San Francisco,CA,Canada
CUST13816,Aditya Kumar,Denver,CO,Australia
CUST13817,Sneha Kumar,Washington,DC,Australia
CUST13818,Simran Singh,Philadelphia,PA,India
CUST13819,Vikas Reddy,Los Angeles,CA,India
CUST13820,Anjali Kapoor,Seattle,WA,Canada
CUST13821,Aarav Gupta,Dallas,TX,Canada
CUST13822,Aman Reddy,Houston,TX,United Kingdom
CUST13823,Sahil Patel,Columbus,OH,India
CUST13824,Vikas Singh,Los Angeles,CA,Australia
CUST13825,Sahil Reddy,Charlotte,NC,Australia
CUST13826,Arjun Patel,Houston,TX,Canada
CUST13827,Karan Kumar,Jacksonville,FL,Australia
CUST13828,Simran Mehta,San Antonio,TX,Australia
CUST13829,Sneha Reddy,San Jose,CA,India
CUST13830,Aditya Mehta,Washington,DC,United Kingdom
CUST13831,Mohit Kumar,Indianapolis,IN,India
CUST13832,Ritika Gupta,Indianapolis,IN,Canada
CUST13833,Ritika Mehta,Los Angeles,CA,United Kingdom
CUST13834,Mohit Patel,San Francisco,CA,India
CUST13835,Simran Gupta,Indianapolis,IN,India
CUST13836,Neha Mehta,San Francisco,CA,United Kingdom
CUST13837,Aditya Joshi,Houston,TX,Australia
CUST13838,Priya Sharma,Philadelphia,PA,United Kingdom
CUST13839,Neha Patel,San Francisco,CA,United Kingdom
CUST13840,Vivaan Verma,New York,NY,United Kingdom
CUST13841,Simran Sharma,San Francisco,CA,Canada
CUST13842,Vivaan Kapoor,Phoenix,AZ,Canada
CUST13843,Rohit Verma,Washington,DC,United Kingdom
CUST13844,Ritika Kapoor,Los Angeles,CA,India
CUST13845,Vihaan Mehta,Dallas,TX,United Kingdom
CUST13846,Arjun Sharma,Seattle,WA,India
CUST13847,Ritika Verma,Indianapolis,IN,Canada
CUST13848,Neha Kapoor,Columbus,OH,Australia
CUST13849,Rohit Verma,Phoenix,AZ,Australia
CUST13850,Sahil Reddy,Jacksonville,FL,Australia
CUST13851,Rohit Joshi,Denver,CO,Canada
CUST13852,Ritika Singh,Indianapolis,IN,United Kingdom
CUST13853,Aarav Kumar,Charlotte,NC,Canada
CUST13854,Vihaan Joshi,New York,NY,Canada
CUST13855,Vivaan Joshi,San Jose,CA,India
CUST13856,Vivaan Gupta,San Diego,CA,Canada
CUST13857,Aman Singh,Fort Worth,TX,United Kingdom
CUST13858,Rohit Kumar,Washington,DC,Canada
CUST13859,Kabir Joshi,Seattle,WA,Australia
CUST13860,Ritika Sharma,Fort Worth,TX,Canada
CUST13861,Vikas Verma,Jacksonville,FL,Australia
CUST13862,Aditya Mehta,Philadelphia,PA,Canada
CUST13863,Mohit Gupta,Indianapolis,IN,Australia
CUST13864,Ritika Gupta,San Francisco,CA,Australia
CUST13865,Anjali Patel,Fort Worth,TX,United Kingdom
CUST13866,Priya Verma,Phoenix,AZ,Canada
CUST13867,Sneha Gupta,Houston,TX,Australia
CUST13868,Vivaan Reddy,Philadelphia,PA,India
CUST13869,Simran Joshi,Denver,CO,Canada
CUST13870,Simran Gupta,Dallas,TX,India
CUST13871,Sahil Gupta,Washington,DC,Canada
CUST13872,Aditya Joshi,San Jose,CA,Canada
CUST13873,Pooja Mehta,Columbus,OH,India
CUST13874,Arjun Sharma,New York,NY,Canada
CUST13875,Aditya Joshi,Austin,TX,Canada
CUST13876,Rohit Reddy,Seattle,WA,India
CUST13877,Karan Patel,San Diego,CA,Canada
CUST13878,Vikas Singh,Chicago,IL,Canada
CUST13879,Sunita Singh,Fort Worth,TX,United Kingdom
CUST13880,Neha Sharma,Indianapolis,IN,United Kingdom
CUST13881,Anjali Joshi,Dallas,TX,Australia
CUST13882,Aditya Sharma,Houston,TX,Canada
CUST13883,Sneha Gupta,Austin,TX,United Kingdom
CUST13884,Rohit Sharma,Philadelphia,PA,Australia
CUST13885,Aman Reddy,San Jose,CA,Canada
CUST13886,Aditya Kapoor,San Diego,CA,Australia
CUST13887,Anjali Kapoor,Fort Worth,TX,Australia
CUST13888,Sunita Joshi,San Francisco,CA,Canada
CUST13889,Vivaan Verma,Jacksonville,FL,India
CUST13890,Sahil Patel,Fort Worth,TX,India
CUST13891,Rohit Patel,San Francisco,CA,United Kingdom
CUST13892,Ritika Kapoor,Austin,TX,Australia
CUST13893,Pooja Kumar,Washington,DC,Canada
CUST13894,Aditya Mehta,Austin,TX,United Kingdom
CUST13895,Karan Verma,Chicago,IL,Australia
CUST13896,Priya Reddy,Philadelphia,PA,India
CUST13897,Ritika Sharma,Dallas,TX,Australia
CUST13898,Aarav Sharma,Chicago,IL,United Kingdom
CUST13899,Neha Joshi,Denver,CO,Australia
CUST13900,Ritika Singh,San Antonio,TX,United Kingdom
CUST13901,Kabir Mehta,Austin,TX,Canada
CUST13902,Sahil Singh,Austin,TX,United Kingdom
CUST13903,Arjun Verma,Los Angeles,CA,India
CUST13904,Rohit Sharma,Charlotte,NC,Australia
CUST13905,Sunita Mehta,San Jose,CA,Canada
CUST13906,Mohit Kumar,San Jose,CA,United Kingdom
CUST13907,Sahil Gupta,Seattle,WA,Canada
CUST13908,Aarav Gupta,Washington,DC,Australia
CUST13909,Vikas Gupta,San Diego,CA,Canada
CUST13910,Aditya Mehta,Houston,TX,Canada
CUST13911,Neha Joshi,Jacksonville,FL,India
CUST13912,Pooja Kumar,New York,NY,Canada
CUST13913,Rohit Singh,Dallas,TX,Canada
CUST13914,Priya Kapoor,San Francisco,CA,Australia
CUST13915,Vihaan Kumar,Dallas,TX,Canada
CUST13916,Mohit Singh,Seattle,WA,Canada
CUST13917,Aman Reddy,Jacksonville,FL,United Kingdom
CUST13918,Kabir Singh,Dallas,TX,Canada
CUST13919,Sunita Singh,Seattle,WA,United Kingdom
CUST13920,Aarav Mehta,Charlotte,NC,United Kingdom
CUST13921,Mohit Verma,Denver,CO,Australia
CUST13922,Aman Reddy,San Antonio,TX,Australia
CUST13923,Rohit Mehta,Fort Worth,TX,Australia
CUST13924,Rohit Mehta,Chicago,IL,Canada
CUST13925,Karan Gupta,Charlotte,NC,United Kingdom
CUST13926,Aman Kumar,Indianapolis,IN,Australia
CUST13927,Aarav Patel,Philadelphia,PA,United Kingdom
CUST13928,Sahil Verma,Los Angeles,CA,Canada
CUST13929,Vivaan Joshi,Jacksonville,FL,Canada
CUST13930,Simran Sharma,Dallas,TX,United Kingdom
CUST13931,Sahil Singh,Columbus,OH,United Kingdom
CUST13932,Mohit Gupta,San Diego,CA,Canada
CUST13933,Sneha Kapoor,San Jose,CA,United Kingdom
CUST13934,Sunita Sharma,Los Angeles,CA,Canada
CUST13935,Mohit Joshi,Dallas,TX,Australia
CUST13936,Vihaan Singh,Denver,CO,India
CUST13937,Neha Verma,Indianapolis,IN,Australia
CUST13938,Priya Kumar,Chicago,IL,United Kingdom
CUST13939,Ritika Patel,Fort Worth,TX,Canada
CUST13940,Aman Joshi,Chicago,IL,Australia
CUST13941,Kabir Kumar,Charlotte,NC,Canada
CUST13942,Ritika Kumar,Charlotte,NC,Canada
CUST13943,Sunita Reddy,Dallas,TX,Australia
CUST13944,Arjun Joshi,Jacksonville,FL,Canada
CUST13945,Aditya Gupta,San Diego,CA,Australia
CUST13946,Pooja Verma,San Antonio,TX,United Kingdom
CUST13947,Sahil Singh,Denver,CO,India
CUST13948,Aarav Patel,Indianapolis,IN,United Kingdom
CUST13949,Sahil Joshi,Denver,CO,Canada
CUST13950,Sunita Singh,Dallas,TX,Australia
CUST13951,Arjun Kapoor,San Jose,CA,Canada
CUST13952,Vihaan Gupta,San Antonio,TX,United Kingdom
CUST13953,Arjun Gupta,San Jose,CA,Canada
CUST13954,Mohit Singh,San Antonio,TX,Canada
CUST13955,Simran Sharma,Fort Worth,TX,Australia
CUST13956,Sneha Patel,Washington,DC,Australia
CUST13957,Mohit Patel,Phoenix,AZ,India
CUST13958,Sneha Gupta,Charlotte,NC,United Kingdom
CUST13959,Mohit Joshi,Chicago,IL,Canada
CUST13960,Sahil Mehta,New York,NY,United Kingdom
CUST13961,Mohit Kapoor,Fort Worth,TX,Australia
CUST13962,Vihaan Sharma,San Diego,CA,India
CUST13963,Vihaan Sharma,Indianapolis,IN,United Kingdom
CUST13964,Vikas Mehta,Los Angeles,CA,United Kingdom
CUST13965,Neha Verma,Philadelphia,PA,United Kingdom
CUST13966,Sneha Singh,Charlotte,NC,Australia
CUST13967,Vivaan Gupta,Fort Worth,TX,Canada
CUST13968,Aman Reddy,Los Angeles,CA,United Kingdom
CUST13969,Aditya Patel,Columbus,OH,Australia
CUST13970,Aditya Patel,Jacksonville,FL,Australia
CUST13971,Aditya Singh,Houston,TX,Canada
CUST13972,Ritika Patel,Austin,TX,Canada
CUST13973,Aditya Verma,Los Angeles,CA,Australia
CUST13974,Mohit Kumar,San Diego,CA,Australia
CUST13975,Mohit Reddy,Phoenix,AZ,India
CUST13976,Vihaan Verma,Indianapolis,IN,Canada
CUST13977,Sneha Mehta,Philadelphia,PA,Australia
CUST13978,Aman Kumar,Philadelphia,PA,India
CUST13979,Neha Patel,Jacksonville,FL,India
CUST13980,Ritika Sharma,Houston,TX,Australia
CUST13981,Mohit Singh,Indianapolis,IN,India
CUST13982,Sneha Patel,Washington,DC,United Kingdom
CUST13983,Neha Singh,Jacksonville,FL,Australia
CUST13984,Sneha Reddy,Phoenix,AZ,Australia
CUST13985,Anjali Kapoor,Washington,DC,India
CUST13986,Sahil Singh,Philadelphia,PA,Australia
CUST13987,Aarav Reddy,Los Angeles,CA,Australia
CUST13988,Anjali Mehta,San Jose,CA,Canada
CUST13989,Simran Kapoor,San Jose,CA,United Kingdom
CUST13990,Aditya Verma,New York,NY,Australia
CUST13991,Aarav Singh,Dallas,TX,Australia
CUST13992,Sunita Gupta,Los Angeles,CA,United Kingdom
CUST13993,Vikas Singh,San Jose,CA,Canada
CUST13994,Pooja Singh,Philadelphia,PA,Canada
CUST13995,Sahil Reddy,Fort Worth,TX,Canada
CUST13996,Vihaan Kapoor,Seattle,WA,Canada
CUST13997,Aman Singh,Seattle,WA,India
CUST13998,Ritika Singh,San Diego,CA,Canada
CUST13999,Sahil Singh,Fort Worth,TX,India
CUST14000,Sunita Gupta,Philadelphia,PA,Australia
CUST14001,Sunita Patel,Columbus,OH,United Kingdom
CUST14002,Pooja Mehta,San Diego,CA,Canada
CUST14003,Kabir Mehta,New York,NY,United Kingdom
CUST14004,Vivaan Verma,Austin,TX,Canada
CUST14005,Vivaan Reddy,San Francisco,CA,Canada
CUST14006,Pooja Kumar,Washington,DC,Australia
CUST14007,Karan Kumar,Houston,TX,India
CUST14008,Sunita Patel,Chicago,IL,Canada
CUST14009,Aarav Singh,Seattle,WA,Canada
CUST14010,Vivaan Kapoor,Chicago,IL,Canada
CUST14011,Vikas Kumar,Los Angeles,CA,India
CUST14012,Pooja Mehta,New York,NY,India
CUST14013,Anjali Sharma,Charlotte,NC,United Kingdom
CUST14014,Sunita Gupta,Columbus,OH,Australia
CUST14015,Kabir Reddy,Indianapolis,IN,India
CUST14016,Anjali Reddy,Columbus,OH,Australia
CUST14017,Kabir Kapoor,Jacksonville,FL,Australia
CUST14018,Aarav Sharma,Charlotte,NC,Australia
CUST14019,Anjali Kumar,Columbus,OH,United Kingdom
CUST14020,Anjali Verma,San Antonio,TX,United Kingdom
CUST14021,Kabir Kumar,San Jose,CA,India
CUST14022,Karan Joshi,Columbus,OH,Canada
CUST14023,Vivaan Singh,Chicago,IL,United Kingdom
CUST14024,Vivaan Kapoor,Denver,CO,Australia
CUST14025,Karan Verma,San Antonio,TX,Canada
CUST14026,Mohit Singh,Phoenix,AZ,Australia
CUST14027,Pooja Sharma,New York,NY,Canada
CUST14028,Aarav Kumar,New York,NY,India
CUST14029,Anjali Gupta,Dallas,TX,Australia
CUST14030,Rohit Reddy,New York,NY,Canada
CUST14031,Rohit Verma,Denver,CO,Australia
CUST14032,Sahil Joshi,Columbus,OH,Australia
CUST14033,Vivaan Gupta,Indianapolis,IN,India
CUST14034,Aarav Verma,New York,NY,Australia
CUST14035,Vikas Patel,Chicago,IL,United Kingdom
CUST14036,Aman Patel,Jacksonville,FL,India
CUST14037,Simran Sharma,San Francisco,CA,Australia
CUST14038,Pooja Mehta,Washington,DC,Australia
CUST14039,Karan Joshi,Houston,TX,United Kingdom
CUST14040,Rohit Kapoor,Austin,TX,Australia
CUST14041,Pooja Reddy,New York,NY,India
CUST14042,Aditya Joshi,Denver,CO,Canada
CUST14043,Sunita Sharma,Indianapolis,IN,India
CUST14044,Neha Sharma,Indianapolis,IN,Canada
CUST14045,Aarav Reddy,Houston,TX,India
CUST14046,Mohit Reddy,San Francisco,CA,India
CUST14047,Vihaan Patel,Columbus,OH,India
CUST14048,Pooja Mehta,Los Angeles,CA,Australia
CUST14049,Sahil Reddy,Washington,DC,India
CUST14050,Karan Gupta,San Diego,CA,Canada
CUST14051,Aarav Gupta,Phoenix,AZ,Canada
CUST14052,Sunita Reddy,Washington,DC,India
CUST14053,Pooja Joshi,Columbus,OH,United Kingdom
CUST14054,Aman Patel,Austin,TX,Australia
CUST14055,Arjun Singh,Dallas,TX,United Kingdom
CUST14056,Ritika Kapoor,Indianapolis,IN,United Kingdom
CUST14057,Sahil Patel,Seattle,WA,Australia
CUST14058,Simran Gupta,Charlotte,NC,Canada
CUST14059,Sahil Singh,Indianapolis,IN,Australia
CUST14060,Pooja Joshi,Jacksonville,FL,Canada
CUST14061,Simran Mehta,Indianapolis,IN,Australia
CUST14062,Arjun Gupta,San Jose,CA,Australia
CUST14063,Kabir Kumar,Dallas,TX,Canada
CUST14064,Simran Kapoor,Dallas,TX,Australia
CUST14065,Aditya Reddy,Phoenix,AZ,Australia
CUST14066,Sahil Kumar,Austin,TX,Canada
CUST14067,Vikas Reddy,Los Angeles,CA,Australia
CUST14068,Sneha Singh,Charlotte,NC,United Kingdom
CUST14069,Aarav Kapoor,Seattle,WA,Canada
CUST14070,Vikas Kapoor,Phoenix,AZ,Canada
CUST14071,Anjali Patel,Charlotte,NC,Canada
CUST14072,Rohit Joshi,Indianapolis,IN,Canada
CUST14073,Mohit Verma,Phoenix,AZ,Australia
CUST14074,Sunita Kumar,Denver,CO,Australia
CUST14075,Pooja Singh,Jacksonville,FL,India
CUST14076,Priya Mehta,Philadelphia,PA,United Kingdom
CUST14077,Kabir Kapoor,Austin,TX,Australia
CUST14078,Aman Mehta,Seattle,WA,Canada
CUST14079,Priya Singh,Jacksonville,FL,United Kingdom
CUST14080,Aditya Kumar,Austin,TX,Canada
CUST14081,Vihaan Singh,San Francisco,CA,Canada
CUST14082,Sunita Sharma,San Jose,CA,Canada
CUST14083,Vivaan Joshi,Fort Worth,TX,Australia
CUST14084,Neha Mehta,Fort Worth,TX,Canada
CUST14085,Arjun Patel,Los Angeles,CA,Australia
CUST14086,Aditya Mehta,Los Angeles,CA,Canada
CUST14087,Neha Kumar,San Jose,CA,United Kingdom
CUST14088,Pooja Gupta,San Jose,CA,Canada
CUST14089,Sneha Patel,Columbus,OH,United Kingdom
CUST14090,Simran Singh,New York,NY,Australia
CUST14091,Anjali Singh,San Jose,CA,Canada
CUST14092,Anjali Kapoor,San Francisco,CA,Canada
CUST14093,Aditya Joshi,Columbus,OH,Canada
CUST14094,Kabir Gupta,Philadelphia,PA,United Kingdom
CUST14095,Aman Singh,San Diego,CA,Australia
CUST14096,Sunita Patel,Columbus,OH,Canada
CUST14097,Priya Reddy,Philadelphia,PA,Australia
CUST14098,Arjun Kapoor,Denver,CO,Australia
CUST14099,Mohit Singh,Phoenix,AZ,United Kingdom
CUST14100,Rohit Reddy,Los Angeles,CA,Canada
CUST14101,Pooja Gupta,New York,NY,India
CUST14102,Rohit Gupta,San Antonio,TX,India
CUST14103,Vihaan Gupta,Jacksonville,FL,Canada
CUST14104,Rohit Mehta,San Antonio,TX,United Kingdom
CUST14105,Arjun Sharma,Austin,TX,India
CUST14106,Aarav Patel,San Francisco,CA,United Kingdom
CUST14107,Sneha Sharma,Seattle,WA,Canada
CUST14108,Anjali Kapoor,Columbus,OH,India
CUST14109,Karan Kumar,Seattle,WA,United Kingdom
CUST14110,Karan Gupta,Denver,CO,United Kingdom
CUST14111,Vihaan Mehta,Washington,DC,Australia
CUST14112,Ritika Singh,Dallas,TX,India
CUST14113,Priya Gupta,San Diego,CA,United Kingdom
CUST14114,Vivaan Singh,Jacksonville,FL,Australia
CUST14115,Aman Singh,Seattle,WA,United Kingdom
CUST14116,Rohit Gupta,San Antonio,TX,United Kingdom
CUST14117,Sahil Kumar,Washington,DC,India
CUST14118,Sahil Joshi,Dallas,TX,Australia
CUST14119,Aman Kapoor,Philadelphia,PA,United Kingdom
CUST14120,Aditya Sharma,Columbus,OH,United Kingdom
CUST14121,Vihaan Sharma,San Diego,CA,Canada
CUST14122,Neha Singh,Washington,DC,India
CUST14123,Aman Verma,Chicago,IL,Canada
CUST14124,Sneha Singh,Denver,CO,Canada
CUST14125,Ritika Kapoor,Charlotte,NC,United Kingdom
CUST14126,Neha Mehta,Denver,CO,Australia
CUST14127,Ritika Kumar,Seattle,WA,Canada
CUST14128,Rohit Kapoor,Indianapolis,IN,Canada
CUST14129,Simran Singh,Dallas,TX,United Kingdom
CUST14130,Aditya Reddy,Washington,DC,United Kingdom
CUST14131,Vikas Gupta,Phoenix,AZ,Australia
CUST14132,Pooja Joshi,Dallas,TX,India
CUST14133,Sahil Mehta,Charlotte,NC,India
CUST14134,Karan Verma,Phoenix,AZ,Canada
CUST14135,Arjun Patel,New York,NY,United Kingdom
CUST14136,Ritika Verma,Columbus,OH,Canada
CUST14137,Rohit Patel,Phoenix,AZ,United Kingdom
CUST14138,Rohit Singh,Chicago,IL,Australia
CUST14139,Karan Mehta,San Francisco,CA,Australia
CUST14140,Mohit Joshi,Washington,DC,Australia
CUST14141,Kabir Patel,Charlotte,NC,United Kingdom
CUST14142,Sahil Kumar,San Jose,CA,Canada
CUST14143,Simran Verma,San Antonio,TX,Canada
CUST14144,Ritika Verma,San Diego,CA,United Kingdom
CUST14145,Simran Kumar,Washington,DC,India
CUST14146,Aman Sharma,Fort Worth,TX,India
CUST14147,Neha Sharma,Fort Worth,TX,India
CUST14148,Aditya Sharma,Fort Worth,TX,United Kingdom
CUST14149,Aarav Reddy,New York,NY,Canada
CUST14150,Arjun Mehta,Houston,TX,India
CUST14151,Aman Mehta,Dallas,TX,Canada
CUST14152,Rohit Kapoor,Indianapolis,IN,Australia
CUST14153,Sneha Gupta,San Francisco,CA,Canada
CUST14154,Sunita Singh,Fort Worth,TX,Australia
CUST14155,Vihaan Sharma,Fort Worth,TX,India
CUST14156,Mohit Kumar,Denver,CO,Australia
CUST14157,Aditya Patel,San Diego,CA,Australia
CUST14158,Arjun Singh,Indianapolis,IN,Canada
CUST14159,Sahil Gupta,Houston,TX,Australia
CUST14160,Pooja Reddy,Charlotte,NC,United Kingdom
CUST14161,Ritika Sharma,Charlotte,NC,United Kingdom
CUST14162,Sahil Verma,Denver,CO,United Kingdom
CUST14163,Ritika Sharma,Dallas,TX,Canada
CUST14164,Vivaan Kapoor,Charlotte,NC,Canada
CUST14165,Simran Mehta,Indianapolis,IN,Canada
CUST14166,Sunita Kapoor,Denver,CO,United Kingdom
CUST14167,Sahil Patel,Indianapolis,IN,Canada
CUST14168,Kabir Sharma,Houston,TX,Canada
CUST14169,Neha Mehta,Washington,DC,Canada
CUST14170,Karan Kapoor,Dallas,TX,Canada
CUST14171,Vikas Mehta,Houston,TX,Australia
CUST14172,Sunita Joshi,Dallas,TX,Canada
CUST14173,Vihaan Verma,Los Angeles,CA,Australia
CUST14174,Karan Kumar,Los Angeles,CA,United Kingdom
CUST14175,Priya Gupta,New York,NY,Australia
CUST14176,Priya Reddy,Charlotte,NC,Canada
CUST14177,Sneha Sharma,Columbus,OH,Australia
CUST14178,Aman Singh,Phoenix,AZ,India
CUST14179,Vivaan Patel,San Francisco,CA,Canada
CUST14180,Priya Singh,Fort Worth,TX,Australia
CUST14181,Karan Kumar,Charlotte,NC,United Kingdom
CUST14182,Kabir Patel,San Diego,CA,Australia
CUST14183,Aditya Singh,Washington,DC,India
CUST14184,Ritika Sharma,Dallas,TX,United Kingdom
CUST14185,Kabir Gupta,San Antonio,TX,Australia
CUST14186,Anjali Patel,Austin,TX,United Kingdom
CUST14187,Neha Kapoor,San Antonio,TX,Canada
CUST14188,Neha Kapoor,San Jose,CA,India
CUST14189,Vihaan Kapoor,Denver,CO,Australia
CUST14190,Vihaan Joshi,Denver,CO,United Kingdom
CUST14191,Sunita Kumar,Philadelphia,PA,United Kingdom
CUST14192,Vikas Sharma,Jacksonville,FL,United Kingdom
CUST14193,Ritika Joshi,Chicago,IL,Canada
CUST14194,Aman Joshi,Chicago,IL,Canada
CUST14195,Kabir Kumar,San Francisco,CA,Australia
CUST14196,Mohit Joshi,Austin,TX,Australia
CUST14197,Mohit Joshi,Jacksonville,FL,Canada
CUST14198,Karan Kapoor,New York,NY,Australia
CUST14199,Ritika Sharma,New York,NY,India
CUST14200,Aditya Kapoor,Denver,CO,United Kingdom
CUST14201,Priya Patel,Washington,DC,India
CUST14202,Simran Kumar,San Antonio,TX,Canada
CUST14203,Vivaan Sharma,San Diego,CA,Canada
CUST14204,Aarav Sharma,San Francisco,CA,Australia
CUST14205,Vivaan Singh,Charlotte,NC,Australia
CUST14206,Rohit Gupta,Austin,TX,Australia
CUST14207,Sahil Reddy,Chicago,IL,India
CUST14208,Mohit Kumar,San Antonio,TX,Australia
CUST14209,Vihaan Singh,Indianapolis,IN,Canada
CUST14210,Aditya Singh,Denver,CO,Australia
CUST14211,Pooja Patel,Houston,TX,Australia
CUST14212,Rohit Joshi,New York,NY,India
CUST14213,Priya Verma,Houston,TX,United Kingdom
CUST14214,Kabir Joshi,Charlotte,NC,India
CUST14215,Aditya Verma,Denver,CO,India
CUST14216,Vihaan Verma,Columbus,OH,Canada
CUST14217,Sahil Gupta,San Diego,CA,Canada
CUST14218,Neha Reddy,Phoenix,AZ,Canada
CUST14219,Sahil Sharma,Houston,TX,Australia
CUST14220,Priya Verma,Jacksonville,FL,United Kingdom
CUST14221,Vikas Kapoor,Philadelphia,PA,United Kingdom
CUST14222,Aman Patel,Philadelphia,PA,Canada
CUST14223,Kabir Kumar,Philadelphia,PA,Canada
CUST14224,Ritika Verma,Jacksonville,FL,Canada
CUST14225,Priya Patel,Austin,TX,India
CUST14226,Simran Kapoor,San Francisco,CA,Australia
CUST14227,Kabir Gupta,Seattle,WA,Canada
CUST14228,Pooja Patel,Phoenix,AZ,Canada
CUST14229,Vihaan Kapoor,San Jose,CA,India
CUST14230,Vihaan Sharma,San Francisco,CA,Canada
CUST14231,Kabir Singh,San Antonio,TX,Canada
CUST14232,Aman Sharma,Washington,DC,Canada
CUST14233,Simran Singh,New York,NY,United Kingdom
CUST14234,Vihaan Patel,Philadelphia,PA,Canada
CUST14235,Sneha Gupta,San Antonio,TX,Australia
CUST14236,Ritika Joshi,San Antonio,TX,Canada
CUST14237,Arjun Kumar,Seattle,WA,India
CUST14238,Pooja Gupta,Seattle,WA,India
CUST14239,Vivaan Joshi,San Antonio,TX,Canada
CUST14240,Pooja Kapoor,San Diego,CA,Canada
CUST14241,Aditya Kapoor,San Jose,CA,Canada
CUST14242,Vivaan Reddy,New York,NY,Australia
CUST14243,Simran Joshi,Houston,TX,India
CUST14244,Priya Sharma,Columbus,OH,Australia
CUST14245,Vikas Mehta,Indianapolis,IN,India
CUST14246,Kabir Singh,San Antonio,TX,United Kingdom
CUST14247,Vivaan Kumar,Chicago,IL,Canada
CUST14248,Sneha Gupta,Columbus,OH,Canada
CUST14249,Aditya Joshi,Washington,DC,India
CUST14250,Rohit Gupta,Houston,TX,United Kingdom
CUST14251,Sunita Kapoor,Jacksonville,FL,United Kingdom
CUST14252,Sneha Kapoor,San Antonio,TX,Australia
CUST14253,Vikas Kumar,Phoenix,AZ,United Kingdom
CUST14254,Aarav Kapoor,Washington,DC,Australia
CUST14255,Vivaan Singh,Houston,TX,Australia
CUST14256,Vihaan Verma,Charlotte,NC,United Kingdom
CUST14257,Anjali Gupta,Los Angeles,CA,Canada
CUST14258,Aarav Kumar,Denver,CO,Australia
CUST14259,Rohit Reddy,Phoenix,AZ,India
CUST14260,Mohit Verma,Philadelphia,PA,United Kingdom
CUST14261,Sunita Gupta,Fort Worth,TX,United Kingdom
CUST14262,Anjali Gupta,Denver,CO,Canada
CUST14263,Ritika Gupta,Denver,CO,Australia
CUST14264,Aman Sharma,San Jose,CA,India
CUST14265,Priya Reddy,San Jose,CA,Canada
CUST14266,Karan Gupta,Chicago,IL,Australia
CUST14267,Pooja Kumar,Indianapolis,IN,United Kingdom
CUST14268,Vihaan Sharma,Fort Worth,TX,United Kingdom
CUST14269,Kabir Joshi,Seattle,WA,Canada
CUST14270,Vihaan Singh,Indianapolis,IN,Australia
CUST14271,Simran Sharma,Chicago,IL,Australia
CUST14272,Vikas Mehta,Seattle,WA,India
CUST14273,Karan Mehta,Chicago,IL,United Kingdom
CUST14274,Vivaan Kumar,Houston,TX,United Kingdom
CUST14275,Kabir Verma,San Francisco,CA,Canada
CUST14276,Vihaan Gupta,San Diego,CA,Canada
CUST14277,Anjali Verma,Washington,DC,Australia
CUST14278,Sunita Kumar,Philadelphia,PA,Australia
CUST14279,Priya Singh,Columbus,OH,United Kingdom
CUST14280,Arjun Singh,Austin,TX,Australia
CUST14281,Vivaan Joshi,San Jose,CA,Australia
CUST14282,Sneha Singh,Houston,TX,Australia
CUST14283,Priya Mehta,San Antonio,TX,India
CUST14284,Priya Patel,Philadelphia,PA,Canada
CUST14285,Aarav Joshi,Phoenix,AZ,Canada
CUST14286,Karan Joshi,Fort Worth,TX,United Kingdom
CUST14287,Ritika Reddy,San Diego,CA,Canada
CUST14288,Kabir Kapoor,Dallas,TX,Canada
CUST14289,Rohit Verma,Jacksonville,FL,Australia
CUST14290,Anjali Mehta,Indianapolis,IN,Canada
CUST14291,Sunita Gupta,Houston,TX,United Kingdom
CUST14292,Simran Reddy,New York,NY,United Kingdom
CUST14293,Neha Patel,Indianapolis,IN,United Kingdom
CUST14294,Anjali Sharma,Chicago,IL,United Kingdom
CUST14295,Anjali Gupta,San Diego,CA,Australia
CUST14296,Vikas Mehta,Washington,DC,United Kingdom
CUST14297,Vikas Patel,Jacksonville,FL,Canada
CUST14298,Sunita Gupta,Houston,TX,Canada
CUST14299,Vikas Reddy,Phoenix,AZ,United Kingdom
CUST14300,Priya Kumar,Los Angeles,CA,Australia
CUST14301,Priya Singh,Houston,TX,India
CUST14302,Karan Kapoor,Seattle,WA,Australia
CUST14303,Priya Verma,Charlotte,NC,Canada
CUST14304,Karan Patel,Los Angeles,CA,Australia
CUST14305,Vikas Patel,Phoenix,AZ,United Kingdom
CUST14306,Sahil Verma,Phoenix,AZ,United Kingdom
CUST14307,Vikas Verma,Indianapolis,IN,India
CUST14308,Neha Kumar,Houston,TX,Canada
CUST14309,Anjali Singh,San Francisco,CA,United Kingdom
CUST14310,Sahil Patel,Washington,DC,United Kingdom
CUST14311,Sunita Singh,Charlotte,NC,Australia
CUST14312,Arjun Kapoor,San Antonio,TX,Australia
CUST14313,Sneha Gupta,Washington,DC,Canada
CUST14314,Aditya Sharma,Denver,CO,Australia
CUST14315,Pooja Reddy,Indianapolis,IN,Australia
CUST14316,Neha Singh,Seattle,WA,Canada
CUST14317,Rohit Verma,Austin,TX,Canada
CUST14318,Aman Joshi,Denver,CO,Australia
CUST14319,Sunita Reddy,San Antonio,TX,Canada
CUST14320,Arjun Gupta,New York,NY,Canada
CUST14321,Aman Kapoor,Houston,TX,Australia
CUST14322,Aditya Sharma,Washington,DC,Australia
CUST14323,Mohit Reddy,Chicago,IL,United Kingdom
CUST14324,Ritika Singh,Houston,TX,United Kingdom
CUST14325,Sunita Reddy,Phoenix,AZ,India
CUST14326,Simran Reddy,Houston,TX,Canada
CUST14327,Vikas Verma,Austin,TX,Australia
CUST14328,Vihaan Gupta,Los Angeles,CA,Canada
CUST14329,Pooja Patel,San Antonio,TX,United Kingdom
CUST14330,Aditya Singh,Austin,TX,Canada
CUST14331,Neha Singh,New York,NY,Australia
CUST14332,Neha Reddy,Dallas,TX,United Kingdom
CUST14333,Karan Patel,Denver,CO,Australia
CUST14334,Vivaan Patel,Philadelphia,PA,Australia
CUST14335,Pooja Joshi,San Jose,CA,India
CUST14336,Priya Gupta,San Antonio,TX,Australia
CUST14337,Neha Joshi,New York,NY,United Kingdom
CUST14338,Kabir Gupta,Fort Worth,TX,India
CUST14339,Simran Patel,Denver,CO,Canada
CUST14340,Simran Kumar,Charlotte,NC,India
CUST14341,Karan Sharma,Austin,TX,Canada
CUST14342,Priya Kumar,Phoenix,AZ,India
CUST14343,Rohit Sharma,Washington,DC,Canada
CUST14344,Vihaan Singh,Columbus,OH,United Kingdom
CUST14345,Karan Gupta,Phoenix,AZ,United Kingdom
CUST14346,Aman Reddy,New York,NY,Australia
CUST14347,Vivaan Patel,Washington,DC,Canada
CUST14348,Aman Kapoor,Charlotte,NC,Canada
CUST14349,Sneha Sharma,Chicago,IL,Canada
CUST14350,Vikas Sharma,Washington,DC,Canada
CUST14351,Neha Joshi,Los Angeles,CA,Canada
CUST14352,Vivaan Mehta,Austin,TX,Australia
CUST14353,Aditya Joshi,Charlotte,NC,United Kingdom
CUST14354,Vivaan Patel,Los Angeles,CA,Canada
CUST14355,Arjun Patel,San Francisco,CA,India
CUST14356,Priya Verma,San Jose,CA,United Kingdom
CUST14357,Sunita Kumar,Phoenix,AZ,Canada
CUST14358,Karan Gupta,New York,NY,Australia
CUST14359,Simran Joshi,New York,NY,India
CUST14360,Priya Singh,Denver,CO,United Kingdom
CUST14361,Arjun Joshi,Los Angeles,CA,India
CUST14362,Kabir Gupta,Denver,CO,United Kingdom
CUST14363,Arjun Joshi,San Antonio,TX,India
CUST14364,Aditya Mehta,New York,NY,United Kingdom
CUST14365,Vikas Reddy,Jacksonville,FL,Canada
CUST14366,Aarav Reddy,San Diego,CA,Canada
CUST14367,Kabir Patel,Indianapolis,IN,United Kingdom
CUST14368,Sahil Kapoor,Austin,TX,Australia
CUST14369,Karan Reddy,San Francisco,CA,Australia
CUST14370,Anjali Singh,Austin,TX,Canada
CUST14371,Vihaan Verma,San Francisco,CA,Canada
CUST14372,Sneha Gupta,Chicago,IL,Australia
CUST14373,Sahil Gupta,San Antonio,TX,India
CUST14374,Rohit Gupta,Dallas,TX,Australia
CUST14375,Aditya Kumar,Columbus,OH,Australia
CUST14376,Mohit Singh,Houston,TX,United Kingdom
CUST14377,Anjali Mehta,Columbus,OH,India
CUST14378,Vikas Reddy,San Antonio,TX,United Kingdom
CUST14379,Priya Mehta,Washington,DC,Australia
CUST14380,Priya Reddy,Houston,TX,Australia
CUST14381,Karan Kapoor,Washington,DC,United Kingdom
CUST14382,Aditya Kumar,Houston,TX,Canada
CUST14383,Vivaan Patel,Jacksonville,FL,United Kingdom
CUST14384,Neha Gupta,Jacksonville,FL,Australia
CUST14385,Aman Reddy,San Francisco,CA,United Kingdom
CUST14386,Ritika Singh,Jacksonville,FL,Australia
CUST14387,Vihaan Verma,San Jose,CA,India
CUST14388,Priya Patel,San Diego,CA,Australia
CUST14389,Priya Kapoor,Los Angeles,CA,India
CUST14390,Mohit Kapoor,Indianapolis,IN,Canada
CUST14391,Karan Gupta,Chicago,IL,Canada
CUST14392,Aman Kumar,Indianapolis,IN,United Kingdom
CUST14393,Arjun Verma,Seattle,WA,Canada
CUST14394,Karan Patel,Chicago,IL,United Kingdom
CUST14395,Sunita Verma,Austin,TX,United Kingdom
CUST14396,Arjun Kapoor,Columbus,OH,Canada
CUST14397,Simran Joshi,San Diego,CA,India
CUST14398,Pooja Reddy,Indianapolis,IN,Canada
CUST14399,Sneha Gupta,Seattle,WA,Australia
CUST14400,Mohit Joshi,Denver,CO,Canada
CUST14401,Mohit Reddy,Houston,TX,Canada
CUST14402,Vivaan Gupta,Columbus,OH,United Kingdom
CUST14403,Sneha Joshi,Austin,TX,India
CUST14404,Neha Joshi,Dallas,TX,Canada
CUST14405,Vivaan Kapoor,Denver,CO,India
CUST14406,Karan Gupta,Washington,DC,Australia
CUST14407,Neha Sharma,Columbus,OH,United Kingdom
CUST14408,Rohit Gupta,Washington,DC,Australia
CUST14409,Vikas Gupta,New York,NY,Canada
CUST14410,Karan Singh,Philadelphia,PA,Canada
CUST14411,Anjali Mehta,Columbus,OH,United Kingdom
CUST14412,Sunita Joshi,Washington,DC,India
CUST14413,Priya Gupta,Washington,DC,Canada
CUST14414,Vikas Singh,Houston,TX,India
CUST14415,Kabir Singh,Seattle,WA,India
CUST14416,Sunita Kumar,Houston,TX,United Kingdom
CUST14417,Priya Singh,Austin,TX,Canada
CUST14418,Arjun Kapoor,San Diego,CA,Canada
CUST14419,Kabir Singh,Austin,TX,Canada
CUST14420,Aman Sharma,Los Angeles,CA,India
CUST14421,Vikas Kapoor,Washington,DC,Canada
CUST14422,Simran Mehta,Dallas,TX,India
CUST14423,Anjali Gupta,San Jose,CA,Canada
CUST14424,Aman Mehta,Washington,DC,United Kingdom
CUST14425,Vivaan Reddy,San Antonio,TX,United Kingdom
CUST14426,Sneha Singh,San Diego,CA,India
CUST14427,Neha Kumar,New York,NY,Canada
CUST14428,Aditya Mehta,Denver,CO,United Kingdom
CUST14429,Neha Reddy,San Jose,CA,Canada
CUST14430,Aarav Verma,Indianapolis,IN,Australia
CUST14431,Kabir Mehta,San Diego,CA,Australia
CUST14432,Aman Joshi,Jacksonville,FL,India
CUST14433,Vikas Kapoor,Philadelphia,PA,India
CUST14434,Pooja Mehta,Phoenix,AZ,Australia
CUST14435,Vihaan Gupta,San Diego,CA,Australia
CUST14436,Sahil Gupta,Denver,CO,Canada
CUST14437,Sneha Reddy,Seattle,WA,Canada
CUST14438,Vikas Joshi,Los Angeles,CA,India
CUST14439,Aarav Mehta,Columbus,OH,Australia
CUST14440,Aman Sharma,San Francisco,CA,Australia
CUST14441,Simran Joshi,Charlotte,NC,Australia
CUST14442,Sunita Singh,Phoenix,AZ,Canada
CUST14443,Sahil Sharma,Jacksonville,FL,United Kingdom
CUST14444,Simran Patel,Indianapolis,IN,Australia
CUST14445,Karan Verma,Los Angeles,CA,Canada
CUST14446,Priya Gupta,Phoenix,AZ,Australia
CUST14447,Sunita Gupta,Fort Worth,TX,Canada
CUST14448,Arjun Patel,Houston,TX,Australia
CUST14449,Mohit Sharma,Indianapolis,IN,United Kingdom
CUST14450,Simran Mehta,Seattle,WA,India
CUST14451,Aditya Verma,Denver,CO,Australia
CUST14452,Vivaan Kapoor,San Diego,CA,United Kingdom
CUST14453,Sahil Patel,Columbus,OH,United Kingdom
CUST14454,Priya Sharma,Chicago,IL,Canada
CUST14455,Sunita Kapoor,Fort Worth,TX,India
CUST14456,Priya Mehta,New York,NY,Australia
CUST14457,Priya Verma,San Jose,CA,Australia
CUST14458,Ritika Joshi,Phoenix,AZ,India
CUST14459,Pooja Gupta,Washington,DC,Australia
CUST14460,Arjun Patel,San Diego,CA,India
CUST14461,Aditya Verma,Denver,CO,Canada
CUST14462,Karan Kapoor,Fort Worth,TX,United Kingdom
CUST14463,Rohit Joshi,Houston,TX,United Kingdom
CUST14464,Rohit Verma,Chicago,IL,United Kingdom
CUST14465,Simran Singh,Indianapolis,IN,Australia
CUST14466,Aman Verma,Chicago,IL,India
CUST14467,Pooja Singh,Jacksonville,FL,Australia
CUST14468,Sneha Kapoor,San Diego,CA,India
CUST14469,Arjun Kapoor,Dallas,TX,India
CUST14470,Aditya Verma,San Antonio,TX,Canada
CUST14471,Sneha Kumar,Columbus,OH,United Kingdom
CUST14472,Priya Kapoor,Denver,CO,Australia
CUST14473,Sahil Reddy,Denver,CO,United Kingdom
CUST14474,Sunita Reddy,Fort Worth,TX,Canada
CUST14475,Rohit Joshi,Indianapolis,IN,Australia
CUST14476,Arjun Kapoor,Denver,CO,India
CUST14477,Anjali Singh,San Francisco,CA,India
CUST14478,Arjun Singh,New York,NY,India
CUST14479,Aman Sharma,San Francisco,CA,India
CUST14480,Aman Gupta,San Antonio,TX,Canada
CUST14481,Sneha Kumar,New York,NY,Australia
CUST14482,Ritika Singh,Los Angeles,CA,Canada
CUST14483,Priya Kumar,San Antonio,TX,Australia
CUST14484,Aman Mehta,New York,NY,Australia
CUST14485,Vivaan Mehta,Jacksonville,FL,Australia
CUST14486,Aarav Joshi,Denver,CO,Australia
CUST14487,Neha Sharma,Houston,TX,Australia
CUST14488,Mohit Verma,Fort Worth,TX,Canada
CUST14489,Mohit Sharma,San Diego,CA,United Kingdom
CUST14490,Kabir Joshi,Washington,DC,Australia
CUST14491,Rohit Sharma,San Jose,CA,India
CUST14492,Kabir Singh,Seattle,WA,United Kingdom
CUST14493,Simran Singh,Phoenix,AZ,Canada
CUST14494,Priya Gupta,Washington,DC,Australia
CUST14495,Aman Gupta,Chicago,IL,United Kingdom
CUST14496,Vivaan Patel,Austin,TX,Australia
CUST14497,Ritika Mehta,Charlotte,NC,United Kingdom
CUST14498,Mohit Kapoor,New York,NY,India
CUST14499,Aman Verma,Austin,TX,Canada
CUST14500,Simran Verma,San Diego,CA,India
CUST14501,Vihaan Singh,San Jose,CA,Canada
CUST14502,Sunita Joshi,San Jose,CA,Australia
CUST14503,Ritika Kumar,Washington,DC,Canada
CUST14504,Ritika Mehta,Columbus,OH,United Kingdom
CUST14505,Sneha Mehta,San Jose,CA,United Kingdom
CUST14506,Kabir Sharma,Los Angeles,CA,United Kingdom
CUST14507,Ritika Reddy,Fort Worth,TX,United Kingdom
CUST14508,Karan Kapoor,Philadelphia,PA,United Kingdom
CUST14509,Mohit Kapoor,Phoenix,AZ,Canada
CUST14510,Sunita Singh,San Antonio,TX,India
CUST14511,Pooja Patel,Washington,DC,India
CUST14512,Kabir Kumar,San Francisco,CA,India
CUST14513,Vihaan Singh,Fort Worth,TX,Canada
CUST14514,Sahil Kapoor,Dallas,TX,Canada
CUST14515,Mohit Singh,Columbus,OH,India
CUST14516,Vihaan Joshi,San Francisco,CA,United Kingdom
CUST14517,Rohit Patel,Jacksonville,FL,United Kingdom
CUST14518,Mohit Joshi,San Jose,CA,Australia
CUST14519,Arjun Reddy,Seattle,WA,Canada
CUST14520,Vivaan Reddy,San Diego,CA,Canada
CUST14521,Aarav Kapoor,Austin,TX,India
CUST14522,Sahil Mehta,Seattle,WA,Australia
CUST14523,Anjali Kapoor,Houston,TX,United Kingdom
CUST14524,Priya Verma,Austin,TX,Canada
CUST14525,Anjali Reddy,Fort Worth,TX,Canada
CUST14526,Simran Gupta,Phoenix,AZ,United Kingdom
CUST14527,Arjun Kapoor,Seattle,WA,Canada
CUST14528,Pooja Sharma,Charlotte,NC,Australia
CUST14529,Mohit Singh,Fort Worth,TX,Canada
CUST14530,Mohit Kumar,Houston,TX,India
CUST14531,Anjali Mehta,Los Angeles,CA,Australia
CUST14532,Vihaan Verma,Phoenix,AZ,Australia
CUST14533,Vivaan Kapoor,San Jose,CA,Australia
CUST14534,Mohit Sharma,Dallas,TX,United Kingdom
CUST14535,Neha Mehta,San Francisco,CA,India
CUST14536,Anjali Sharma,New York,NY,Australia
CUST14537,Pooja Patel,San Diego,CA,United Kingdom
CUST14538,Vivaan Gupta,Charlotte,NC,United Kingdom
CUST14539,Mohit Sharma,Fort Worth,TX,India
CUST14540,Vivaan Mehta,Los Angeles,CA,Canada
CUST14541,Sunita Kumar,Fort Worth,TX,Canada
CUST14542,Aarav Sharma,Columbus,OH,United Kingdom
CUST14543,Ritika Kumar,San Francisco,CA,United Kingdom
CUST14544,Simran Sharma,San Diego,CA,United Kingdom
CUST14545,Vihaan Gupta,Indianapolis,IN,Canada
CUST14546,Aarav Joshi,Houston,TX,Australia
CUST14547,Aman Mehta,Phoenix,AZ,United Kingdom
CUST14548,Karan Sharma,Dallas,TX,India
CUST14549,Aman Reddy,Indianapolis,IN,United Kingdom
CUST14550,Simran Reddy,Chicago,IL,United Kingdom
CUST14551,Simran Verma,Charlotte,NC,India
CUST14552,Anjali Mehta,San Diego,CA,Australia
CUST14553,Sahil Joshi,Fort Worth,TX,India
CUST14554,Vikas Reddy,Austin,TX,Canada
CUST14555,Ritika Gupta,Philadelphia,PA,Canada
CUST14556,Ritika Joshi,San Jose,CA,Canada
CUST14557,Karan Reddy,Jacksonville,FL,Canada
CUST14558,Aditya Reddy,Denver,CO,India
CUST14559,Simran Sharma,Jacksonville,FL,Canada
CUST14560,Pooja Reddy,Phoenix,AZ,United Kingdom
CUST14561,Aditya Gupta,Washington,DC,India
CUST14562,Vihaan Gupta,San Antonio,TX,Australia
CUST14563,Mohit Mehta,Jacksonville,FL,Australia
CUST14564,Simran Reddy,San Antonio,TX,Canada
CUST14565,Vihaan Patel,San Francisco,CA,Canada
CUST14566,Sneha Sharma,Washington,DC,United Kingdom
CUST14567,Aarav Patel,Dallas,TX,Canada
CUST14568,Rohit Singh,New York,NY,India
CUST14569,Aman Verma,Seattle,WA,Australia
CUST14570,Arjun Joshi,Denver,CO,United Kingdom
CUST14571,Ritika Kumar,Philadelphia,PA,Canada
CUST14572,Simran Joshi,San Francisco,CA,United Kingdom
CUST14573,Sunita Mehta,Washington,DC,India
CUST14574,Rohit Reddy,Denver,CO,India
CUST14575,Kabir Mehta,Indianapolis,IN,United Kingdom
CUST14576,Anjali Verma,Denver,CO,India
CUST14577,Ritika Kumar,San Antonio,TX,India
CUST14578,Pooja Verma,San Francisco,CA,India
CUST14579,Sunita Patel,New York,NY,United Kingdom
CUST14580,Ritika Patel,Washington,DC,India
CUST14581,Vivaan Singh,San Jose,CA,Australia
CUST14582,Sneha Sharma,Chicago,IL,Australia
CUST14583,Ritika Kapoor,Washington,DC,United Kingdom
CUST14584,Sahil Singh,New York,NY,United Kingdom
CUST14585,Vihaan Patel,Seattle,WA,Australia
CUST14586,Mohit Gupta,Fort Worth,TX,Canada
CUST14587,Karan Mehta,New York,NY,Australia
CUST14588,Sahil Kapoor,Seattle,WA,Canada
CUST14589,Kabir Verma,Jacksonville,FL,India
CUST14590,Pooja Singh,Dallas,TX,Australia
CUST14591,Ritika Reddy,Houston,TX,India
CUST14592,Arjun Joshi,San Antonio,TX,Canada
CUST14593,Vihaan Gupta,Los Angeles,CA,United Kingdom
CUST14594,Priya Sharma,Washington,DC,Canada
CUST14595,Anjali Sharma,Chicago,IL,Australia
CUST14596,Simran Gupta,Charlotte,NC,United Kingdom
CUST14597,Ritika Mehta,Philadelphia,PA,Australia
CUST14598,Sunita Reddy,Dallas,TX,United Kingdom
CUST14599,Aman Sharma,San Antonio,TX,United Kingdom
CUST14600,Kabir Kapoor,Denver,CO,Canada
CUST14601,Vikas Mehta,Fort Worth,TX,Canada
CUST14602,Pooja Sharma,Washington,DC,United Kingdom
CUST14603,Sunita Joshi,San Jose,CA,Canada
CUST14604,Vihaan Kapoor,New York,NY,Australia
CUST14605,Aditya Kumar,Denver,CO,United Kingdom
CUST14606,Simran Kumar,Indianapolis,IN,United Kingdom
CUST14607,Anjali Kapoor,Chicago,IL,Canada
CUST14608,Vivaan Kapoor,Jacksonville,FL,Australia
CUST14609,Kabir Joshi,Austin,TX,United Kingdom
CUST14610,Mohit Kumar,Los Angeles,CA,India
CUST14611,Sahil Kumar,Charlotte,NC,India
CUST14612,Vivaan Sharma,San Antonio,TX,United Kingdom
CUST14613,Ritika Mehta,Washington,DC,Australia
CUST14614,Ritika Mehta,Charlotte,NC,Canada
CUST14615,Mohit Kumar,Fort Worth,TX,United Kingdom
CUST14616,Ritika Kumar,Jacksonville,FL,Canada
CUST14617,Aman Kumar,Austin,TX,Australia
CUST14618,Simran Kumar,Charlotte,NC,United Kingdom
CUST14619,Neha Joshi,Columbus,OH,United Kingdom
CUST14620,Mohit Singh,Phoenix,AZ,Canada
CUST14621,Mohit Mehta,Houston,TX,Canada
CUST14622,Aman Patel,Houston,TX,Canada
CUST14623,Karan Reddy,New York,NY,Canada
CUST14624,Vikas Patel,Washington,DC,United Kingdom
CUST14625,Arjun Kapoor,Phoenix,AZ,Australia
CUST14626,Vihaan Kapoor,Dallas,TX,India
CUST14627,Neha Joshi,Chicago,IL,United Kingdom
CUST14628,Sunita Kapoor,Los Angeles,CA,United Kingdom
CUST14629,Anjali Singh,Austin,TX,Australia
CUST14630,Vikas Kapoor,New York,NY,United Kingdom
CUST14631,Vikas Joshi,San Francisco,CA,Canada
CUST14632,Vihaan Kumar,San Jose,CA,United Kingdom
CUST14633,Neha Kapoor,Denver,CO,United Kingdom
CUST14634,Ritika Kumar,Phoenix,AZ,United Kingdom
CUST14635,Sunita Patel,San Jose,CA,United Kingdom
CUST14636,Sunita Patel,San Antonio,TX,Australia
CUST14637,Aman Singh,Houston,TX,Australia
CUST14638,Sneha Sharma,San Antonio,TX,Australia
CUST14639,Simran Kumar,Austin,TX,United Kingdom
CUST14640,Vikas Singh,Philadelphia,PA,Canada
CUST14641,Arjun Kumar,Los Angeles,CA,Canada
CUST14642,Aarav Gupta,Dallas,TX,Australia
CUST14643,Aditya Verma,New York,NY,Canada
CUST14644,Sneha Patel,Houston,TX,India
CUST14645,Ritika Kumar,Fort Worth,TX,Canada
CUST14646,Sahil Mehta,San Diego,CA,Canada
CUST14647,Anjali Kumar,San Francisco,CA,United Kingdom
CUST14648,Sunita Verma,San Jose,CA,India
CUST14649,Sneha Joshi,Dallas,TX,Australia
CUST14650,Vihaan Mehta,Jacksonville,FL,Canada
CUST14651,Vihaan Singh,Columbus,OH,Canada
CUST14652,Mohit Kapoor,Los Angeles,CA,United Kingdom
CUST14653,Vivaan Mehta,Seattle,WA,United Kingdom
CUST14654,Vivaan Joshi,Chicago,IL,Australia
CUST14655,Arjun Joshi,San Jose,CA,Canada
CUST14656,Arjun Verma,Washington,DC,United Kingdom
CUST14657,Vihaan Kumar,Seattle,WA,Australia
CUST14658,Aarav Sharma,San Jose,CA,Canada
CUST14659,Sneha Kumar,Austin,TX,Australia
CUST14660,Aarav Gupta,Charlotte,NC,Australia
CUST14661,Vihaan Kumar,Seattle,WA,United Kingdom
CUST14662,Sunita Kumar,Chicago,IL,United Kingdom
CUST14663,Sahil Patel,Los Angeles,CA,United Kingdom
CUST14664,Rohit Gupta,Seattle,WA,Canada
CUST14665,Ritika Kapoor,Houston,TX,India
CUST14666,Sahil Kumar,Dallas,TX,United Kingdom
CUST14667,Ritika Gupta,Charlotte,NC,Australia
CUST14668,Ritika Kapoor,Dallas,TX,United Kingdom
CUST14669,Sunita Mehta,Chicago,IL,Australia
CUST14670,Kabir Gupta,Austin,TX,Canada
CUST14671,Kabir Mehta,Los Angeles,CA,Australia
CUST14672,Aman Mehta,Columbus,OH,United Kingdom
CUST14673,Priya Patel,San Jose,CA,Australia
CUST14674,Pooja Gupta,Austin,TX,United Kingdom
CUST14675,Vivaan Mehta,San Francisco,CA,India
CUST14676,Priya Verma,San Francisco,CA,Australia
CUST14677,Sunita Reddy,San Francisco,CA,Australia
CUST14678,Kabir Kumar,Denver,CO,Canada
CUST14679,Pooja Mehta,San Jose,CA,India
CUST14680,Pooja Singh,Columbus,OH,India
CUST14681,Vihaan Kapoor,Philadelphia,PA,United Kingdom
CUST14682,Vivaan Kumar,Austin,TX,Canada
CUST14683,Simran Joshi,Washington,DC,Australia
CUST14684,Sneha Kumar,San Francisco,CA,Canada
CUST14685,Priya Gupta,Indianapolis,IN,Australia
CUST14686,Vikas Verma,Philadelphia,PA,Canada
CUST14687,Arjun Sharma,San Francisco,CA,Australia
CUST14688,Aman Joshi,San Jose,CA,United Kingdom
CUST14689,Aarav Sharma,Philadelphia,PA,Canada
CUST14690,Rohit Singh,San Jose,CA,India
CUST14691,Aarav Kapoor,New York,NY,Australia
CUST14692,Vivaan Verma,Houston,TX,Canada
CUST14693,Sahil Mehta,Phoenix,AZ,United Kingdom
CUST14694,Mohit Kapoor,Jacksonville,FL,India
CUST14695,Rohit Verma,San Jose,CA,United Kingdom
CUST14696,Sahil Verma,Seattle,WA,Canada
CUST14697,Aman Singh,Phoenix,AZ,United Kingdom
CUST14698,Priya Verma,Columbus,OH,India
CUST14699,Arjun Verma,Austin,TX,India
CUST14700,Vivaan Verma,Jacksonville,FL,Canada
CUST14701,Karan Gupta,Seattle,WA,India
CUST14702,Pooja Verma,Jacksonville,FL,United Kingdom
CUST14703,Pooja Reddy,Columbus,OH,Canada
CUST14704,Neha Singh,San Jose,CA,Australia
CUST14705,Vivaan Gupta,Houston,TX,Australia
CUST14706,Rohit Gupta,Jacksonville,FL,United Kingdom
CUST14707,Vikas Kumar,San Francisco,CA,Australia
CUST14708,Pooja Sharma,Charlotte,NC,Canada
CUST14709,Vihaan Verma,Houston,TX,Australia
CUST14710,Anjali Singh,Philadelphia,PA,Canada
CUST14711,Sneha Reddy,Austin,TX,United Kingdom
CUST14712,Arjun Patel,New York,NY,Australia
CUST14713,Sunita Gupta,Indianapolis,IN,United Kingdom
CUST14714,Anjali Joshi,New York,NY,Canada
CUST14715,Vikas Kapoor,Seattle,WA,Canada
CUST14716,Karan Kumar,Houston,TX,United Kingdom
CUST14717,Priya Verma,Austin,TX,United Kingdom
CUST14718,Mohit Singh,San Jose,CA,United Kingdom
CUST14719,Pooja Sharma,Houston,TX,Canada
CUST14720,Aman Gupta,Seattle,WA,Canada
CUST14721,Ritika Kapoor,Washington,DC,India
CUST14722,Vivaan Gupta,San Francisco,CA,India
CUST14723,Sneha Kumar,Indianapolis,IN,Canada
CUST14724,Simran Kapoor,Houston,TX,United Kingdom
CUST14725,Mohit Gupta,Houston,TX,Canada
CUST14726,Kabir Sharma,Philadelphia,PA,India
CUST14727,Kabir Reddy,Jacksonville,FL,United Kingdom
CUST14728,Aditya Joshi,Phoenix,AZ,Australia
CUST14729,Kabir Gupta,Indianapolis,IN,United Kingdom
CUST14730,Aarav Kapoor,San Francisco,CA,India
CUST14731,Sahil Gupta,Philadelphia,PA,United Kingdom
CUST14732,Mohit Kumar,Dallas,TX,Canada
CUST14733,Aman Singh,San Francisco,CA,Australia
CUST14734,Sneha Kapoor,Columbus,OH,United Kingdom
CUST14735,Sneha Mehta,Los Angeles,CA,Canada
CUST14736,Rohit Sharma,Charlotte,NC,Canada
CUST14737,Arjun Reddy,Denver,CO,Australia
CUST14738,Vivaan Kumar,Indianapolis,IN,Australia
CUST14739,Mohit Mehta,San Francisco,CA,United Kingdom
CUST14740,Rohit Gupta,Charlotte,NC,Australia
CUST14741,Sneha Mehta,San Antonio,TX,United Kingdom
CUST14742,Simran Kumar,San Diego,CA,Canada
CUST14743,Ritika Kapoor,Austin,TX,United Kingdom
CUST14744,Anjali Mehta,Philadelphia,PA,India
CUST14745,Ritika Mehta,Austin,TX,United Kingdom
CUST14746,Vikas Patel,Columbus,OH,India
CUST14747,Neha Verma,Austin,TX,India
CUST14748,Mohit Gupta,Charlotte,NC,Australia
CUST14749,Sunita Kumar,Jacksonville,FL,United Kingdom
CUST14750,Sahil Singh,Austin,TX,Canada
CUST14751,Neha Kapoor,Charlotte,NC,India
CUST14752,Sneha Singh,Austin,TX,Australia
CUST14753,Ritika Sharma,San Diego,CA,United Kingdom
CUST14754,Sneha Gupta,Houston,TX,United Kingdom
CUST14755,Kabir Reddy,New York,NY,United Kingdom
CUST14756,Priya Kapoor,Chicago,IL,Australia
CUST14757,Sunita Kapoor,Washington,DC,India
CUST14758,Anjali Patel,Columbus,OH,Canada
CUST14759,Sunita Kapoor,Denver,CO,Australia
CUST14760,Sahil Patel,San Antonio,TX,Canada
CUST14761,Mohit Sharma,San Antonio,TX,United Kingdom
CUST14762,Anjali Sharma,Phoenix,AZ,Canada
CUST14763,Vikas Patel,Columbus,OH,United Kingdom
CUST14764,Rohit Kumar,San Diego,CA,India
CUST14765,Sunita Gupta,San Jose,CA,India
CUST14766,Vihaan Gupta,San Jose,CA,Australia
CUST14767,Vivaan Gupta,Fort Worth,TX,United Kingdom
CUST14768,Rohit Mehta,Houston,TX,Canada
CUST14769,Ritika Kumar,San Diego,CA,Canada
CUST14770,Sunita Gupta,San Jose,CA,Canada
CUST14771,Ritika Sharma,Indianapolis,IN,United Kingdom
CUST14772,Sneha Sharma,Phoenix,AZ,Australia
CUST14773,Priya Sharma,New York,NY,United Kingdom
CUST14774,Sneha Kapoor,Chicago,IL,Canada
CUST14775,Karan Reddy,New York,NY,United Kingdom
CUST14776,Pooja Kapoor,Chicago,IL,United Kingdom
CUST14777,Karan Joshi,Houston,TX,India
CUST14778,Pooja Singh,Chicago,IL,United Kingdom
CUST14779,Neha Kumar,Fort Worth,TX,United Kingdom
CUST14780,Anjali Joshi,Los Angeles,CA,Canada
CUST14781,Priya Gupta,Denver,CO,Australia
CUST14782,Simran Gupta,San Jose,CA,Canada
CUST14783,Vikas Singh,New York,NY,Canada
CUST14784,Mohit Sharma,San Francisco,CA,India
CUST14785,Arjun Patel,Charlotte,NC,India
CUST14786,Kabir Sharma,San Jose,CA,Canada
CUST14787,Aarav Kumar,Columbus,OH,Canada
CUST14788,Vihaan Sharma,Indianapolis,IN,Canada
CUST14789,Sunita Mehta,Houston,TX,Australia
CUST14790,Neha Patel,New York,NY,United Kingdom
CUST14791,Vikas Kumar,Washington,DC,United Kingdom
CUST14792,Mohit Patel,New York,NY,United Kingdom
CUST14793,Priya Patel,San Antonio,TX,United Kingdom
CUST14794,Ritika Reddy,Columbus,OH,Canada
CUST14795,Sahil Joshi,San Diego,CA,Australia
CUST14796,Pooja Verma,Phoenix,AZ,Canada
CUST14797,Sneha Patel,San Antonio,TX,Australia
CUST14798,Rohit Kapoor,Jacksonville,FL,Canada
CUST14799,Vikas Mehta,San Antonio,TX,United Kingdom
CUST14800,Simran Reddy,Austin,TX,Canada
CUST14801,Aarav Gupta,Dallas,TX,United Kingdom
CUST14802,Aman Joshi,Columbus,OH,Australia
CUST14803,Pooja Singh,San Diego,CA,United Kingdom
CUST14804,Neha Mehta,Los Angeles,CA,India
CUST14805,Aarav Verma,Seattle,WA,Australia
CUST14806,Ritika Joshi,Denver,CO,United Kingdom
CUST14807,Kabir Kumar,Philadelphia,PA,United Kingdom
CUST14808,Sunita Joshi,Denver,CO,United Kingdom
CUST14809,Aman Reddy,Philadelphia,PA,United Kingdom
CUST14810,Priya Patel,Washington,DC,Australia
CUST14811,Sahil Joshi,Jacksonville,FL,United Kingdom
CUST14812,Karan Reddy,Washington,DC,India
CUST14813,Sneha Joshi,Dallas,TX,Canada
CUST14814,Arjun Gupta,Phoenix,AZ,Canada
CUST14815,Vivaan Patel,Denver,CO,United Kingdom
CUST14816,Anjali Mehta,Fort Worth,TX,United Kingdom
CUST14817,Sahil Kapoor,Columbus,OH,Canada
CUST14818,Priya Mehta,Chicago,IL,Australia
CUST14819,Vivaan Reddy,Dallas,TX,Australia
CUST14820,Simran Reddy,Houston,TX,India
CUST14821,Simran Patel,Jacksonville,FL,Canada
CUST14822,Vihaan Joshi,Washington,DC,Canada
CUST14823,Vikas Kumar,Austin,TX,Australia
CUST14824,Neha Joshi,Houston,TX,Australia
CUST14825,Arjun Kumar,Los Angeles,CA,Australia
CUST14826,Vivaan Sharma,Indianapolis,IN,Australia
CUST14827,Aarav Kapoor,Fort Worth,TX,India
CUST14828,Ritika Mehta,Jacksonville,FL,Canada
CUST14829,Pooja Mehta,Philadelphia,PA,Canada
CUST14830,Aarav Patel,Columbus,OH,Canada
CUST14831,Sunita Sharma,San Francisco,CA,India
CUST14832,Sunita Kapoor,Denver,CO,Canada
CUST14833,Mohit Singh,San Antonio,TX,Australia
CUST14834,Pooja Verma,Fort Worth,TX,Australia
CUST14835,Sunita Reddy,Chicago,IL,Australia
CUST14836,Anjali Mehta,Chicago,IL,Canada
CUST14837,Priya Kumar,Philadelphia,PA,United Kingdom
CUST14838,Vikas Kumar,Philadelphia,PA,India
CUST14839,Neha Gupta,Chicago,IL,Canada
CUST14840,Rohit Sharma,New York,NY,India
CUST14841,Aditya Verma,San Francisco,CA,Canada
CUST14842,Aman Sharma,San Jose,CA,Canada
CUST14843,Mohit Gupta,Jacksonville,FL,India
CUST14844,Rohit Sharma,Dallas,TX,Canada
CUST14845,Aditya Patel,San Jose,CA,United Kingdom
CUST14846,Neha Kapoor,Chicago,IL,Australia
CUST14847,Sunita Mehta,Philadelphia,PA,United Kingdom
CUST14848,Vihaan Patel,Dallas,TX,Australia
CUST14849,Priya Sharma,San Francisco,CA,Australia
CUST14850,Rohit Singh,Houston,TX,United Kingdom
CUST14851,Aarav Kapoor,San Diego,CA,Australia
CUST14852,Kabir Sharma,Philadelphia,PA,Canada
CUST14853,Anjali Gupta,Washington,DC,India
CUST14854,Arjun Verma,New York,NY,India
CUST14855,Priya Reddy,San Francisco,CA,Australia
CUST14856,Vihaan Kumar,Dallas,TX,Australia
CUST14857,Kabir Kumar,San Diego,CA,Australia
CUST14858,Karan Singh,Washington,DC,United Kingdom
CUST14859,Ritika Kumar,Austin,TX,Australia
CUST14860,Sunita Gupta,Jacksonville,FL,India
CUST14861,Sahil Patel,Chicago,IL,Canada
CUST14862,Aditya Joshi,San Antonio,TX,India
CUST14863,Aarav Reddy,Chicago,IL,Canada
CUST14864,Simran Singh,Charlotte,NC,Australia
CUST14865,Sahil Singh,Houston,TX,United Kingdom
CUST14866,Priya Mehta,New York,NY,Canada
CUST14867,Pooja Reddy,New York,NY,United Kingdom
CUST14868,Vikas Mehta,San Francisco,CA,United Kingdom
CUST14869,Rohit Verma,Fort Worth,TX,Australia
CUST14870,Arjun Gupta,Indianapolis,IN,United Kingdom
CUST14871,Karan Gupta,Columbus,OH,Australia
CUST14872,Vihaan Reddy,Indianapolis,IN,United Kingdom
CUST14873,Rohit Kumar,Seattle,WA,Canada
CUST14874,Aarav Mehta,San Diego,CA,United Kingdom
CUST14875,Aditya Kumar,Indianapolis,IN,Canada
CUST14876,Karan Mehta,Charlotte,NC,Canada
CUST14877,Mohit Kumar,San Antonio,TX,India
CUST14878,Aarav Mehta,Phoenix,AZ,United Kingdom
CUST14879,Sahil Kumar,Indianapolis,IN,Canada
CUST14880,Sunita Joshi,Jacksonville,FL,Australia
CUST14881,Vikas Sharma,San Antonio,TX,Australia
CUST14882,Ritika Mehta,Charlotte,NC,Australia
CUST14883,Neha Verma,New York,NY,Canada
CUST14884,Vihaan Gupta,San Francisco,CA,United Kingdom
CUST14885,Aarav Sharma,Fort Worth,TX,Canada
CUST14886,Vivaan Reddy,San Jose,CA,India
CUST14887,Vikas Joshi,Philadelphia,PA,Canada
CUST14888,Kabir Joshi,San Diego,CA,India
CUST14889,Sneha Reddy,Dallas,TX,Canada
CUST14890,Aditya Singh,Chicago,IL,Australia
CUST14891,Sunita Singh,Houston,TX,Australia
CUST14892,Rohit Patel,Austin,TX,Australia
CUST14893,Karan Sharma,Jacksonville,FL,Canada
CUST14894,Anjali Reddy,San Francisco,CA,United Kingdom
CUST14895,Aarav Mehta,Seattle,WA,Canada
CUST14896,Simran Joshi,Indianapolis,IN,Canada
CUST14897,Vivaan Singh,New York,NY,Australia
CUST14898,Vihaan Gupta,Houston,TX,Australia
CUST14899,Aditya Gupta,Seattle,WA,Australia
CUST14900,Aarav Sharma,Philadelphia,PA,United Kingdom
CUST14901,Mohit Gupta,San Antonio,TX,Canada
CUST14902,Vikas Patel,Dallas,TX,Australia
CUST14903,Kabir Kapoor,Denver,CO,United Kingdom
CUST14904,Sunita Sharma,Phoenix,AZ,Canada
CUST14905,Sahil Sharma,Dallas,TX,United Kingdom
CUST14906,Aman Reddy,San Diego,CA,India
CUST14907,Arjun Gupta,Fort Worth,TX,United Kingdom
CUST14908,Sunita Kumar,San Diego,CA,Canada
CUST14909,Ritika Kumar,Seattle,WA,India
CUST14910,Vivaan Singh,Indianapolis,IN,Canada
CUST14911,Sneha Mehta,Columbus,OH,United Kingdom
CUST14912,Priya Gupta,Indianapolis,IN,India
CUST14913,Simran Joshi,Phoenix,AZ,Australia
CUST14914,Aarav Verma,Phoenix,AZ,Canada
CUST14915,Rohit Singh,San Jose,CA,Canada
CUST14916,Aman Singh,San Diego,CA,Canada
CUST14917,Sneha Reddy,Los Angeles,CA,India
CUST14918,Sahil Singh,Philadelphia,PA,United Kingdom
CUST14919,Arjun Reddy,Charlotte,NC,Canada
CUST14920,Aarav Patel,Dallas,TX,Australia
CUST14921,Mohit Gupta,Columbus,OH,Canada
CUST14922,Sneha Reddy,Houston,TX,United Kingdom
CUST14923,Sneha Patel,San Diego,CA,India
CUST14924,Kabir Reddy,Fort Worth,TX,Canada
CUST14925,Arjun Patel,Washington,DC,Australia
CUST14926,Arjun Reddy,Fort Worth,TX,Canada
CUST14927,Arjun Verma,Charlotte,NC,Canada
CUST14928,Arjun Singh,Chicago,IL,Canada
CUST14929,Rohit Reddy,Charlotte,NC,Canada
CUST14930,Priya Sharma,San Francisco,CA,United Kingdom
CUST14931,Priya Gupta,San Francisco,CA,Canada
CUST14932,Sneha Mehta,San Diego,CA,United Kingdom
CUST14933,Sahil Gupta,San Francisco,CA,Canada
CUST14934,Sneha Patel,San Jose,CA,Canada
CUST14935,Aman Kumar,Washington,DC,India
CUST14936,Sunita Gupta,Charlotte,NC,Australia
CUST14937,Vivaan Verma,Dallas,TX,Australia
CUST14938,Sunita Verma,Charlotte,NC,United Kingdom
CUST14939,Sahil Singh,Jacksonville,FL,United Kingdom
CUST14940,Neha Kumar,San Diego,CA,Australia
CUST14941,Sahil Singh,Phoenix,AZ,Canada
CUST14942,Arjun Gupta,Dallas,TX,United Kingdom
CUST14943,Aman Kapoor,Austin,TX,Australia
CUST14944,Vihaan Reddy,Jacksonville,FL,Canada
CUST14945,Neha Patel,Austin,TX,India
CUST14946,Aman Kapoor,Houston,TX,India
CUST14947,Neha Sharma,Charlotte,NC,United Kingdom
CUST14948,Pooja Sharma,Columbus,OH,Canada
CUST14949,Mohit Kapoor,Charlotte,NC,Australia
CUST14950,Priya Joshi,Seattle,WA,India
CUST14951,Pooja Mehta,Dallas,TX,Australia
CUST14952,Vivaan Joshi,Indianapolis,IN,United Kingdom
CUST14953,Vivaan Joshi,New York,NY,Canada
CUST14954,Kabir Mehta,Austin,TX,United Kingdom
CUST14955,Vivaan Verma,Washington,DC,Australia
CUST14956,Ritika Patel,Jacksonville,FL,Australia
CUST14957,Sunita Reddy,Seattle,WA,Australia
CUST14958,Neha Gupta,San Diego,CA,United Kingdom
CUST14959,Pooja Kumar,San Diego,CA,United Kingdom
CUST14960,Aarav Sharma,Columbus,OH,Canada
CUST14961,Ritika Mehta,New York,NY,United Kingdom
CUST14962,Pooja Kumar,Columbus,OH,Canada
CUST14963,Ritika Kumar,Jacksonville,FL,India
CUST14964,Vivaan Gupta,Seattle,WA,United Kingdom
CUST14965,Vikas Sharma,Austin,TX,Canada
CUST14966,Aditya Reddy,Dallas,TX,Canada
CUST14967,Sahil Mehta,Denver,CO,India
CUST14968,Kabir Verma,Jacksonville,FL,Australia
CUST14969,Neha Kapoor,San Antonio,TX,United Kingdom
CUST14970,Vivaan Gupta,Fort Worth,TX,Australia
CUST14971,Neha Sharma,Jacksonville,FL,Australia
CUST14972,Aman Kumar,Charlotte,NC,India
CUST14973,Kabir Gupta,Dallas,TX,India
CUST14974,Kabir Kumar,Indianapolis,IN,India
CUST14975,Pooja Singh,Seattle,WA,United Kingdom
CUST14976,Pooja Joshi,San Francisco,CA,United Kingdom
CUST14977,Aman Mehta,Chicago,IL,United Kingdom
CUST14978,Aditya Singh,New York,NY,Australia
CUST14979,Ritika Mehta,Denver,CO,Canada
CUST14980,Aditya Verma,Columbus,OH,United Kingdom
CUST14981,Vivaan Gupta,Houston,TX,Canada
CUST14982,Arjun Gupta,Jacksonville,FL,Canada
CUST14983,Vikas Verma,Seattle,WA,India
CUST14984,Aditya Kumar,Seattle,WA,United Kingdom
CUST14985,Mohit Mehta,Jacksonville,FL,United Kingdom
CUST14986,Pooja Joshi,Indianapolis,IN,United Kingdom
CUST14987,Neha Singh,Houston,TX,United Kingdom
CUST14988,Priya Singh,Indianapolis,IN,United Kingdom
CUST14989,Neha Verma,Dallas,TX,Canada
CUST14990,Aman Joshi,Seattle,WA,United Kingdom
CUST14991,Rohit Mehta,Fort Worth,TX,Canada
CUST14992,Ritika Joshi,San Diego,CA,United Kingdom
CUST14993,Arjun Reddy,Phoenix,AZ,United Kingdom
CUST14994,Rohit Mehta,San Diego,CA,India
CUST14995,Vikas Kapoor,Denver,CO,Canada
CUST14996,Aarav Singh,Dallas,TX,United Kingdom
CUST14997,Simran Patel,Phoenix,AZ,Australia
CUST14998,Ritika Patel,New York,NY,Canada
CUST14999,Sunita Mehta,Chicago,IL,India
CUST15000,Anjali Joshi,Philadelphia,PA,Canada
CUST15001,Karan Singh,Fort Worth,TX,Australia
CUST15002,Vihaan Sharma,Dallas,TX,United Kingdom
CUST15003,Sunita Mehta,San Diego,CA,Australia
CUST15004,Pooja Gupta,Philadelphia,PA,United Kingdom
CUST15005,Simran Verma,Charlotte,NC,Canada
CUST15006,Ritika Sharma,Phoenix,AZ,Canada
CUST15007,Vihaan Verma,Charlotte,NC,Australia
CUST15008,Ritika Singh,San Diego,CA,United Kingdom
CUST15009,Vikas Kapoor,San Francisco,CA,United Kingdom
CUST15010,Karan Mehta,Fort Worth,TX,United Kingdom
CUST15011,Anjali Gupta,San Jose,CA,United Kingdom
CUST15012,Aarav Kumar,Phoenix,AZ,Canada
CUST15013,Sunita Sharma,Austin,TX,Australia
CUST15014,Neha Patel,San Diego,CA,Canada
CUST15015,Ritika Kumar,Jacksonville,FL,United Kingdom
CUST15016,Aarav Kapoor,Fort Worth,TX,United Kingdom
CUST15017,Arjun Kapoor,Charlotte,NC,Canada
CUST15018,Anjali Kapoor,Phoenix,AZ,Australia
CUST15019,Ritika Joshi,Dallas,TX,India
CUST15020,Rohit Gupta,San Diego,CA,India
CUST15021,Vihaan Gupta,San Francisco,CA,Canada
CUST15022,Aditya Gupta,Austin,TX,United Kingdom
CUST15023,Sneha Gupta,San Antonio,TX,United Kingdom
CUST15024,Aman Verma,Los Angeles,CA,United Kingdom
CUST15025,Rohit Patel,New York,NY,Canada
CUST15026,Aman Verma,Charlotte,NC,Australia
CUST15027,Priya Reddy,San Antonio,TX,India
CUST15028,Rohit Gupta,Fort Worth,TX,United Kingdom
CUST15029,Priya Mehta,San Antonio,TX,United Kingdom
CUST15030,Aditya Joshi,San Francisco,CA,Canada
CUST15031,Rohit Kapoor,Dallas,TX,United Kingdom
CUST15032,Kabir Reddy,San Antonio,TX,Canada
CUST15033,Sneha Kapoor,Austin,TX,United Kingdom
CUST15034,Sahil Singh,Seattle,WA,United Kingdom
CUST15035,Aditya Patel,Los Angeles,CA,Australia
CUST15036,Aarav Patel,Jacksonville,FL,United Kingdom
CUST15037,Arjun Sharma,Denver,CO,United Kingdom
CUST15038,Sneha Mehta,Philadelphia,PA,India
CUST15039,Vivaan Kumar,Phoenix,AZ,Canada
CUST15040,Simran Singh,San Diego,CA,Australia
CUST15041,Ritika Joshi,Chicago,IL,United Kingdom
CUST15042,Sahil Patel,Seattle,WA,United Kingdom
CUST15043,Ritika Joshi,Columbus,OH,Canada
CUST15044,Aman Verma,Denver,CO,United Kingdom
CUST15045,Simran Kumar,Fort Worth,TX,United Kingdom
CUST15046,Pooja Kapoor,Seattle,WA,Canada
CUST15047,Aarav Patel,Houston,TX,Canada
CUST15048,Sneha Kumar,Phoenix,AZ,Australia
CUST15049,Arjun Mehta,Houston,TX,United Kingdom
CUST15050,Anjali Mehta,Charlotte,NC,Australia
CUST15051,Vihaan Gupta,Charlotte,NC,United Kingdom
CUST15052,Arjun Kumar,Washington,DC,Australia
CUST15053,Neha Joshi,Charlotte,NC,India
CUST15054,Ritika Kapoor,San Francisco,CA,Canada
CUST15055,Simran Kumar,Washington,DC,Australia
CUST15056,Karan Verma,Jacksonville,FL,Australia
CUST15057,Ritika Patel,Fort Worth,TX,India
CUST15058,Vihaan Patel,Dallas,TX,United Kingdom
CUST15059,Aarav Joshi,Austin,TX,Australia
CUST15060,Arjun Mehta,New York,NY,United Kingdom
CUST15061,Mohit Verma,Austin,TX,India
CUST15062,Anjali Reddy,Dallas,TX,United Kingdom
CUST15063,Ritika Reddy,Fort Worth,TX,Australia
CUST15064,Pooja Reddy,Fort Worth,TX,Canada
CUST15065,Arjun Verma,Houston,TX,United Kingdom
CUST15066,Kabir Mehta,Chicago,IL,United Kingdom
CUST15067,Vivaan Gupta,Phoenix,AZ,United Kingdom
CUST15068,Sahil Verma,New York,NY,Canada
CUST15069,Aman Mehta,San Jose,CA,United Kingdom
CUST15070,Simran Joshi,New York,NY,United Kingdom
CUST15071,Rohit Sharma,San Diego,CA,Canada
CUST15072,Arjun Gupta,San Diego,CA,Australia
CUST15073,Neha Kumar,Philadelphia,PA,United Kingdom
CUST15074,Anjali Mehta,Denver,CO,Canada
CUST15075,Aditya Kapoor,Columbus,OH,United Kingdom
CUST15076,Sneha Patel,Houston,TX,Canada
CUST15077,Karan Kapoor,Houston,TX,Canada
CUST15078,Rohit Gupta,San Francisco,CA,Australia
CUST15079,Priya Verma,Austin,TX,Australia
CUST15080,Vihaan Kumar,Philadelphia,PA,United Kingdom
CUST15081,Aditya Patel,Austin,TX,Australia
CUST15082,Sneha Gupta,Columbus,OH,India
CUST15083,Mohit Gupta,San Antonio,TX,Australia
CUST15084,Aarav Kumar,Jacksonville,FL,United Kingdom
CUST15085,Vihaan Joshi,Fort Worth,TX,Canada
CUST15086,Aditya Joshi,Jacksonville,FL,Australia
CUST15087,Vihaan Singh,Houston,TX,United Kingdom
CUST15088,Sahil Joshi,New York,NY,Australia
CUST15089,Simran Joshi,Dallas,TX,United Kingdom
CUST15090,Ritika Singh,Philadelphia,PA,Canada
CUST15091,Anjali Verma,San Diego,CA,Canada
CUST15092,Vivaan Patel,Seattle,WA,Canada
CUST15093,Sunita Patel,San Diego,CA,United Kingdom
CUST15094,Aarav Kapoor,Indianapolis,IN,Canada
CUST15095,Aman Mehta,Phoenix,AZ,Australia
CUST15096,Aman Gupta,Houston,TX,United Kingdom
CUST15097,Vikas Kumar,Philadelphia,PA,Canada
CUST15098,Vikas Joshi,Austin,TX,United Kingdom
CUST15099,Sahil Joshi,Columbus,OH,Canada
CUST15100,Vihaan Mehta,Phoenix,AZ,Australia
CUST15101,Karan Mehta,Houston,TX,India
CUST15102,Simran Mehta,Dallas,TX,Australia
CUST15103,Karan Sharma,Washington,DC,Canada
CUST15104,Priya Mehta,Dallas,TX,Australia
CUST15105,Karan Reddy,Washington,DC,Canada
CUST15106,Sneha Kumar,Houston,TX,Canada
CUST15107,Simran Sharma,Columbus,OH,Canada
CUST15108,Arjun Kumar,Indianapolis,IN,United Kingdom
CUST15109,Arjun Gupta,Austin,TX,Canada
CUST15110,Simran Kumar,Seattle,WA,Canada
CUST15111,Kabir Singh,Fort Worth,TX,United Kingdom
CUST15112,Sunita Mehta,Indianapolis,IN,Canada
CUST15113,Arjun Reddy,San Antonio,TX,Australia
CUST15114,Aman Joshi,Philadelphia,PA,Australia
CUST15115,Mohit Reddy,San Francisco,CA,Canada
CUST15116,Vivaan Verma,Denver,CO,Canada
CUST15117,Vikas Sharma,Fort Worth,TX,India
CUST15118,Simran Verma,New York,NY,United Kingdom
CUST15119,Vikas Verma,Philadelphia,PA,Australia
CUST15120,Sunita Mehta,Houston,TX,Canada
CUST15121,Aditya Verma,Seattle,WA,Australia
CUST15122,Vivaan Mehta,Phoenix,AZ,Canada
CUST15123,Vikas Reddy,Houston,TX,Canada
CUST15124,Mohit Sharma,San Jose,CA,United Kingdom
CUST15125,Kabir Verma,Charlotte,NC,United Kingdom
CUST15126,Karan Verma,Austin,TX,India
CUST15127,Simran Mehta,San Diego,CA,United Kingdom
CUST15128,Sunita Kumar,San Antonio,TX,Canada
CUST15129,Ritika Joshi,Washington,DC,United Kingdom
CUST15130,Aman Kumar,New York,NY,Canada
CUST15131,Karan Patel,Columbus,OH,United Kingdom
CUST15132,Kabir Reddy,Los Angeles,CA,United Kingdom
CUST15133,Aditya Reddy,Fort Worth,TX,Australia
CUST15134,Karan Sharma,Seattle,WA,India
CUST15135,Kabir Verma,Fort Worth,TX,India
CUST15136,Aditya Mehta,Fort Worth,TX,Canada
CUST15137,Anjali Reddy,Phoenix,AZ,India
CUST15138,Sunita Kumar,Dallas,TX,Australia
CUST15139,Sunita Kumar,San Jose,CA,Australia
CUST15140,Kabir Sharma,Chicago,IL,Canada
CUST15141,Neha Kumar,Chicago,IL,Canada
CUST15142,Sunita Joshi,Seattle,WA,Canada
CUST15143,Vikas Sharma,Los Angeles,CA,Australia
CUST15144,Aditya Kumar,Charlotte,NC,Australia
CUST15145,Mohit Sharma,Phoenix,AZ,Australia
CUST15146,Aman Joshi,Los Angeles,CA,United Kingdom
CUST15147,Mohit Kapoor,Jacksonville,FL,Australia
CUST15148,Pooja Patel,New York,NY,United Kingdom
CUST15149,Sahil Kapoor,San Antonio,TX,United Kingdom
CUST15150,Arjun Sharma,San Diego,CA,United Kingdom
CUST15151,Vihaan Kumar,Fort Worth,TX,United Kingdom
CUST15152,Simran Mehta,Chicago,IL,India
CUST15153,Aman Singh,Washington,DC,Australia
CUST15154,Sneha Singh,Dallas,TX,United Kingdom
CUST15155,Arjun Verma,San Francisco,CA,Australia
CUST15156,Vikas Singh,Indianapolis,IN,Australia
CUST15157,Pooja Joshi,Phoenix,AZ,United Kingdom
CUST15158,Kabir Mehta,San Francisco,CA,Australia
CUST15159,Simran Kapoor,Austin,TX,United Kingdom
CUST15160,Neha Gupta,Austin,TX,Australia
CUST15161,Priya Patel,Denver,CO,United Kingdom
CUST15162,Vihaan Verma,San Francisco,CA,India
CUST15163,Vihaan Mehta,Los Angeles,CA,Australia
CUST15164,Sneha Verma,Dallas,TX,United Kingdom
CUST15165,Neha Gupta,Houston,TX,United Kingdom
CUST15166,Vikas Verma,Charlotte,NC,Australia
CUST15167,Vivaan Verma,New York,NY,Australia
CUST15168,Aditya Singh,Houston,TX,United Kingdom
CUST15169,Pooja Sharma,Dallas,TX,Canada
CUST15170,Aman Kumar,Seattle,WA,Canada
CUST15171,Arjun Patel,Columbus,OH,United Kingdom
CUST15172,Priya Mehta,Charlotte,NC,Canada
CUST15173,Pooja Sharma,Seattle,WA,United Kingdom
CUST15174,Rohit Kapoor,San Diego,CA,Australia
CUST15175,Vivaan Kumar,Denver,CO,Australia
CUST15176,Kabir Joshi,San Antonio,TX,United Kingdom
CUST15177,Priya Kapoor,Washington,DC,United Kingdom
CUST15178,Mohit Singh,Fort Worth,TX,Australia
CUST15179,Aarav Gupta,New York,NY,Australia
CUST15180,Aditya Kapoor,Jacksonville,FL,Australia
CUST15181,Sneha Reddy,San Antonio,TX,Canada
CUST15182,Rohit Sharma,Jacksonville,FL,Canada
CUST15183,Sneha Mehta,San Diego,CA,Australia
CUST15184,Vihaan Patel,Austin,TX,Australia
CUST15185,Simran Sharma,Dallas,TX,Canada
CUST15186,Priya Kumar,Indianapolis,IN,Canada
CUST15187,Sahil Singh,Denver,CO,Canada
CUST15188,Priya Kapoor,Dallas,TX,Canada
CUST15189,Sunita Kapoor,Indianapolis,IN,India
CUST15190,Mohit Verma,Los Angeles,CA,Australia
CUST15191,Aditya Kapoor,Philadelphia,PA,Australia
CUST15192,Priya Patel,Charlotte,NC,United Kingdom
CUST15193,Karan Gupta,New York,NY,Canada
CUST15194,Vihaan Patel,San Diego,CA,Australia
CUST15195,Vihaan Mehta,Seattle,WA,Canada
CUST15196,Simran Sharma,Phoenix,AZ,United Kingdom
CUST15197,Mohit Singh,San Jose,CA,India
CUST15198,Vikas Gupta,San Jose,CA,India
CUST15199,Anjali Reddy,Dallas,TX,Australia
CUST15200,Priya Patel,Phoenix,AZ,United Kingdom
CUST15201,Mohit Patel,Houston,TX,United Kingdom
CUST15202,Vivaan Gupta,San Francisco,CA,Australia
CUST15203,Priya Kapoor,Houston,TX,Canada
CUST15204,Vikas Verma,Austin,TX,United Kingdom
CUST15205,Anjali Sharma,Seattle,WA,Australia
CUST15206,Aarav Singh,Dallas,TX,India
CUST15207,Arjun Patel,San Jose,CA,Australia
CUST15208,Vikas Patel,Dallas,TX,Canada
CUST15209,Ritika Mehta,San Jose,CA,Australia
CUST15210,Kabir Joshi,Los Angeles,CA,United Kingdom
CUST15211,Rohit Singh,Fort Worth,TX,United Kingdom
CUST15212,Aman Sharma,Washington,DC,Australia
CUST15213,Aarav Mehta,Columbus,OH,India
CUST15214,Priya Sharma,Dallas,TX,Australia
CUST15215,Pooja Kumar,San Diego,CA,Australia
CUST15216,Sunita Joshi,Seattle,WA,Australia
CUST15217,Anjali Kumar,Seattle,WA,Australia
CUST15218,Mohit Patel,Chicago,IL,Australia
CUST15219,Sneha Sharma,San Francisco,CA,United Kingdom
CUST15220,Sneha Kapoor,Los Angeles,CA,India
CUST15221,Simran Patel,Philadelphia,PA,Australia
CUST15222,Aman Gupta,Denver,CO,Australia
CUST15223,Pooja Kapoor,Indianapolis,IN,India
CUST15224,Anjali Sharma,Columbus,OH,United Kingdom
CUST15225,Karan Mehta,Los Angeles,CA,United Kingdom
CUST15226,Aditya Mehta,Columbus,OH,United Kingdom
CUST15227,Sahil Singh,New York,NY,Canada
CUST15228,Mohit Kumar,Seattle,WA,Canada
CUST15229,Vihaan Kapoor,Dallas,TX,United Kingdom
CUST15230,Arjun Kapoor,Dallas,TX,Australia
CUST15231,Rohit Joshi,Columbus,OH,Canada
CUST15232,Kabir Gupta,San Francisco,CA,Australia
CUST15233,Simran Patel,Dallas,TX,Canada
CUST15234,Mohit Verma,Charlotte,NC,Canada
CUST15235,Aarav Joshi,San Jose,CA,Canada
CUST15236,Sahil Mehta,Indianapolis,IN,United Kingdom
CUST15237,Kabir Mehta,Los Angeles,CA,Canada
CUST15238,Vikas Sharma,San Francisco,CA,Canada
CUST15239,Aman Kumar,Houston,TX,United Kingdom
CUST15240,Aditya Singh,Fort Worth,TX,Australia
CUST15241,Neha Sharma,Seattle,WA,India
CUST15242,Neha Joshi,San Jose,CA,India
CUST15243,Karan Mehta,Austin,TX,Canada
CUST15244,Mohit Singh,Charlotte,NC,United Kingdom
CUST15245,Arjun Patel,Phoenix,AZ,Australia
CUST15246,Arjun Sharma,Dallas,TX,Canada
CUST15247,Vivaan Joshi,Dallas,TX,Canada
CUST15248,Sneha Gupta,Philadelphia,PA,Australia
CUST15249,Vihaan Singh,Philadelphia,PA,United Kingdom
CUST15250,Anjali Sharma,Philadelphia,PA,Canada
CUST15251,Vikas Kapoor,New York,NY,Canada
CUST15252,Aman Verma,Jacksonville,FL,Australia
CUST15253,Pooja Kumar,Austin,TX,Australia
CUST15254,Aman Reddy,Phoenix,AZ,Australia
CUST15255,Rohit Sharma,San Diego,CA,United Kingdom
CUST15256,Pooja Kapoor,Phoenix,AZ,Australia
CUST15257,Aarav Joshi,Indianapolis,IN,United Kingdom
CUST15258,Aarav Reddy,Phoenix,AZ,United Kingdom
CUST15259,Pooja Singh,Phoenix,AZ,India
CUST15260,Sunita Patel,Charlotte,NC,United Kingdom
CUST15261,Arjun Verma,Indianapolis,IN,Australia
CUST15262,Vihaan Singh,Chicago,IL,Canada
CUST15263,Vihaan Patel,Philadelphia,PA,United Kingdom
CUST15264,Simran Mehta,New York,NY,Australia
CUST15265,Priya Joshi,Chicago,IL,Australia
CUST15266,Sneha Singh,Fort Worth,TX,Canada
CUST15267,Vihaan Reddy,San Jose,CA,United Kingdom
CUST15268,Mohit Gupta,Phoenix,AZ,Australia
CUST15269,Anjali Reddy,Seattle,WA,United Kingdom
CUST15270,Vikas Patel,Indianapolis,IN,Canada
CUST15271,Anjali Verma,Jacksonville,FL,Australia
CUST15272,Simran Kumar,Jacksonville,FL,United Kingdom
CUST15273,Vikas Singh,Chicago,IL,India
CUST15274,Rohit Mehta,Austin,TX,United Kingdom
CUST15275,Simran Reddy,Indianapolis,IN,Canada
CUST15276,Aman Kumar,Los Angeles,CA,India
CUST15277,Aman Sharma,Chicago,IL,India
CUST15278,Vivaan Gupta,San Jose,CA,Australia
CUST15279,Aditya Kumar,Houston,TX,Australia
CUST15280,Arjun Mehta,San Jose,CA,United Kingdom
CUST15281,Ritika Kapoor,Phoenix,AZ,Canada
CUST15282,Aarav Joshi,Dallas,TX,Australia
CUST15283,Mohit Patel,Washington,DC,Canada
CUST15284,Mohit Patel,Philadelphia,PA,United Kingdom
CUST15285,Arjun Reddy,Houston,TX,United Kingdom
CUST15286,Aarav Gupta,Denver,CO,Canada
CUST15287,Sneha Sharma,Denver,CO,Canada
CUST15288,Kabir Sharma,Dallas,TX,Canada
CUST15289,Kabir Joshi,Denver,CO,India
CUST15290,Vikas Patel,Austin,TX,Australia
CUST15291,Mohit Mehta,Charlotte,NC,Canada
CUST15292,Neha Verma,Denver,CO,United Kingdom
CUST15293,Aditya Singh,San Diego,CA,Australia
CUST15294,Vivaan Joshi,Chicago,IL,Canada
CUST15295,Aarav Kapoor,San Diego,CA,United Kingdom
CUST15296,Ritika Singh,New York,NY,Australia
CUST15297,Aman Kapoor,Denver,CO,United Kingdom
CUST15298,Vivaan Sharma,San Diego,CA,Australia
CUST15299,Vivaan Kumar,Austin,TX,United Kingdom
CUST15300,Vikas Mehta,Seattle,WA,Australia
CUST15301,Aman Kapoor,Denver,CO,Canada
CUST15302,Neha Sharma,Seattle,WA,Canada
CUST15303,Karan Singh,Chicago,IL,United Kingdom
CUST15304,Aarav Singh,Philadelphia,PA,Australia
CUST15305,Mohit Reddy,Chicago,IL,Australia
CUST15306,Rohit Gupta,Columbus,OH,United Kingdom
CUST15307,Ritika Verma,Phoenix,AZ,Australia
CUST15308,Mohit Patel,Denver,CO,Canada
CUST15309,Karan Patel,Fort Worth,TX,Canada
CUST15310,Sneha Singh,San Jose,CA,United Kingdom
CUST15311,Neha Reddy,Philadelphia,PA,India
CUST15312,Kabir Singh,Houston,TX,Australia
CUST15313,Aditya Verma,Charlotte,NC,Canada
CUST15314,Neha Verma,Los Angeles,CA,Australia
CUST15315,Aarav Singh,Columbus,OH,Australia
CUST15316,Sunita Mehta,Denver,CO,United Kingdom
CUST15317,Anjali Verma,Seattle,WA,Canada
CUST15318,Ritika Sharma,Jacksonville,FL,Australia
CUST15319,Rohit Gupta,Seattle,WA,Australia
CUST15320,Simran Gupta,Jacksonville,FL,Canada
CUST15321,Rohit Gupta,Indianapolis,IN,Australia
CUST15322,Kabir Sharma,Indianapolis,IN,United Kingdom
CUST15323,Anjali Joshi,Charlotte,NC,Australia
CUST15324,Pooja Gupta,San Antonio,TX,United Kingdom
CUST15325,Pooja Gupta,Chicago,IL,United Kingdom
CUST15326,Kabir Kapoor,San Antonio,TX,India
CUST15327,Arjun Gupta,Denver,CO,United Kingdom
CUST15328,Neha Verma,New York,NY,Australia
CUST15329,Sneha Joshi,Jacksonville,FL,United Kingdom
CUST15330,Aman Sharma,San Antonio,TX,Canada
CUST15331,Vihaan Joshi,New York,NY,Australia
CUST15332,Karan Gupta,San Antonio,TX,Australia
CUST15333,Aman Patel,San Jose,CA,Australia
CUST15334,Ritika Patel,Jacksonville,FL,Canada
CUST15335,Rohit Kapoor,Houston,TX,Canada
CUST15336,Vikas Reddy,Indianapolis,IN,Australia
CUST15337,Kabir Singh,San Diego,CA,Australia
CUST15338,Sneha Reddy,Seattle,WA,United Kingdom
CUST15339,Ritika Patel,Charlotte,NC,United Kingdom
CUST15340,Aditya Patel,Austin,TX,Canada
CUST15341,Mohit Verma,Jacksonville,FL,Australia
CUST15342,Sahil Kumar,Fort Worth,TX,United Kingdom
CUST15343,Vikas Kapoor,Charlotte,NC,United Kingdom
CUST15344,Aditya Kapoor,Dallas,TX,Canada
CUST15345,Arjun Kumar,Denver,CO,Australia
CUST15346,Neha Patel,Jacksonville,FL,Canada
CUST15347,Pooja Sharma,Jacksonville,FL,Canada
CUST15348,Aditya Kumar,San Francisco,CA,Australia
CUST15349,Aman Sharma,Chicago,IL,Australia
CUST15350,Vikas Patel,San Jose,CA,India
CUST15351,Karan Patel,San Antonio,TX,India
CUST15352,Karan Verma,Charlotte,NC,Canada
CUST15353,Arjun Verma,Austin,TX,United Kingdom
CUST15354,Vihaan Patel,Austin,TX,United Kingdom
CUST15355,Mohit Patel,Dallas,TX,Australia
CUST15356,Neha Mehta,Phoenix,AZ,United Kingdom
CUST15357,Mohit Gupta,Fort Worth,TX,India
CUST15358,Sunita Reddy,Phoenix,AZ,Canada
CUST15359,Vihaan Reddy,Washington,DC,United Kingdom
CUST15360,Simran Verma,Los Angeles,CA,Canada
CUST15361,Aditya Singh,Los Angeles,CA,Australia
CUST15362,Simran Joshi,San Diego,CA,Australia
CUST15363,Kabir Kapoor,Columbus,OH,Canada
CUST15364,Aarav Mehta,San Jose,CA,Canada
CUST15365,Sneha Gupta,Denver,CO,Australia
CUST15366,Mohit Singh,Philadelphia,PA,Australia
CUST15367,Ritika Kapoor,Phoenix,AZ,Australia
CUST15368,Priya Singh,Charlotte,NC,Australia
CUST15369,Sunita Reddy,Washington,DC,Canada
CUST15370,Vihaan Patel,Fort Worth,TX,Canada
CUST15371,Sneha Verma,Columbus,OH,Australia
CUST15372,Anjali Kapoor,San Francisco,CA,Australia
CUST15373,Sneha Verma,Phoenix,AZ,Canada
CUST15374,Karan Kapoor,Dallas,TX,India
CUST15375,Neha Joshi,Seattle,WA,United Kingdom
CUST15376,Vihaan Sharma,New York,NY,Australia
CUST15377,Karan Patel,Fort Worth,TX,United Kingdom
CUST15378,Sunita Patel,Jacksonville,FL,United Kingdom
CUST15379,Sneha Gupta,Phoenix,AZ,Australia
CUST15380,Rohit Reddy,Columbus,OH,Canada
CUST15381,Aman Gupta,Dallas,TX,Canada
CUST15382,Vihaan Singh,Charlotte,NC,Australia
CUST15383,Neha Reddy,Austin,TX,United Kingdom
CUST15384,Karan Sharma,San Jose,CA,Australia
CUST15385,Karan Patel,San Jose,CA,Canada
CUST15386,Kabir Joshi,San Francisco,CA,India
CUST15387,Pooja Sharma,Indianapolis,IN,United Kingdom
CUST15388,Vihaan Patel,Philadelphia,PA,Australia
CUST15389,Vikas Gupta,Houston,TX,Australia
CUST15390,Neha Reddy,Philadelphia,PA,Australia
CUST15391,Simran Kumar,Philadelphia,PA,United Kingdom
CUST15392,Karan Sharma,Seattle,WA,Australia
CUST15393,Aman Gupta,Chicago,IL,Canada
CUST15394,Vivaan Verma,San Jose,CA,United Kingdom
CUST15395,Arjun Joshi,Seattle,WA,Canada
CUST15396,Aman Mehta,Washington,DC,Canada
CUST15397,Aarav Verma,San Francisco,CA,Australia
CUST15398,Sahil Sharma,New York,NY,United Kingdom
CUST15399,Aman Gupta,Jacksonville,FL,United Kingdom
CUST15400,Sunita Patel,Fort Worth,TX,Canada
CUST15401,Arjun Sharma,Los Angeles,CA,India
CUST15402,Sunita Joshi,Philadelphia,PA,Canada
CUST15403,Vihaan Reddy,Denver,CO,United Kingdom
CUST15404,Rohit Verma,Phoenix,AZ,Canada
CUST15405,Ritika Singh,Austin,TX,United Kingdom
CUST15406,Sahil Reddy,Columbus,OH,Australia
CUST15407,Karan Mehta,Seattle,WA,India
CUST15408,Aman Verma,New York,NY,Australia
CUST15409,Karan Gupta,Phoenix,AZ,Australia
CUST15410,Karan Sharma,New York,NY,Canada
CUST15411,Karan Joshi,San Jose,CA,India
CUST15412,Sneha Reddy,Houston,TX,Australia
CUST15413,Rohit Singh,New York,NY,United Kingdom
CUST15414,Mohit Kumar,Los Angeles,CA,Australia
CUST15415,Priya Verma,Charlotte,NC,United Kingdom
CUST15416,Ritika Patel,Washington,DC,Australia
CUST15417,Aarav Singh,Fort Worth,TX,Canada
CUST15418,Arjun Kumar,Chicago,IL,Canada
CUST15419,Neha Singh,Philadelphia,PA,Australia
CUST15420,Kabir Patel,Washington,DC,United Kingdom
CUST15421,Karan Kapoor,Austin,TX,India
CUST15422,Arjun Mehta,Indianapolis,IN,Australia
CUST15423,Ritika Singh,New York,NY,United Kingdom
CUST15424,Vikas Verma,Charlotte,NC,Canada
CUST15425,Pooja Reddy,Indianapolis,IN,India
CUST15426,Aman Patel,Los Angeles,CA,India
CUST15427,Arjun Gupta,Phoenix,AZ,Australia
CUST15428,Sneha Gupta,Dallas,TX,Canada
CUST15429,Vivaan Kumar,Charlotte,NC,Australia
CUST15430,Vivaan Mehta,Fort Worth,TX,Canada
CUST15431,Priya Patel,San Antonio,TX,Australia
CUST15432,Mohit Joshi,San Francisco,CA,Australia
CUST15433,Kabir Mehta,Jacksonville,FL,Australia
CUST15434,Kabir Verma,San Diego,CA,United Kingdom
CUST15435,Anjali Gupta,Philadelphia,PA,Australia
CUST15436,Mohit Reddy,Fort Worth,TX,United Kingdom
CUST15437,Arjun Reddy,Dallas,TX,United Kingdom
CUST15438,Simran Kumar,Columbus,OH,Canada
CUST15439,Vihaan Reddy,Seattle,WA,Australia
CUST15440,Vihaan Verma,Houston,TX,Canada
CUST15441,Neha Kapoor,Charlotte,NC,Australia
CUST15442,Sahil Mehta,Charlotte,NC,Australia
CUST15443,Sahil Kapoor,Chicago,IL,India
CUST15444,Sahil Reddy,Indianapolis,IN,Canada
CUST15445,Vikas Singh,San Diego,CA,United Kingdom
CUST15446,Vihaan Patel,San Antonio,TX,Canada
CUST15447,Aarav Sharma,Fort Worth,TX,United Kingdom
CUST15448,Karan Joshi,Chicago,IL,India
CUST15449,Anjali Kumar,San Antonio,TX,Canada
CUST15450,Ritika Verma,San Antonio,TX,Canada
CUST15451,Arjun Kumar,San Diego,CA,United Kingdom
CUST15452,Mohit Gupta,Seattle,WA,Australia
CUST15453,Pooja Kumar,New York,NY,India
CUST15454,Pooja Patel,Los Angeles,CA,Canada
CUST15455,Pooja Sharma,Fort Worth,TX,Canada
CUST15456,Neha Gupta,San Diego,CA,India
CUST15457,Neha Kapoor,San Diego,CA,United Kingdom
CUST15458,Vivaan Patel,Los Angeles,CA,United Kingdom
CUST15459,Aman Verma,Columbus,OH,Australia
CUST15460,Sneha Verma,Chicago,IL,Australia
CUST15461,Sunita Reddy,San Francisco,CA,United Kingdom
CUST15462,Aman Gupta,Indianapolis,IN,United Kingdom
CUST15463,Anjali Sharma,Philadelphia,PA,Australia
CUST15464,Rohit Gupta,Houston,TX,Canada
CUST15465,Anjali Sharma,San Jose,CA,United Kingdom
CUST15466,Arjun Joshi,Houston,TX,India
CUST15467,Mohit Reddy,Houston,TX,Australia
CUST15468,Ritika Patel,Seattle,WA,United Kingdom
CUST15469,Simran Kapoor,Indianapolis,IN,Canada
CUST15470,Mohit Patel,San Jose,CA,United Kingdom
CUST15471,Anjali Joshi,New York,NY,United Kingdom
CUST15472,Aarav Patel,Fort Worth,TX,United Kingdom
CUST15473,Vihaan Kumar,San Antonio,TX,Australia
CUST15474,Sunita Mehta,Seattle,WA,Canada
CUST15475,Karan Sharma,San Diego,CA,United Kingdom
CUST15476,Pooja Reddy,San Jose,CA,Canada
CUST15477,Kabir Patel,Seattle,WA,United Kingdom
CUST15478,Karan Patel,San Francisco,CA,Canada
CUST15479,Vikas Mehta,Denver,CO,Canada
CUST15480,Mohit Verma,Jacksonville,FL,United Kingdom
CUST15481,Vikas Verma,San Diego,CA,Australia
CUST15482,Vivaan Gupta,San Antonio,TX,Canada
CUST15483,Sneha Singh,Jacksonville,FL,Canada
CUST15484,Vikas Sharma,Phoenix,AZ,Canada
CUST15485,Ritika Sharma,Jacksonville,FL,Canada
CUST15486,Ritika Verma,Phoenix,AZ,India
CUST15487,Aarav Gupta,Philadelphia,PA,United Kingdom
CUST15488,Aman Joshi,San Diego,CA,Canada
CUST15489,Rohit Joshi,Charlotte,NC,United Kingdom
CUST15490,Vihaan Sharma,Phoenix,AZ,United Kingdom
CUST15491,Pooja Gupta,Philadelphia,PA,Australia
CUST15492,Vikas Joshi,Los Angeles,CA,Canada
CUST15493,Arjun Verma,Fort Worth,TX,Australia
CUST15494,Vihaan Kapoor,Austin,TX,Australia
CUST15495,Karan Kumar,Denver,CO,United Kingdom
CUST15496,Pooja Kapoor,New York,NY,Australia
CUST15497,Sneha Sharma,Phoenix,AZ,Canada
CUST15498,Kabir Mehta,San Francisco,CA,Canada
CUST15499,Pooja Singh,Seattle,WA,India
CUST15500,Karan Singh,Jacksonville,FL,Australia
CUST15501,Karan Sharma,Washington,DC,India
CUST15502,Anjali Joshi,Fort Worth,TX,Canada
CUST15503,Simran Verma,Fort Worth,TX,Australia
CUST15504,Karan Patel,New York,NY,India
CUST15505,Anjali Sharma,San Diego,CA,United Kingdom
CUST15506,Vikas Sharma,Chicago,IL,Australia
CUST15507,Priya Patel,Chicago,IL,Australia
CUST15508,Arjun Verma,San Jose,CA,Canada
CUST15509,Sneha Patel,Phoenix,AZ,Canada
CUST15510,Aarav Reddy,San Antonio,TX,United Kingdom
CUST15511,Sneha Mehta,Phoenix,AZ,Canada
CUST15512,Rohit Kapoor,Seattle,WA,Australia
CUST15513,Neha Kapoor,Jacksonville,FL,Canada
CUST15514,Anjali Sharma,Denver,CO,United Kingdom
CUST15515,Vivaan Reddy,San Antonio,TX,Canada
CUST15516,Sunita Mehta,San Francisco,CA,Canada
CUST15517,Vivaan Reddy,San Jose,CA,Australia
CUST15518,Sunita Mehta,Chicago,IL,Canada
CUST15519,Arjun Gupta,Los Angeles,CA,United Kingdom
CUST15520,Vikas Verma,San Antonio,TX,Canada
CUST15521,Karan Verma,Chicago,IL,India
CUST15522,Ritika Verma,San Diego,CA,India
CUST15523,Kabir Reddy,San Antonio,TX,United Kingdom
CUST15524,Neha Singh,Austin,TX,United Kingdom
CUST15525,Neha Patel,San Diego,CA,Australia
CUST15526,Aditya Kumar,San Francisco,CA,United Kingdom
CUST15527,Pooja Gupta,Jacksonville,FL,India
CUST15528,Aarav Singh,San Diego,CA,Australia
CUST15529,Vikas Kumar,Seattle,WA,Australia
CUST15530,Sunita Singh,Los Angeles,CA,India
CUST15531,Sunita Joshi,Philadelphia,PA,Australia
CUST15532,Aman Sharma,Houston,TX,Australia
CUST15533,Priya Kapoor,San Antonio,TX,United Kingdom
CUST15534,Vivaan Sharma,Fort Worth,TX,United Kingdom
CUST15535,Vihaan Kapoor,Columbus,OH,India
CUST15536,Sunita Kapoor,Dallas,TX,Australia
CUST15537,Vikas Mehta,Charlotte,NC,United Kingdom
CUST15538,Priya Verma,San Francisco,CA,Canada
CUST15539,Anjali Joshi,San Francisco,CA,Canada
CUST15540,Vivaan Kumar,Phoenix,AZ,India
CUST15541,Mohit Sharma,Charlotte,NC,Australia
CUST15542,Kabir Reddy,Philadelphia,PA,Canada
CUST15543,Arjun Mehta,Los Angeles,CA,United Kingdom
CUST15544,Sahil Sharma,Phoenix,AZ,Australia
CUST15545,Aditya Kapoor,San Antonio,TX,Australia
CUST15546,Pooja Gupta,Los Angeles,CA,India
CUST15547,Simran Patel,New York,NY,Australia
CUST15548,Karan Reddy,Austin,TX,India
CUST15549,Mohit Singh,Dallas,TX,United Kingdom
CUST15550,Aarav Patel,Washington,DC,Australia
CUST15551,Rohit Reddy,Houston,TX,Australia
CUST15552,Simran Kumar,San Jose,CA,United Kingdom
CUST15553,Sunita Sharma,Houston,TX,Australia
CUST15554,Ritika Singh,Jacksonville,FL,Canada
CUST15555,Vivaan Joshi,San Antonio,TX,India
CUST15556,Simran Patel,San Diego,CA,Australia
CUST15557,Sneha Kumar,Charlotte,NC,Australia
CUST15558,Aarav Verma,Houston,TX,Australia
CUST15559,Priya Sharma,Philadelphia,PA,Canada
CUST15560,Aditya Patel,San Antonio,TX,Australia
CUST15561,Anjali Kapoor,Philadelphia,PA,Canada
CUST15562,Vikas Sharma,Charlotte,NC,Australia
CUST15563,Kabir Verma,Phoenix,AZ,Canada
CUST15564,Vihaan Sharma,Charlotte,NC,Australia
CUST15565,Rohit Kumar,New York,NY,Australia
CUST15566,Vikas Reddy,Charlotte,NC,Australia
CUST15567,Simran Verma,Denver,CO,Canada
CUST15568,Aditya Verma,Washington,DC,United Kingdom
CUST15569,Vivaan Sharma,Philadelphia,PA,Canada
CUST15570,Aarav Sharma,Dallas,TX,United Kingdom
CUST15571,Arjun Sharma,New York,NY,India
CUST15572,Sahil Reddy,Austin,TX,United Kingdom
CUST15573,Sahil Mehta,Columbus,OH,United Kingdom
CUST15574,Karan Patel,Denver,CO,Canada
CUST15575,Rohit Mehta,San Diego,CA,United Kingdom
CUST15576,Sneha Kapoor,San Antonio,TX,India
CUST15577,Karan Kumar,Dallas,TX,Canada
CUST15578,Ritika Singh,Dallas,TX,Australia
CUST15579,Anjali Reddy,Austin,TX,Australia
CUST15580,Aditya Joshi,San Antonio,TX,Australia
CUST15581,Priya Mehta,Seattle,WA,Canada
CUST15582,Sneha Sharma,Denver,CO,India
CUST15583,Kabir Joshi,Los Angeles,CA,Canada
CUST15584,Sahil Patel,Phoenix,AZ,Canada
CUST15585,Simran Verma,Dallas,TX,Australia
CUST15586,Rohit Joshi,Fort Worth,TX,United Kingdom
CUST15587,Pooja Patel,Fort Worth,TX,Canada
CUST15588,Ritika Gupta,New York,NY,Australia
CUST15589,Karan Gupta,Philadelphia,PA,Australia
CUST15590,Mohit Singh,Chicago,IL,United Kingdom
CUST15591,Sunita Singh,Los Angeles,CA,Canada
CUST15592,Aditya Kapoor,Columbus,OH,Canada
CUST15593,Arjun Joshi,Philadelphia,PA,Australia
CUST15594,Vikas Sharma,New York,NY,Canada
CUST15595,Vikas Verma,Seattle,WA,Australia
CUST15596,Rohit Joshi,Phoenix,AZ,Canada
CUST15597,Vikas Gupta,San Diego,CA,Australia
CUST15598,Priya Kapoor,New York,NY,Australia
CUST15599,Sunita Sharma,Philadelphia,PA,India
CUST15600,Rohit Kapoor,Houston,TX,United Kingdom
CUST15601,Sneha Singh,Jacksonville,FL,India
CUST15602,Pooja Verma,Jacksonville,FL,Canada
CUST15603,Sunita Mehta,Columbus,OH,Canada
CUST15604,Simran Joshi,Philadelphia,PA,Canada
CUST15605,Mohit Singh,Columbus,OH,United Kingdom
CUST15606,Sneha Gupta,Los Angeles,CA,Australia
CUST15607,Neha Kumar,Washington,DC,Australia
CUST15608,Neha Mehta,Seattle,WA,Australia
CUST15609,Sunita Verma,San Antonio,TX,Canada
CUST15610,Mohit Kapoor,Philadelphia,PA,United Kingdom
CUST15611,Kabir Kumar,San Diego,CA,Canada
CUST15612,Aarav Gupta,Austin,TX,Australia
CUST15613,Karan Gupta,San Antonio,TX,United Kingdom
CUST15614,Simran Mehta,San Jose,CA,Australia
CUST15615,Vivaan Reddy,Indianapolis,IN,United Kingdom
CUST15616,Sunita Singh,Philadelphia,PA,United Kingdom
CUST15617,Aditya Singh,Seattle,WA,Canada
CUST15618,Sahil Mehta,Philadelphia,PA,Canada
CUST15619,Neha Verma,Columbus,OH,Australia
CUST15620,Sahil Joshi,San Francisco,CA,United Kingdom
CUST15621,Sneha Joshi,Fort Worth,TX,Canada
CUST15622,Simran Reddy,San Antonio,TX,United Kingdom
CUST15623,Vihaan Sharma,San Francisco,CA,Australia
CUST15624,Sneha Reddy,Phoenix,AZ,India
CUST15625,Karan Reddy,Chicago,IL,Canada
CUST15626,Vihaan Sharma,Dallas,TX,Australia
CUST15627,Simran Reddy,Jacksonville,FL,United Kingdom
CUST15628,Vikas Reddy,San Francisco,CA,Australia
CUST15629,Simran Kapoor,Washington,DC,Australia
CUST15630,Vihaan Kapoor,San Jose,CA,Canada
CUST15631,Priya Kumar,San Francisco,CA,India
CUST15632,Aarav Reddy,Columbus,OH,Canada
CUST15633,Rohit Kumar,San Diego,CA,Australia
CUST15634,Aarav Sharma,San Diego,CA,Australia
CUST15635,Sneha Mehta,Washington,DC,Australia
CUST15636,Arjun Sharma,San Antonio,TX,United Kingdom
CUST15637,Vikas Verma,Columbus,OH,Canada
CUST15638,Aditya Patel,Los Angeles,CA,India
CUST15639,Sahil Mehta,Austin,TX,United Kingdom
CUST15640,Sahil Singh,Washington,DC,Canada
CUST15641,Aarav Reddy,Charlotte,NC,Australia
CUST15642,Sunita Sharma,San Jose,CA,Australia
CUST15643,Simran Kumar,Los Angeles,CA,United Kingdom
CUST15644,Anjali Joshi,Philadelphia,PA,United Kingdom
CUST15645,Vikas Kumar,San Diego,CA,Australia
CUST15646,Pooja Verma,Austin,TX,Canada
CUST15647,Aman Mehta,Houston,TX,Australia
CUST15648,Vikas Kapoor,Dallas,TX,Australia
CUST15649,Anjali Mehta,Indianapolis,IN,Australia
CUST15650,Arjun Kapoor,Philadelphia,PA,United Kingdom
CUST15651,Aman Joshi,Houston,TX,Canada
CUST15652,Aarav Gupta,Charlotte,NC,Canada
CUST15653,Sahil Verma,Fort Worth,TX,Australia
CUST15654,Sahil Kumar,Washington,DC,Australia
CUST15655,Kabir Mehta,Austin,TX,Australia
CUST15656,Vikas Verma,Los Angeles,CA,India
CUST15657,Simran Sharma,Jacksonville,FL,United Kingdom
CUST15658,Kabir Reddy,Fort Worth,TX,Australia
CUST15659,Rohit Gupta,Columbus,OH,Australia
CUST15660,Anjali Gupta,Phoenix,AZ,Australia
CUST15661,Sunita Patel,San Diego,CA,Australia
CUST15662,Mohit Joshi,Houston,TX,Australia
CUST15663,Sahil Reddy,Phoenix,AZ,United Kingdom
CUST15664,Sahil Joshi,San Antonio,TX,Canada
CUST15665,Vikas Sharma,Indianapolis,IN,Canada
CUST15666,Kabir Gupta,San Antonio,TX,India
CUST15667,Mohit Joshi,Los Angeles,CA,Canada
CUST15668,Aarav Singh,San Antonio,TX,Canada
CUST15669,Mohit Kapoor,Los Angeles,CA,Australia
CUST15670,Rohit Singh,San Antonio,TX,United Kingdom
CUST15671,Sneha Kumar,Phoenix,AZ,India
CUST15672,Karan Reddy,Denver,CO,Australia
CUST15673,Karan Kumar,Dallas,TX,Australia
CUST15674,Simran Gupta,Jacksonville,FL,United Kingdom
CUST15675,Vihaan Verma,Denver,CO,Canada
CUST15676,Neha Joshi,Los Angeles,CA,Australia
CUST15677,Simran Joshi,Seattle,WA,Canada
CUST15678,Pooja Sharma,Austin,TX,Australia
CUST15679,Karan Singh,Los Angeles,CA,United Kingdom
CUST15680,Vivaan Mehta,Philadelphia,PA,Australia
CUST15681,Simran Patel,Los Angeles,CA,Australia
CUST15682,Arjun Mehta,San Jose,CA,Canada
CUST15683,Aarav Singh,San Jose,CA,Canada
CUST15684,Aman Singh,Dallas,TX,United Kingdom
CUST15685,Pooja Verma,Philadelphia,PA,Australia
CUST15686,Anjali Patel,Houston,TX,Canada
CUST15687,Aditya Joshi,Dallas,TX,United Kingdom
CUST15688,Aman Singh,Jacksonville,FL,India
CUST15689,Sahil Sharma,Washington,DC,Canada
CUST15690,Neha Singh,San Francisco,CA,Canada
CUST15691,Rohit Kumar,Charlotte,NC,Australia
CUST15692,Sahil Verma,Seattle,WA,Australia
CUST15693,Simran Kumar,San Antonio,TX,Australia
CUST15694,Neha Verma,Chicago,IL,United Kingdom
CUST15695,Aarav Gupta,San Jose,CA,Australia
CUST15696,Vihaan Singh,Jacksonville,FL,United Kingdom
CUST15697,Ritika Joshi,Phoenix,AZ,Canada
CUST15698,Vivaan Sharma,Seattle,WA,United Kingdom
CUST15699,Arjun Sharma,Philadelphia,PA,India
CUST15700,Sunita Joshi,Charlotte,NC,India
CUST15701,Vikas Gupta,Charlotte,NC,Canada
CUST15702,Sahil Patel,Columbus,OH,Australia
CUST15703,Simran Gupta,Washington,DC,Canada
CUST15704,Aditya Mehta,Indianapolis,IN,United Kingdom
CUST15705,Sneha Verma,Seattle,WA,United Kingdom
CUST15706,Kabir Sharma,San Francisco,CA,Canada
CUST15707,Aman Joshi,Charlotte,NC,Canada
CUST15708,Vikas Kumar,Jacksonville,FL,Australia
CUST15709,Sneha Kumar,Fort Worth,TX,Canada
CUST15710,Aman Gupta,Philadelphia,PA,United Kingdom
CUST15711,Sneha Sharma,Washington,DC,India
CUST15712,Kabir Kumar,San Antonio,TX,United Kingdom
CUST15713,Aditya Gupta,San Francisco,CA,United Kingdom
CUST15714,Aarav Kumar,San Antonio,TX,India
CUST15715,Vikas Sharma,Seattle,WA,Canada
CUST15716,Pooja Joshi,Washington,DC,Australia
CUST15717,Ritika Kapoor,Fort Worth,TX,Australia
CUST15718,Mohit Sharma,San Francisco,CA,Canada
CUST15719,Aditya Singh,San Jose,CA,Canada
CUST15720,Vivaan Mehta,Indianapolis,IN,United Kingdom
CUST15721,Pooja Singh,Denver,CO,Canada
CUST15722,Rohit Reddy,San Diego,CA,India
CUST15723,Priya Patel,San Francisco,CA,Canada
CUST15724,Simran Reddy,Fort Worth,TX,Australia
CUST15725,Vikas Verma,San Diego,CA,Canada
CUST15726,Aman Joshi,Houston,TX,United Kingdom
CUST15727,Aditya Mehta,Houston,TX,United Kingdom
CUST15728,Simran Kumar,Seattle,WA,United Kingdom
CUST15729,Arjun Joshi,San Francisco,CA,Australia
CUST15730,Sunita Patel,San Jose,CA,Canada
CUST15731,Mohit Joshi,Dallas,TX,United Kingdom
CUST15732,Sahil Reddy,Seattle,WA,Australia
CUST15733,Vivaan Gupta,Los Angeles,CA,Canada
CUST15734,Aman Reddy,Los Angeles,CA,Canada
CUST15735,Arjun Joshi,San Jose,CA,United Kingdom
CUST15736,Vikas Verma,Dallas,TX,Australia
CUST15737,Simran Gupta,Fort Worth,TX,United Kingdom
CUST15738,Ritika Verma,Los Angeles,CA,United Kingdom
CUST15739,Aditya Joshi,Austin,TX,United Kingdom
CUST15740,Aman Joshi,Washington,DC,Canada
CUST15741,Pooja Singh,San Francisco,CA,Canada
CUST15742,Sunita Sharma,Columbus,OH,Canada
CUST15743,Anjali Kapoor,Seattle,WA,India
CUST15744,Karan Reddy,San Jose,CA,Australia
CUST15745,Simran Sharma,Washington,DC,United Kingdom
CUST15746,Neha Singh,Philadelphia,PA,India
CUST15747,Anjali Kapoor,Jacksonville,FL,Canada
CUST15748,Rohit Reddy,Dallas,TX,Australia
CUST15749,Sunita Joshi,Charlotte,NC,United Kingdom
CUST15750,Anjali Reddy,Jacksonville,FL,Canada
CUST15751,Vivaan Mehta,San Diego,CA,United Kingdom
CUST15752,Sahil Joshi,Indianapolis,IN,Australia
CUST15753,Aman Gupta,Jacksonville,FL,Australia
CUST15754,Ritika Singh,Denver,CO,United Kingdom
CUST15755,Vikas Verma,San Jose,CA,Australia
CUST15756,Aarav Kumar,Austin,TX,India
CUST15757,Ritika Kumar,Dallas,TX,Canada
CUST15758,Sneha Reddy,Los Angeles,CA,United Kingdom
CUST15759,Aarav Kumar,San Diego,CA,United Kingdom
CUST15760,Pooja Kapoor,San Antonio,TX,Canada
CUST15761,Ritika Gupta,Columbus,OH,United Kingdom
CUST15762,Arjun Kumar,Indianapolis,IN,India
CUST15763,Neha Joshi,Austin,TX,United Kingdom
CUST15764,Vihaan Patel,Fort Worth,TX,United Kingdom
CUST15765,Mohit Joshi,Fort Worth,TX,Australia
CUST15766,Neha Reddy,Dallas,TX,Canada
CUST15767,Rohit Reddy,Austin,TX,United Kingdom
CUST15768,Vikas Kapoor,Chicago,IL,Canada
CUST15769,Priya Verma,Dallas,TX,Canada
CUST15770,Sahil Kumar,Chicago,IL,Australia
CUST15771,Simran Gupta,Dallas,TX,United Kingdom
CUST15772,Vivaan Kumar,Charlotte,NC,Canada
CUST15773,Aarav Gupta,Fort Worth,TX,Australia
CUST15774,Sahil Verma,San Antonio,TX,Canada
CUST15775,Pooja Mehta,New York,NY,Australia
CUST15776,Aarav Sharma,Philadelphia,PA,India
CUST15777,Pooja Kapoor,Houston,TX,Australia
CUST15778,Simran Mehta,Houston,TX,Canada
CUST15779,Arjun Kapoor,Dallas,TX,United Kingdom
CUST15780,Neha Patel,Jacksonville,FL,United Kingdom
CUST15781,Mohit Verma,Columbus,OH,United Kingdom
CUST15782,Sahil Kapoor,Fort Worth,TX,United Kingdom
CUST15783,Vikas Mehta,New York,NY,Australia
CUST15784,Sneha Gupta,Jacksonville,FL,Australia
CUST15785,Ritika Gupta,Houston,TX,United Kingdom
CUST15786,Sahil Mehta,Phoenix,AZ,Canada
CUST15787,Priya Mehta,Jacksonville,FL,United Kingdom
CUST15788,Rohit Mehta,Houston,TX,Australia
CUST15789,Kabir Sharma,San Diego,CA,United Kingdom
CUST15790,Pooja Mehta,Seattle,WA,India
CUST15791,Priya Sharma,Seattle,WA,Canada
CUST15792,Karan Kumar,Chicago,IL,United Kingdom
CUST15793,Arjun Singh,San Antonio,TX,United Kingdom
CUST15794,Vihaan Singh,Philadelphia,PA,Australia
CUST15795,Vikas Sharma,Houston,TX,United Kingdom
CUST15796,Priya Kapoor,Indianapolis,IN,United Kingdom
CUST15797,Sahil Singh,Fort Worth,TX,United Kingdom
CUST15798,Pooja Reddy,San Jose,CA,United Kingdom
CUST15799,Vihaan Patel,New York,NY,United Kingdom
CUST15800,Aarav Kumar,Chicago,IL,United Kingdom
CUST15801,Rohit Joshi,Houston,TX,Australia
CUST15802,Aman Joshi,Los Angeles,CA,Canada
CUST15803,Pooja Kumar,Denver,CO,United Kingdom
CUST15804,Neha Mehta,Indianapolis,IN,Australia
CUST15805,Kabir Singh,New York,NY,Canada
CUST15806,Ritika Gupta,Jacksonville,FL,Canada
CUST15807,Arjun Kumar,Dallas,TX,United Kingdom
CUST15808,Anjali Reddy,Denver,CO,United Kingdom
CUST15809,Aarav Sharma,Houston,TX,Canada
CUST15810,Vihaan Patel,Los Angeles,CA,Canada
CUST15811,Sahil Reddy,Chicago,IL,Australia
CUST15812,Arjun Sharma,Phoenix,AZ,India
CUST15813,Anjali Reddy,San Francisco,CA,Canada
CUST15814,Ritika Joshi,Houston,TX,United Kingdom
CUST15815,Vikas Kumar,Phoenix,AZ,Canada
CUST15816,Vikas Singh,Columbus,OH,United Kingdom
CUST15817,Ritika Kapoor,Jacksonville,FL,Canada
CUST15818,Vihaan Kumar,Indianapolis,IN,Canada
CUST15819,Sunita Gupta,Chicago,IL,United Kingdom
CUST15820,Rohit Reddy,San Antonio,TX,Canada
CUST15821,Ritika Patel,San Antonio,TX,United Kingdom
CUST15822,Sunita Sharma,Seattle,WA,India
CUST15823,Karan Kapoor,Columbus,OH,Australia
CUST15824,Vikas Kumar,San Antonio,TX,United Kingdom
CUST15825,Mohit Patel,Austin,TX,India
CUST15826,Karan Reddy,Philadelphia,PA,Canada
CUST15827,Vivaan Gupta,San Francisco,CA,Canada
CUST15828,Aditya Singh,San Francisco,CA,Canada
CUST15829,Rohit Gupta,Austin,TX,United Kingdom
CUST15830,Sahil Patel,Denver,CO,Australia
CUST15831,Aditya Sharma,Charlotte,NC,Australia
CUST15832,Sahil Kumar,San Jose,CA,United Kingdom
CUST15833,Arjun Patel,Charlotte,NC,Australia
CUST15834,Vihaan Sharma,Jacksonville,FL,Canada
CUST15835,Aman Sharma,Washington,DC,India
CUST15836,Karan Kapoor,Chicago,IL,Canada
CUST15837,Ritika Verma,Fort Worth,TX,Canada
CUST15838,Vivaan Reddy,Austin,TX,Canada
CUST15839,Sunita Verma,Philadelphia,PA,United Kingdom
CUST15840,Neha Gupta,Indianapolis,IN,United Kingdom
CUST15841,Rohit Mehta,Seattle,WA,Canada
CUST15842,Priya Mehta,Los Angeles,CA,Canada
CUST15843,Sneha Kumar,Philadelphia,PA,Canada
CUST15844,Rohit Kumar,Philadelphia,PA,India
CUST15845,Pooja Kapoor,Charlotte,NC,United Kingdom
CUST15846,Rohit Kumar,Phoenix,AZ,Australia
CUST15847,Vihaan Patel,San Francisco,CA,Australia
CUST15848,Sneha Sharma,Columbus,OH,United Kingdom
CUST15849,Mohit Patel,Houston,TX,Australia
CUST15850,Aman Kumar,New York,NY,Australia
CUST15851,Aarav Reddy,Indianapolis,IN,United Kingdom
CUST15852,Mohit Gupta,Dallas,TX,Australia
CUST15853,Kabir Singh,San Diego,CA,United Kingdom
CUST15854,Sahil Mehta,San Jose,CA,India
CUST15855,Pooja Kumar,Houston,TX,United Kingdom
CUST15856,Mohit Singh,Indianapolis,IN,United Kingdom
CUST15857,Vihaan Verma,Charlotte,NC,Canada
CUST15858,Anjali Mehta,Phoenix,AZ,Canada
CUST15859,Vivaan Sharma,Washington,DC,Canada
CUST15860,Simran Singh,Fort Worth,TX,United Kingdom
CUST15861,Sunita Kapoor,Seattle,WA,Canada
CUST15862,Aman Singh,Philadelphia,PA,Australia
CUST15863,Rohit Kapoor,Columbus,OH,Canada
CUST15864,Aditya Patel,Seattle,WA,Australia
CUST15865,Arjun Patel,San Francisco,CA,Canada
CUST15866,Rohit Sharma,Seattle,WA,Australia
CUST15867,Sahil Kapoor,Los Angeles,CA,Canada
CUST15868,Vikas Sharma,San Francisco,CA,United Kingdom
CUST15869,Anjali Kapoor,San Jose,CA,Canada
CUST15870,Karan Gupta,Houston,TX,United Kingdom
CUST15871,Ritika Singh,Fort Worth,TX,Canada
CUST15872,Kabir Patel,Seattle,WA,Canada
CUST15873,Vivaan Singh,Austin,TX,Australia
CUST15874,Neha Singh,Philadelphia,PA,Canada
CUST15875,Vihaan Kumar,San Jose,CA,Canada
CUST15876,Aman Kumar,San Diego,CA,India
CUST15877,Vihaan Kumar,Indianapolis,IN,United Kingdom
CUST15878,Sneha Kapoor,Indianapolis,IN,Canada
CUST15879,Arjun Singh,Fort Worth,TX,United Kingdom
CUST15880,Mohit Mehta,Dallas,TX,India
CUST15881,Vikas Joshi,San Antonio,TX,Australia
CUST15882,Aditya Sharma,Indianapolis,IN,Canada
CUST15883,Sneha Verma,Denver,CO,Australia
CUST15884,Rohit Patel,Dallas,TX,Australia
CUST15885,Anjali Patel,San Antonio,TX,Canada
CUST15886,Sahil Mehta,Austin,TX,Australia
CUST15887,Mohit Gupta,Charlotte,NC,Canada
CUST15888,Vivaan Verma,Charlotte,NC,United Kingdom
CUST15889,Mohit Sharma,Phoenix,AZ,United Kingdom
CUST15890,Mohit Gupta,Columbus,OH,United Kingdom
CUST15891,Priya Singh,Charlotte,NC,United Kingdom
CUST15892,Sahil Singh,Indianapolis,IN,Canada
CUST15893,Ritika Singh,Columbus,OH,Canada
CUST15894,Neha Singh,Phoenix,AZ,Canada
CUST15895,Arjun Verma,Denver,CO,Canada
CUST15896,Vikas Kapoor,Seattle,WA,India
CUST15897,Sunita Patel,Chicago,IL,United Kingdom
CUST15898,Vihaan Singh,New York,NY,Australia
CUST15899,Aman Kapoor,Chicago,IL,United Kingdom
CUST15900,Sneha Verma,Dallas,TX,Canada
CUST15901,Sunita Kapoor,San Jose,CA,Canada
CUST15902,Vihaan Mehta,Charlotte,NC,Australia
CUST15903,Sunita Kapoor,San Francisco,CA,United Kingdom
CUST15904,Vihaan Mehta,Chicago,IL,Canada
CUST15905,Vivaan Joshi,Jacksonville,FL,United Kingdom
CUST15906,Neha Singh,Charlotte,NC,Canada
CUST15907,Aarav Kapoor,New York,NY,India
CUST15908,Simran Patel,Columbus,OH,India
CUST15909,Rohit Joshi,Fort Worth,TX,Australia
CUST15910,Priya Joshi,Denver,CO,United Kingdom
CUST15911,Vikas Kapoor,San Jose,CA,United Kingdom
CUST15912,Aarav Sharma,San Antonio,TX,United Kingdom
CUST15913,Priya Mehta,Phoenix,AZ,United Kingdom
CUST15914,Karan Kapoor,San Jose,CA,Australia
CUST15915,Ritika Kapoor,San Jose,CA,India
CUST15916,Sneha Sharma,Denver,CO,Australia
CUST15917,Vihaan Joshi,San Francisco,CA,Canada
CUST15918,Pooja Kapoor,Seattle,WA,Australia
CUST15919,Vivaan Reddy,San Diego,CA,Australia
CUST15920,Neha Gupta,Denver,CO,Canada
CUST15921,Anjali Sharma,Chicago,IL,India
CUST15922,Arjun Verma,San Jose,CA,Australia
CUST15923,Aditya Singh,Los Angeles,CA,United Kingdom
CUST15924,Sunita Sharma,Fort Worth,TX,Canada
CUST15925,Aditya Kapoor,Chicago,IL,Canada
CUST15926,Arjun Joshi,Columbus,OH,Canada
CUST15927,Sneha Joshi,Chicago,IL,United Kingdom
CUST15928,Sahil Mehta,San Diego,CA,United Kingdom
CUST15929,Aarav Patel,New York,NY,Canada
CUST15930,Vivaan Joshi,San Antonio,TX,United Kingdom
CUST15931,Ritika Singh,Houston,TX,Australia
CUST15932,Mohit Kumar,Los Angeles,CA,United Kingdom
CUST15933,Rohit Patel,Los Angeles,CA,Canada
CUST15934,Priya Gupta,Phoenix,AZ,Canada
CUST15935,Priya Verma,Columbus,OH,Canada
CUST15936,Aarav Verma,Houston,TX,India
CUST15937,Sunita Gupta,Charlotte,NC,United Kingdom
CUST15938,Aman Sharma,Houston,TX,Canada
CUST15939,Sahil Verma,Fort Worth,TX,United Kingdom
CUST15940,Priya Singh,Dallas,TX,Canada
CUST15941,Neha Kumar,Chicago,IL,United Kingdom
CUST15942,Vivaan Sharma,Jacksonville,FL,Canada
CUST15943,Vivaan Reddy,Houston,TX,Australia
CUST15944,Karan Patel,Philadelphia,PA,United Kingdom
CUST15945,Rohit Sharma,Austin,TX,United Kingdom
CUST15946,Priya Singh,Dallas,TX,United Kingdom
CUST15947,Kabir Gupta,Columbus,OH,Canada
CUST15948,Sahil Joshi,San Jose,CA,India
CUST15949,Mohit Gupta,New York,NY,Australia
CUST15950,Sunita Reddy,Charlotte,NC,United Kingdom
CUST15951,Rohit Singh,Charlotte,NC,United Kingdom
CUST15952,Aman Singh,Philadelphia,PA,United Kingdom
CUST15953,Vikas Patel,Fort Worth,TX,Canada
CUST15954,Mohit Verma,Seattle,WA,United Kingdom
CUST15955,Ritika Verma,Seattle,WA,United Kingdom
CUST15956,Anjali Joshi,Seattle,WA,Canada
CUST15957,Vikas Singh,Washington,DC,United Kingdom
CUST15958,Aman Mehta,Jacksonville,FL,Australia
CUST15959,Rohit Joshi,San Francisco,CA,Canada
CUST15960,Sunita Sharma,Indianapolis,IN,Australia
CUST15961,Pooja Mehta,Denver,CO,Australia
CUST15962,Ritika Joshi,Austin,TX,Australia
CUST15963,Anjali Verma,Dallas,TX,United Kingdom
CUST15964,Anjali Gupta,Seattle,WA,Canada
CUST15965,Kabir Verma,Denver,CO,Australia
CUST15966,Sunita Reddy,Columbus,OH,Australia
CUST15967,Sneha Joshi,San Antonio,TX,Australia
CUST15968,Sahil Patel,Charlotte,NC,Canada
CUST15969,Simran Sharma,Philadelphia,PA,India
CUST15970,Sneha Verma,Austin,TX,United Kingdom
CUST15971,Vihaan Joshi,Austin,TX,United Kingdom
CUST15972,Aditya Patel,San Francisco,CA,Australia
CUST15973,Rohit Patel,Indianapolis,IN,United Kingdom
CUST15974,Priya Reddy,Charlotte,NC,India
CUST15975,Priya Gupta,Austin,TX,Australia
CUST15976,Ritika Sharma,Indianapolis,IN,Canada
CUST15977,Anjali Verma,Columbus,OH,United Kingdom
CUST15978,Karan Mehta,Jacksonville,FL,India
CUST15979,Aman Mehta,San Diego,CA,Australia
CUST15980,Sneha Mehta,Fort Worth,TX,Canada
CUST15981,Aman Verma,San Antonio,TX,United Kingdom
CUST15982,Aditya Mehta,Phoenix,AZ,United Kingdom
CUST15983,Ritika Verma,Los Angeles,CA,Australia
CUST15984,Kabir Mehta,Charlotte,NC,United Kingdom
CUST15985,Sunita Sharma,Columbus,OH,Australia
CUST15986,Priya Kapoor,Los Angeles,CA,Australia
CUST15987,Ritika Joshi,San Francisco,CA,Canada
CUST15988,Sahil Singh,Austin,TX,India
CUST15989,Arjun Kumar,Phoenix,AZ,Canada
CUST15990,Sneha Singh,San Antonio,TX,India
CUST15991,Aman Sharma,San Jose,CA,Australia
CUST15992,Vihaan Singh,San Antonio,TX,United Kingdom
CUST15993,Aman Patel,Philadelphia,PA,Australia
CUST15994,Vivaan Patel,Austin,TX,Canada
CUST15995,Arjun Mehta,Denver,CO,Australia
CUST15996,Ritika Reddy,Indianapolis,IN,Australia
CUST15997,Neha Joshi,Fort Worth,TX,United Kingdom
CUST15998,Vikas Kapoor,Seattle,WA,Australia
CUST15999,Aarav Singh,New York,NY,Australia
CUST16000,Sneha Singh,San Antonio,TX,United Kingdom
CUST16001,Aditya Mehta,Philadelphia,PA,Australia
CUST16002,Anjali Patel,Indianapolis,IN,United Kingdom
CUST16003,Vikas Joshi,Fort Worth,TX,United Kingdom
CUST16004,Vivaan Verma,Columbus,OH,Canada
CUST16005,Aditya Patel,Fort Worth,TX,United Kingdom
CUST16006,Sneha Singh,Washington,DC,Australia
CUST16007,Priya Kumar,Denver,CO,United Kingdom
CUST16008,Mohit Patel,Chicago,IL,United Kingdom
CUST16009,Mohit Sharma,San Jose,CA,Canada
CUST16010,Vihaan Mehta,Houston,TX,Australia
CUST16011,Priya Singh,Jacksonville,FL,Australia
CUST16012,Aman Joshi,Washington,DC,United Kingdom
CUST16013,Aditya Singh,Seattle,WA,India
CUST16014,Vikas Gupta,Indianapolis,IN,Australia
CUST16015,Vikas Kapoor,Denver,CO,Australia
CUST16016,Ritika Verma,Seattle,WA,India
CUST16017,Pooja Sharma,Los Angeles,CA,Canada
CUST16018,Simran Patel,New York,NY,United Kingdom
CUST16019,Sahil Mehta,Washington,DC,Australia
CUST16020,Pooja Sharma,Dallas,TX,Australia
CUST16021,Aditya Singh,Phoenix,AZ,United Kingdom
CUST16022,Aarav Verma,Denver,CO,United Kingdom
CUST16023,Sahil Verma,San Diego,CA,Australia
CUST16024,Aman Joshi,Denver,CO,Canada
CUST16025,Aarav Joshi,Los Angeles,CA,Australia
CUST16026,Vikas Kumar,Los Angeles,CA,United Kingdom
CUST16027,Simran Kapoor,Jacksonville,FL,United Kingdom
CUST16028,Anjali Sharma,Philadelphia,PA,United Kingdom
CUST16029,Sneha Patel,San Antonio,TX,Canada
CUST16030,Sunita Kapoor,San Antonio,TX,Canada
CUST16031,Sahil Mehta,Houston,TX,Canada
CUST16032,Sunita Reddy,Austin,TX,United Kingdom
CUST16033,Simran Reddy,Jacksonville,FL,Canada
CUST16034,Sahil Mehta,New York,NY,Canada
CUST16035,Priya Kumar,Charlotte,NC,United Kingdom
CUST16036,Aarav Gupta,Charlotte,NC,India
CUST16037,Vikas Patel,San Jose,CA,United Kingdom
CUST16038,Karan Joshi,Philadelphia,PA,Australia
CUST16039,Aditya Kumar,San Antonio,TX,Australia
CUST16040,Vihaan Singh,Seattle,WA,United Kingdom
CUST16041,Pooja Patel,Los Angeles,CA,United Kingdom
CUST16042,Pooja Kapoor,Phoenix,AZ,Canada
CUST16043,Kabir Singh,Dallas,TX,Australia
CUST16044,Sneha Kumar,Chicago,IL,Canada
CUST16045,Pooja Singh,San Antonio,TX,Australia
CUST16046,Aarav Patel,Indianapolis,IN,Australia
CUST16047,Neha Patel,Phoenix,AZ,Canada
CUST16048,Sunita Gupta,Jacksonville,FL,Australia
CUST16049,Ritika Kumar,New York,NY,India
CUST16050,Mohit Gupta,Jacksonville,FL,Canada
CUST16051,Sahil Kapoor,Houston,TX,Australia
CUST16052,Neha Joshi,San Jose,CA,Australia
CUST16053,Pooja Patel,Seattle,WA,Australia
CUST16054,Arjun Patel,San Jose,CA,United Kingdom
CUST16055,Priya Mehta,Fort Worth,TX,India
CUST16056,Ritika Kumar,Houston,TX,United Kingdom
CUST16057,Kabir Singh,Jacksonville,FL,United Kingdom
CUST16058,Pooja Reddy,Austin,TX,Australia
CUST16059,Vivaan Mehta,Columbus,OH,Canada
CUST16060,Vikas Kumar,New York,NY,India
CUST16061,Vivaan Reddy,New York,NY,Canada
CUST16062,Simran Kapoor,Seattle,WA,United Kingdom
CUST16063,Karan Gupta,Washington,DC,Canada
CUST16064,Aarav Sharma,San Jose,CA,United Kingdom
CUST16065,Sahil Joshi,San Diego,CA,United Kingdom
CUST16066,Rohit Joshi,San Francisco,CA,Australia
CUST16067,Sneha Verma,Los Angeles,CA,United Kingdom
CUST16068,Karan Reddy,Jacksonville,FL,Australia
CUST16069,Sunita Mehta,Charlotte,NC,United Kingdom
CUST16070,Ritika Singh,Denver,CO,Australia
CUST16071,Neha Mehta,Denver,CO,Canada
CUST16072,Vivaan Kapoor,Washington,DC,Australia
CUST16073,Sahil Reddy,Seattle,WA,Canada
CUST16074,Neha Patel,Columbus,OH,Canada
CUST16075,Aditya Mehta,San Diego,CA,Australia
CUST16076,Priya Patel,Washington,DC,Canada
CUST16077,Aditya Kapoor,Jacksonville,FL,Canada
CUST16078,Sunita Joshi,Phoenix,AZ,Australia
CUST16079,Aman Kumar,Fort Worth,TX,Canada
CUST16080,Simran Sharma,Indianapolis,IN,Australia
CUST16081,Mohit Patel,Seattle,WA,United Kingdom
CUST16082,Sunita Joshi,Austin,TX,Canada
CUST16083,Rohit Sharma,Philadelphia,PA,Canada
CUST16084,Vikas Singh,Columbus,OH,Canada
CUST16085,Sneha Gupta,San Diego,CA,Australia
CUST16086,Vihaan Kapoor,Washington,DC,Canada
CUST16087,Sahil Mehta,Fort Worth,TX,United Kingdom
CUST16088,Aarav Reddy,Denver,CO,Australia
CUST16089,Anjali Kumar,Columbus,OH,Canada
CUST16090,Karan Sharma,Houston,TX,Canada
CUST16091,Aarav Singh,Fort Worth,TX,India
CUST16092,Aarav Joshi,Charlotte,NC,Australia
CUST16093,Karan Sharma,Denver,CO,Australia
CUST16094,Anjali Singh,New York,NY,Australia
CUST16095,Sunita Reddy,Houston,TX,Canada
CUST16096,Sneha Mehta,Chicago,IL,India
CUST16097,Pooja Sharma,San Jose,CA,United Kingdom
CUST16098,Anjali Reddy,Chicago,IL,United Kingdom
CUST16099,Kabir Sharma,Austin,TX,Australia
CUST16100,Sunita Patel,Houston,TX,India
CUST16101,Priya Kumar,San Diego,CA,Canada
CUST16102,Vikas Singh,Indianapolis,IN,Canada
CUST16103,Arjun Mehta,Seattle,WA,India
CUST16104,Vikas Verma,Fort Worth,TX,United Kingdom
CUST16105,Sahil Kapoor,Columbus,OH,United Kingdom
CUST16106,Vivaan Joshi,Los Angeles,CA,United Kingdom
CUST16107,Vikas Patel,Seattle,WA,Canada
CUST16108,Simran Verma,Fort Worth,TX,Canada
CUST16109,Aditya Joshi,Washington,DC,Australia
CUST16110,Vihaan Verma,San Francisco,CA,United Kingdom
CUST16111,Sunita Kapoor,San Diego,CA,India
CUST16112,Sneha Sharma,Los Angeles,CA,United Kingdom
CUST16113,Neha Kapoor,Austin,TX,India
CUST16114,Vihaan Kapoor,Indianapolis,IN,India
CUST16115,Pooja Sharma,Fort Worth,TX,Australia
CUST16116,Aarav Joshi,Chicago,IL,Canada
CUST16117,Vikas Singh,Phoenix,AZ,United Kingdom
CUST16118,Aarav Singh,Philadelphia,PA,United Kingdom
CUST16119,Aman Mehta,Columbus,OH,Australia
CUST16120,Pooja Gupta,Los Angeles,CA,Australia
CUST16121,Mohit Mehta,Philadelphia,PA,India
CUST16122,Arjun Kapoor,New York,NY,Australia
CUST16123,Sahil Patel,Charlotte,NC,Australia
CUST16124,Vivaan Singh,San Antonio,TX,Canada
CUST16125,Sunita Kumar,San Antonio,TX,Australia
CUST16126,Vikas Patel,Houston,TX,Australia
CUST16127,Ritika Kapoor,Houston,TX,Australia
CUST16128,Karan Sharma,Austin,TX,United Kingdom
CUST16129,Aman Kapoor,Chicago,IL,Canada
CUST16130,Vihaan Joshi,New York,NY,United Kingdom
CUST16131,Sneha Gupta,Jacksonville,FL,United Kingdom
CUST16132,Aditya Reddy,Columbus,OH,Australia
CUST16133,Aarav Joshi,Washington,DC,United Kingdom
CUST16134,Sneha Singh,Phoenix,AZ,India
CUST16135,Karan Reddy,Fort Worth,TX,Canada
CUST16136,Arjun Joshi,Charlotte,NC,India
CUST16137,Sneha Verma,San Jose,CA,Canada
CUST16138,Priya Singh,Washington,DC,Canada
CUST16139,Sunita Sharma,Philadelphia,PA,Canada
CUST16140,Mohit Sharma,Jacksonville,FL,Australia
CUST16141,Mohit Sharma,Philadelphia,PA,India
CUST16142,Mohit Patel,Denver,CO,United Kingdom
CUST16143,Ritika Kumar,Los Angeles,CA,Australia
CUST16144,Priya Reddy,Dallas,TX,Australia
CUST16145,Vihaan Kapoor,Columbus,OH,United Kingdom
CUST16146,Pooja Patel,Philadelphia,PA,Australia
CUST16147,Simran Patel,Washington,DC,Canada
CUST16148,Arjun Patel,Philadelphia,PA,United Kingdom
CUST16149,Vivaan Gupta,Chicago,IL,India
CUST16150,Anjali Verma,Denver,CO,Canada
CUST16151,Mohit Mehta,San Diego,CA,Canada
CUST16152,Rohit Gupta,Houston,TX,Australia
CUST16153,Aarav Mehta,Austin,TX,United Kingdom
CUST16154,Pooja Kapoor,San Diego,CA,United Kingdom
CUST16155,Arjun Singh,San Jose,CA,Canada
CUST16156,Neha Singh,San Antonio,TX,United Kingdom
CUST16157,Simran Joshi,San Francisco,CA,Canada
CUST16158,Arjun Mehta,San Diego,CA,United Kingdom
CUST16159,Mohit Joshi,Washington,DC,United Kingdom
CUST16160,Vihaan Mehta,New York,NY,United Kingdom
CUST16161,Pooja Reddy,Denver,CO,Canada
CUST16162,Vihaan Singh,New York,NY,United Kingdom
CUST16163,Mohit Verma,Austin,TX,Canada
CUST16164,Arjun Reddy,Charlotte,NC,United Kingdom
CUST16165,Ritika Gupta,Seattle,WA,United Kingdom
CUST16166,Aditya Gupta,Washington,DC,Australia
CUST16167,Vivaan Reddy,Columbus,OH,Canada
CUST16168,Aditya Joshi,Columbus,OH,United Kingdom
CUST16169,Arjun Singh,Houston,TX,United Kingdom
CUST16170,Vikas Gupta,Chicago,IL,Australia
CUST16171,Aman Gupta,San Diego,CA,Canada
CUST16172,Pooja Sharma,Indianapolis,IN,Australia
CUST16173,Vihaan Kapoor,San Diego,CA,Australia
CUST16174,Kabir Singh,Los Angeles,CA,United Kingdom
CUST16175,Pooja Kapoor,Denver,CO,Australia
CUST16176,Ritika Sharma,Fort Worth,TX,Australia
CUST16177,Vivaan Gupta,Jacksonville,FL,Australia
CUST16178,Karan Sharma,Indianapolis,IN,Canada
CUST16179,Pooja Gupta,Philadelphia,PA,Canada
CUST16180,Vihaan Mehta,Jacksonville,FL,United Kingdom
CUST16181,Anjali Verma,New York,NY,United Kingdom
CUST16182,Arjun Kumar,Chicago,IL,Australia
CUST16183,Sneha Patel,Indianapolis,IN,Canada
CUST16184,Mohit Kapoor,Fort Worth,TX,Canada
CUST16185,Sunita Kumar,Washington,DC,Australia
CUST16186,Aditya Kapoor,Seattle,WA,Australia
CUST16187,Sunita Patel,Seattle,WA,Canada
CUST16188,Kabir Joshi,Denver,CO,Canada
CUST16189,Sneha Singh,Chicago,IL,Australia
CUST16190,Sneha Patel,Los Angeles,CA,Canada
CUST16191,Vivaan Singh,San Jose,CA,Canada
CUST16192,Vikas Kumar,New York,NY,Australia
CUST16193,Vivaan Kapoor,Indianapolis,IN,Australia
CUST16194,Anjali Kapoor,Phoenix,AZ,United Kingdom
CUST16195,Sunita Patel,Houston,TX,United Kingdom
CUST16196,Kabir Reddy,New York,NY,Australia
CUST16197,Mohit Patel,New York,NY,Canada
CUST16198,Pooja Kumar,Jacksonville,FL,India
CUST16199,Sahil Joshi,Dallas,TX,Canada
CUST16200,Ritika Sharma,Columbus,OH,Canada
CUST16201,Arjun Sharma,Fort Worth,TX,United Kingdom
CUST16202,Simran Kapoor,San Diego,CA,Canada
CUST16203,Karan Verma,Denver,CO,Australia
CUST16204,Sahil Kumar,San Francisco,CA,Australia
CUST16205,Ritika Kapoor,Philadelphia,PA,Australia
CUST16206,Aman Verma,Philadelphia,PA,Australia
CUST16207,Aarav Singh,Washington,DC,Canada
CUST16208,Pooja Kapoor,Fort Worth,TX,Australia
CUST16209,Pooja Verma,Denver,CO,United Kingdom
CUST16210,Neha Sharma,New York,NY,Canada
CUST16211,Arjun Sharma,Seattle,WA,Canada
CUST16212,Karan Sharma,Seattle,WA,Canada
CUST16213,Rohit Verma,Indianapolis,IN,Australia
CUST16214,Ritika Kapoor,Jacksonville,FL,United Kingdom
CUST16215,Mohit Mehta,Columbus,OH,India
CUST16216,Vihaan Patel,Chicago,IL,India
CUST16217,Karan Mehta,San Jose,CA,United Kingdom
CUST16218,Pooja Kapoor,San Jose,CA,Australia
CUST16219,Sneha Joshi,Houston,TX,United Kingdom
CUST16220,Sneha Kapoor,Seattle,WA,Canada
CUST16221,Vikas Verma,New York,NY,Australia
CUST16222,Vihaan Singh,Austin,TX,Australia
CUST16223,Sunita Verma,San Antonio,TX,United Kingdom
CUST16224,Vihaan Reddy,San Antonio,TX,Canada
CUST16225,Priya Mehta,New York,NY,India
CUST16226,Ritika Joshi,Houston,TX,Australia
CUST16227,Pooja Mehta,Fort Worth,TX,Australia
CUST16228,Vivaan Reddy,Jacksonville,FL,United Kingdom
CUST16229,Pooja Verma,Charlotte,NC,United Kingdom
CUST16230,Aditya Kumar,San Diego,CA,United Kingdom
CUST16231,Kabir Verma,San Antonio,TX,Canada
CUST16232,Aman Joshi,Columbus,OH,United Kingdom
CUST16233,Sunita Singh,Chicago,IL,United Kingdom
CUST16234,Aarav Reddy,New York,NY,United Kingdom
CUST16235,Priya Kapoor,Washington,DC,Australia
CUST16236,Kabir Reddy,Austin,TX,United Kingdom
CUST16237,Anjali Verma,Denver,CO,United Kingdom
CUST16238,Aman Reddy,Austin,TX,Australia
CUST16239,Vivaan Mehta,Dallas,TX,India
CUST16240,Rohit Singh,Phoenix,AZ,Canada
CUST16241,Arjun Singh,San Diego,CA,Canada
CUST16242,Mohit Patel,San Diego,CA,United Kingdom
CUST16243,Aman Joshi,Indianapolis,IN,United Kingdom
CUST16244,Karan Sharma,Austin,TX,India
CUST16245,Rohit Verma,Austin,TX,Australia
CUST16246,Ritika Kumar,Philadelphia,PA,Australia
CUST16247,Rohit Mehta,Columbus,OH,Australia
CUST16248,Neha Mehta,New York,NY,United Kingdom
CUST16249,Neha Mehta,Columbus,OH,Australia
CUST16250,Vivaan Verma,San Antonio,TX,Australia
CUST16251,Sahil Patel,Jacksonville,FL,Canada
CUST16252,Mohit Gupta,Austin,TX,Australia
CUST16253,Mohit Verma,Washington,DC,Australia
CUST16254,Neha Kumar,Houston,TX,India
CUST16255,Vikas Joshi,Fort Worth,TX,Australia
CUST16256,Kabir Patel,Columbus,OH,Canada
CUST16257,Ritika Gupta,Dallas,TX,Canada
CUST16258,Aditya Gupta,New York,NY,Canada
CUST16259,Vikas Kapoor,Fort Worth,TX,United Kingdom
CUST16260,Rohit Joshi,San Jose,CA,Australia
CUST16261,Vihaan Patel,Denver,CO,Australia
CUST16262,Karan Sharma,San Francisco,CA,Canada
CUST16263,Neha Joshi,Indianapolis,IN,Australia
CUST16264,Anjali Joshi,Philadelphia,PA,Australia
CUST16265,Vikas Sharma,San Diego,CA,Australia
CUST16266,Aarav Joshi,Austin,TX,United Kingdom
CUST16267,Kabir Gupta,Charlotte,NC,Australia
CUST16268,Aman Joshi,Austin,TX,Canada
CUST16269,Aman Reddy,Philadelphia,PA,Australia
CUST16270,Kabir Singh,Austin,TX,United Kingdom
CUST16271,Vihaan Reddy,Dallas,TX,Australia
CUST16272,Vivaan Patel,Phoenix,AZ,Australia
CUST16273,Rohit Kumar,Denver,CO,United Kingdom
CUST16274,Vikas Reddy,New York,NY,Canada
CUST16275,Vikas Kumar,Indianapolis,IN,Australia
CUST16276,Karan Reddy,Indianapolis,IN,Australia
CUST16277,Sahil Kumar,Phoenix,AZ,Canada
CUST16278,Rohit Reddy,Philadelphia,PA,Canada
CUST16279,Aarav Singh,Charlotte,NC,United Kingdom
CUST16280,Sahil Kapoor,San Francisco,CA,Australia
CUST16281,Mohit Verma,San Antonio,TX,United Kingdom
CUST16282,Aarav Kumar,San Diego,CA,India
CUST16283,Sahil Kumar,Fort Worth,TX,Australia
CUST16284,Pooja Verma,San Diego,CA,United Kingdom
CUST16285,Vivaan Kapoor,Denver,CO,United Kingdom
CUST16286,Ritika Kumar,Columbus,OH,Australia
CUST16287,Anjali Verma,Houston,TX,Australia
CUST16288,Pooja Kapoor,Austin,TX,United Kingdom
CUST16289,Anjali Patel,Los Angeles,CA,India
CUST16290,Pooja Joshi,Los Angeles,CA,Australia
CUST16291,Aarav Kumar,Jacksonville,FL,Australia
CUST16292,Neha Singh,Washington,DC,Canada
CUST16293,Simran Sharma,San Jose,CA,Canada
CUST16294,Aman Verma,Austin,TX,Australia
CUST16295,Ritika Reddy,Indianapolis,IN,Canada
CUST16296,Arjun Verma,Phoenix,AZ,Canada
CUST16297,Sunita Sharma,Los Angeles,CA,United Kingdom
CUST16298,Arjun Kumar,Houston,TX,Canada
CUST16299,Mohit Reddy,Philadelphia,PA,United Kingdom
CUST16300,Kabir Kumar,Phoenix,AZ,Australia
CUST16301,Sneha Patel,Denver,CO,United Kingdom
CUST16302,Mohit Kapoor,Columbus,OH,Australia
CUST16303,Priya Sharma,Indianapolis,IN,Australia
CUST16304,Simran Patel,Fort Worth,TX,Australia
CUST16305,Mohit Verma,Phoenix,AZ,United Kingdom
CUST16306,Sahil Sharma,Dallas,TX,Australia
CUST16307,Karan Mehta,Los Angeles,CA,Australia
CUST16308,Karan Gupta,Indianapolis,IN,Australia
CUST16309,Aarav Patel,Dallas,TX,United Kingdom
CUST16310,Sahil Joshi,Austin,TX,Canada
CUST16311,Sneha Verma,Fort Worth,TX,United Kingdom
CUST16312,Ritika Mehta,Chicago,IL,Canada
CUST16313,Kabir Singh,Washington,DC,Canada
CUST16314,Anjali Reddy,Indianapolis,IN,United Kingdom
CUST16315,Sneha Patel,Dallas,TX,Canada
CUST16316,Vikas Joshi,Seattle,WA,United Kingdom
CUST16317,Aditya Reddy,San Diego,CA,United Kingdom
CUST16318,Neha Mehta,Washington,DC,Australia
CUST16319,Simran Kumar,Charlotte,NC,Australia
CUST16320,Vihaan Patel,Indianapolis,IN,Canada
CUST16321,Sahil Joshi,Charlotte,NC,Australia
CUST16322,Anjali Gupta,Fort Worth,TX,Canada
CUST16323,Neha Kumar,Columbus,OH,United Kingdom
CUST16324,Vihaan Singh,Chicago,IL,United Kingdom
CUST16325,Aditya Sharma,Dallas,TX,Australia
CUST16326,Aman Kumar,Washington,DC,United Kingdom
CUST16327,Sneha Patel,Seattle,WA,Australia
CUST16328,Vikas Gupta,Houston,TX,Canada
CUST16329,Aarav Patel,Austin,TX,Canada
CUST16330,Priya Singh,San Antonio,TX,Australia
CUST16331,Vikas Singh,Charlotte,NC,India
CUST16332,Aman Gupta,San Antonio,TX,United Kingdom
CUST16333,Aarav Patel,New York,NY,Australia
CUST16334,Priya Kapoor,San Jose,CA,Canada
CUST16335,Aarav Verma,San Francisco,CA,United Kingdom
CUST16336,Neha Joshi,Denver,CO,United Kingdom
CUST16337,Rohit Mehta,Los Angeles,CA,India
CUST16338,Aarav Kapoor,Washington,DC,Canada
CUST16339,Simran Mehta,San Jose,CA,Canada
CUST16340,Pooja Patel,Washington,DC,United Kingdom
CUST16341,Sahil Kapoor,Philadelphia,PA,India
CUST16342,Vikas Kapoor,Indianapolis,IN,United Kingdom
CUST16343,Aarav Kapoor,San Antonio,TX,Canada
CUST16344,Sahil Singh,Denver,CO,Australia
CUST16345,Kabir Kapoor,New York,NY,Australia
CUST16346,Priya Verma,San Antonio,TX,Australia
CUST16347,Kabir Gupta,Jacksonville,FL,United Kingdom
CUST16348,Karan Singh,San Diego,CA,Canada
CUST16349,Ritika Gupta,Fort Worth,TX,United Kingdom
CUST16350,Simran Joshi,San Jose,CA,Australia
CUST16351,Mohit Patel,Phoenix,AZ,Australia
